/*
 * BitMapData.c
 *
 *  Created on: Nov 19, 2024
 *      Author: Donald Swearingen
 */

#include "BitMapData.h"
#include <pgmspace.h>

/******************
* PROGMEM Storage *
*******************
*
*/

PROGMEM uint8_t HomeIcon_35x35[] = {
        0x42, 0x4D, 0xFC, 0x0E, 0x00, 0x00, 0x00, 0x00, 0x00, 0x00, 0x36, 0x00, 0x00, 0x00, 0x28, 0x00,
        0x00, 0x00, 0x23, 0x00, 0x00, 0x00, 0xDD, 0xFF, 0xFF, 0xFF, 0x01, 0x00, 0x18, 0x00, 0x00, 0x00,
        0x00, 0x00, 0xC6, 0x0E, 0x00, 0x00, 0x23, 0x2E, 0x00, 0x00, 0x23, 0x2E, 0x00, 0x00, 0x00, 0x00,
        0x00, 0x00, 0x00, 0x00, 0x00, 0x00, 0x00, 0x45, 0xFF, 0x00, 0x45, 0xFF, 0x00, 0x45, 0xFF, 0x00,
        0x45, 0xFF, 0x00, 0x45, 0xFF, 0x00, 0x45, 0xFF, 0x00, 0x45, 0xFF, 0x00, 0x45, 0xFF, 0x00, 0x45,
        0xFF, 0x00, 0x45, 0xFF, 0x00, 0x45, 0xFF, 0x00, 0x45, 0xFF, 0x00, 0x45, 0xFF, 0x00, 0x45, 0xFF,
        0x00, 0x45, 0xFF, 0x00, 0x45, 0xFF, 0x00, 0x45, 0xFF, 0x00, 0x45, 0xFF, 0x00, 0x45, 0xFF, 0x00,
        0x45, 0xFF, 0x00, 0x45, 0xFF, 0x00, 0x45, 0xFF, 0x00, 0x45, 0xFF, 0x00, 0x45, 0xFF, 0x00, 0x45,
        0xFF, 0x00, 0x45, 0xFF, 0x00, 0x45, 0xFF, 0x00, 0x45, 0xFF, 0x00, 0x45, 0xFF, 0x00, 0x45, 0xFF,
        0x00, 0x45, 0xFF, 0x00, 0x45, 0xFF, 0x00, 0x45, 0xFF, 0x00, 0x45, 0xFF, 0x00, 0x45, 0xFF, 0x79,
        0x87, 0x3F, 0x00, 0x45, 0xFF, 0x00, 0x45, 0xFF, 0x00, 0x45, 0xFF, 0x00, 0x45, 0xFF, 0x00, 0x45,
        0xFF, 0x00, 0x45, 0xFF, 0x00, 0x45, 0xFF, 0x00, 0x45, 0xFF, 0x00, 0x45, 0xFF, 0x00, 0x45, 0xFF,
        0x00, 0x45, 0xFF, 0x00, 0x45, 0xFF, 0x00, 0x45, 0xFF, 0x00, 0x45, 0xFF, 0x00, 0x45, 0xFF, 0x00,
        0x45, 0xFF, 0x00, 0x45, 0xFF, 0x00, 0x45, 0xFF, 0x00, 0x45, 0xFF, 0x00, 0x45, 0xFF, 0x00, 0x45,
        0xFF, 0x00, 0x45, 0xFF, 0x00, 0x45, 0xFF, 0x00, 0x45, 0xFF, 0x00, 0x45, 0xFF, 0x00, 0x45, 0xFF,
        0x00, 0x45, 0xFF, 0x00, 0x45, 0xFF, 0x00, 0x45, 0xFF, 0x00, 0x45, 0xFF, 0x00, 0x45, 0xFF, 0x00,
        0x45, 0xFF, 0x00, 0x45, 0xFF, 0x00, 0x45, 0xFF, 0x00, 0x45, 0xFF, 0x8A, 0x7E, 0x3F, 0x00, 0x45,
        0xFF, 0x00, 0x45, 0xFF, 0x00, 0x45, 0xFF, 0x00, 0x45, 0xFF, 0x00, 0x45, 0xFF, 0x00, 0x45, 0xFF,
        0x00, 0x45, 0xFF, 0x00, 0x45, 0xFF, 0x00, 0x45, 0xFF, 0x00, 0x45, 0xFF, 0x00, 0x45, 0xFF, 0x00,
        0x45, 0xFF, 0x00, 0x45, 0xFF, 0x00, 0x45, 0xFF, 0x00, 0x45, 0xFF, 0x00, 0x45, 0xFF, 0x00, 0x45,
        0xFF, 0x00, 0x45, 0xFF, 0x00, 0x45, 0xFF, 0x00, 0x45, 0xFF, 0x00, 0x45, 0xFF, 0x00, 0x45, 0xFF,
        0x00, 0x45, 0xFF, 0x00, 0x45, 0xFF, 0x00, 0x45, 0xFF, 0x00, 0x45, 0xFF, 0x00, 0x45, 0xFF, 0x00,
        0x45, 0xFF, 0x00, 0x45, 0xFF, 0x00, 0x45, 0xFF, 0x00, 0x45, 0xFF, 0x00, 0x45, 0xFF, 0x00, 0x45,
        0xFF, 0x00, 0x45, 0xFF, 0x00, 0x45, 0xFF, 0x22, 0xC4, 0xBE, 0x00, 0x45, 0xFF, 0x00, 0x45, 0xFF,
        0x00, 0x45, 0xFF, 0x00, 0x45, 0xFF, 0x00, 0x45, 0xFF, 0x00, 0x45, 0xFF, 0x00, 0x45, 0xFF, 0x00,
        0x45, 0xFF, 0x00, 0x45, 0xFF, 0x00, 0x45, 0xFF, 0x00, 0x45, 0xFF, 0x00, 0x45, 0xFF, 0x00, 0x45,
        0xFF, 0x00, 0x45, 0xFF, 0x00, 0x45, 0xFF, 0x00, 0x45, 0xFF, 0x00, 0x45, 0xFF, 0x00, 0x45, 0xFF,
        0x00, 0x45, 0xFF, 0x00, 0x45, 0xFF, 0x00, 0x45, 0xFF, 0x00, 0x45, 0xFF, 0x00, 0x45, 0xFF, 0x00,
        0x45, 0xFF, 0x00, 0x45, 0xFF, 0x00, 0x45, 0xFF, 0x00, 0x45, 0xFF, 0x00, 0x45, 0xFF, 0x00, 0x45,
        0xFF, 0x00, 0x45, 0xFF, 0x00, 0x45, 0xFF, 0x00, 0x45, 0xFF, 0x00, 0x45, 0xFF, 0x00, 0x45, 0xFF,
        0x00, 0x45, 0xFF, 0x5E, 0x70, 0x3F, 0x00, 0x45, 0xFF, 0x00, 0x45, 0xFF, 0x00, 0x45, 0xFF, 0x00,
        0x45, 0xFF, 0x00, 0x45, 0xFF, 0x00, 0x45, 0xFF, 0x00, 0x45, 0xFF, 0x00, 0x45, 0xFF, 0x00, 0x45,
        0xFF, 0x00, 0x45, 0xFF, 0x00, 0x45, 0xFF, 0x00, 0x45, 0xFF, 0x00, 0x45, 0xFF, 0x00, 0x45, 0xFF,
        0x00, 0x45, 0xFF, 0x00, 0x45, 0xFF, 0x60, 0x8B, 0xFF, 0xDF, 0xE8, 0xFF, 0x60, 0x8B, 0xFF, 0x00,
        0x45, 0xFF, 0x00, 0x45, 0xFF, 0x00, 0x45, 0xFF, 0x00, 0x45, 0xFF, 0x00, 0x45, 0xFF, 0x00, 0x45,
        0xFF, 0x00, 0x45, 0xFF, 0x00, 0x45, 0xFF, 0x00, 0x45, 0xFF, 0x00, 0x45, 0xFF, 0x00, 0x45, 0xFF,
        0x00, 0x45, 0xFF, 0x00, 0x45, 0xFF, 0x00, 0x45, 0xFF, 0x00, 0x45, 0xFF, 0x00, 0x45, 0xFF, 0xB8,
        0x2A, 0xBF, 0x00, 0x45, 0xFF, 0x00, 0x45, 0xFF, 0x00, 0x45, 0xFF, 0x00, 0x45, 0xFF, 0x00, 0x45,
        0xFF, 0x00, 0x45, 0xFF, 0x40, 0x74, 0xFF, 0x40, 0x74, 0xFF, 0x40, 0x74, 0xFF, 0x00, 0x45, 0xFF,
        0x00, 0x45, 0xFF, 0x00, 0x45, 0xFF, 0x00, 0x45, 0xFF, 0x00, 0x45, 0xFF, 0x10, 0x51, 0xFF, 0xAF,
        0xC5, 0xFF, 0xFF, 0xFF, 0xFF, 0xFF, 0xFF, 0xFF, 0xFF, 0xFF, 0xFF, 0xAF, 0xC5, 0xFF, 0x10, 0x51,
        0xFF, 0x00, 0x45, 0xFF, 0x00, 0x45, 0xFF, 0x00, 0x45, 0xFF, 0x00, 0x45, 0xFF, 0x00, 0x45, 0xFF,
        0x00, 0x45, 0xFF, 0x00, 0x45, 0xFF, 0x00, 0x45, 0xFF, 0x00, 0x45, 0xFF, 0x00, 0x45, 0xFF, 0x00,
        0x45, 0xFF, 0x00, 0x45, 0xFF, 0x00, 0x45, 0xFF, 0x00, 0x45, 0xFF, 0xC5, 0x80, 0x3F, 0x00, 0x45,
        0xFF, 0x00, 0x45, 0xFF, 0x00, 0x45, 0xFF, 0x00, 0x45, 0xFF, 0x00, 0x45, 0xFF, 0x00, 0x45, 0xFF,
        0xFF, 0xFF, 0xFF, 0xFF, 0xFF, 0xFF, 0xFF, 0xFF, 0xFF, 0x00, 0x45, 0xFF, 0x00, 0x45, 0xFF, 0x00,
        0x45, 0xFF, 0x00, 0x45, 0xFF, 0x40, 0x74, 0xFF, 0xDF, 0xE8, 0xFF, 0xFF, 0xFF, 0xFF, 0xFF, 0xFF,
        0xFF, 0xFF, 0xFF, 0xFF, 0xFF, 0xFF, 0xFF, 0xFF, 0xFF, 0xFF, 0xDF, 0xE8, 0xFF, 0x40, 0x74, 0xFF,
        0x00, 0x45, 0xFF, 0x00, 0x45, 0xFF, 0x00, 0x45, 0xFF, 0x00, 0x45, 0xFF, 0x00, 0x45, 0xFF, 0x00,
        0x45, 0xFF, 0x00, 0x45, 0xFF, 0x00, 0x45, 0xFF, 0x00, 0x45, 0xFF, 0x00, 0x45, 0xFF, 0x00, 0x45,
        0xFF, 0x00, 0x45, 0xFF, 0x00, 0x45, 0xFF, 0xFD, 0x45, 0xBF, 0x00, 0x45, 0xFF, 0x00, 0x45, 0xFF,
        0x00, 0x45, 0xFF, 0x00, 0x45, 0xFF, 0x00, 0x45, 0xFF, 0x00, 0x45, 0xFF, 0xFF, 0xFF, 0xFF, 0xFF,
        0xFF, 0xFF, 0xFF, 0xFF, 0xFF, 0x00, 0x45, 0xFF, 0x00, 0x45, 0xFF, 0x00, 0x45, 0xFF, 0x80, 0xA2,
        0xFF, 0xFF, 0xFF, 0xFF, 0xFF, 0xFF, 0xFF, 0xFF, 0xFF, 0xFF, 0xDF, 0xE8, 0xFF, 0x60, 0x8B, 0xFF,
        0xDF, 0xE8, 0xFF, 0xFF, 0xFF, 0xFF, 0xFF, 0xFF, 0xFF, 0xFF, 0xFF, 0xFF, 0x80, 0xA2, 0xFF, 0x00,
        0x45, 0xFF, 0x00, 0x45, 0xFF, 0x00, 0x45, 0xFF, 0x00, 0x45, 0xFF, 0x00, 0x45, 0xFF, 0x00, 0x45,
        0xFF, 0x00, 0x45, 0xFF, 0x00, 0x45, 0xFF, 0x00, 0x45, 0xFF, 0x00, 0x45, 0xFF, 0x00, 0x45, 0xFF,
        0x00, 0x45, 0xFF, 0x93, 0x6F, 0x3E, 0x00, 0x45, 0xFF, 0x00, 0x45, 0xFF, 0x00, 0x45, 0xFF, 0x00,
        0x45, 0xFF, 0x00, 0x45, 0xFF, 0x00, 0x45, 0xFF, 0xFF, 0xFF, 0xFF, 0xFF, 0xFF, 0xFF, 0xFF, 0xFF,
        0xFF, 0x00, 0x45, 0xFF, 0x20, 0x5C, 0xFF, 0xCF, 0xDC, 0xFF, 0xFF, 0xFF, 0xFF, 0xFF, 0xFF, 0xFF,
        0xFF, 0xFF, 0xFF, 0x9F, 0xB9, 0xFF, 0x40, 0x74, 0xFF, 0x9F, 0xB9, 0xFF, 0x40, 0x74, 0xFF, 0x9F,
        0xB9, 0xFF, 0xFF, 0xFF, 0xFF, 0xFF, 0xFF, 0xFF, 0xFF, 0xFF, 0xFF, 0xCF, 0xDC, 0xFF, 0x20, 0x5C,
        0xFF, 0x00, 0x45, 0xFF, 0x00, 0x45, 0xFF, 0x00, 0x45, 0xFF, 0x00, 0x45, 0xFF, 0x00, 0x45, 0xFF,
        0x00, 0x45, 0xFF, 0x00, 0x45, 0xFF, 0x00, 0x45, 0xFF, 0x00, 0x45, 0xFF, 0x00, 0x45, 0xFF, 0x01,
        0x86, 0x3F, 0x00, 0x45, 0xFF, 0x00, 0x45, 0xFF, 0x00, 0x45, 0xFF, 0x00, 0x45, 0xFF, 0x00, 0x45,
        0xFF, 0x00, 0x45, 0xFF, 0xFF, 0xFF, 0xFF, 0xEF, 0xF3, 0xFF, 0x70, 0x97, 0xFF, 0x70, 0x97, 0xFF,
        0xEF, 0xF3, 0xFF, 0xFF, 0xFF, 0xFF, 0xFF, 0xFF, 0xFF, 0xEF, 0xF3, 0xFF, 0x50, 0x7F, 0xFF, 0x80,
        0xA2, 0xFF, 0xFF, 0xFF, 0xFF, 0xFF, 0xFF, 0xFF, 0xFF, 0xFF, 0xFF, 0x80, 0xA2, 0xFF, 0x50, 0x7F,
        0xFF, 0xEF, 0xF3, 0xFF, 0xFF, 0xFF, 0xFF, 0xFF, 0xFF, 0xFF, 0xEF, 0xF3, 0xFF, 0x70, 0x97, 0xFF,
        0x00, 0x45, 0xFF, 0x00, 0x45, 0xFF, 0x00, 0x45, 0xFF, 0x00, 0x45, 0xFF, 0x00, 0x45, 0xFF, 0x00,
        0x45, 0xFF, 0x00, 0x45, 0xFF, 0x00, 0x45, 0xFF, 0x00, 0x45, 0xFF, 0x22, 0x62, 0x3F, 0x00, 0x45,
        0xFF, 0x00, 0x45, 0xFF, 0x00, 0x45, 0xFF, 0x00, 0x45, 0xFF, 0x00, 0x45, 0xFF, 0x00, 0x45, 0xFF,
        0xCF, 0xDC, 0xFF, 0x30, 0x68, 0xFF, 0xAF, 0xC5, 0xFF, 0xFF, 0xFF, 0xFF, 0xFF, 0xFF, 0xFF, 0xFF,
        0xFF, 0xFF, 0xBF, 0xD0, 0xFF, 0x40, 0x74, 0xFF, 0xBF, 0xD0, 0xFF, 0xFF, 0xFF, 0xFF, 0xFF, 0xFF,
        0xFF, 0xFF, 0xFF, 0xFF, 0xFF, 0xFF, 0xFF, 0xFF, 0xFF, 0xFF, 0xBF, 0xD0, 0xFF, 0x40, 0x74, 0xFF,
        0xBF, 0xD0, 0xFF, 0xFF, 0xFF, 0xFF, 0xFF, 0xFF, 0xFF, 0xFF, 0xFF, 0xFF, 0xAF, 0xC5, 0xFF, 0x10,
        0x51, 0xFF, 0x00, 0x45, 0xFF, 0x00, 0x45, 0xFF, 0x00, 0x45, 0xFF, 0x00, 0x45, 0xFF, 0x00, 0x45,
        0xFF, 0x00, 0x45, 0xFF, 0x00, 0x45, 0xFF, 0x58, 0x86, 0x3F, 0x00, 0x45, 0xFF, 0x00, 0x45, 0xFF,
        0x00, 0x45, 0xFF, 0x00, 0x45, 0xFF, 0x00, 0x45, 0xFF, 0x00, 0x45, 0xFF, 0x40, 0x74, 0xFF, 0xEF,
        0xF3, 0xFF, 0xFF, 0xFF, 0xFF, 0xFF, 0xFF, 0xFF, 0xFF, 0xFF, 0xFF, 0x70, 0x97, 0xFF, 0x50, 0x7F,
        0xFF, 0xEF, 0xF3, 0xFF, 0xFF, 0xFF, 0xFF, 0xFF, 0xFF, 0xFF, 0xFF, 0xFF, 0xFF, 0xFF, 0xFF, 0xFF,
        0xFF, 0xFF, 0xFF, 0xFF, 0xFF, 0xFF, 0xFF, 0xFF, 0xFF, 0xEF, 0xF3, 0xFF, 0x50, 0x7F, 0xFF, 0x70,
        0x97, 0xFF, 0xFF, 0xFF, 0xFF, 0xFF, 0xFF, 0xFF, 0xFF, 0xFF, 0xFF, 0xEF, 0xF3, 0xFF, 0x40, 0x74,
        0xFF, 0x00, 0x45, 0xFF, 0x00, 0x45, 0xFF, 0x00, 0x45, 0xFF, 0x00, 0x45, 0xFF, 0x00, 0x45, 0xFF,
        0x00, 0x45, 0xFF, 0x80, 0x4F, 0xBF, 0x00, 0x45, 0xFF, 0x00, 0x45, 0xFF, 0x00, 0x45, 0xFF, 0x00,
        0x45, 0xFF, 0x00, 0x45, 0xFF, 0x8F, 0xAD, 0xFF, 0xFF, 0xFF, 0xFF, 0xFF, 0xFF, 0xFF, 0xFF, 0xFF,
        0xFF, 0xCF, 0xDC, 0xFF, 0x40, 0x74, 0xFF, 0x9F, 0xB9, 0xFF, 0xFF, 0xFF, 0xFF, 0xFF, 0xFF, 0xFF,
        0xFF, 0xFF, 0xFF, 0xFF, 0xFF, 0xFF, 0xFF, 0xFF, 0xFF, 0xFF, 0xFF, 0xFF, 0xFF, 0xFF, 0xFF, 0xFF,
        0xFF, 0xFF, 0xFF, 0xFF, 0xFF, 0xFF, 0xFF, 0xFF, 0xFF, 0xFF, 0xFF, 0x9F, 0xB9, 0xFF, 0x40, 0x74,
        0xFF, 0xCF, 0xDC, 0xFF, 0xFF, 0xFF, 0xFF, 0xFF, 0xFF, 0xFF, 0xFF, 0xFF, 0xFF, 0x8F, 0xAD, 0xFF,
        0x00, 0x45, 0xFF, 0x00, 0x45, 0xFF, 0x00, 0x45, 0xFF, 0x00, 0x45, 0xFF, 0x00, 0x45, 0xFF, 0x11,
        0xA7, 0x3F, 0x00, 0x45, 0xFF, 0x00, 0x45, 0xFF, 0x00, 0x45, 0xFF, 0x30, 0x68, 0xFF, 0xCF, 0xDC,
        0xFF, 0xFF, 0xFF, 0xFF, 0xFF, 0xFF, 0xFF, 0xFF, 0xFF, 0xFF, 0x8F, 0xAD, 0xFF, 0x40, 0x74, 0xFF,
        0xDF, 0xE8, 0xFF, 0xFF, 0xFF, 0xFF, 0xFF, 0xFF, 0xFF, 0xFF, 0xFF, 0xFF, 0xFF, 0xFF, 0xFF, 0xFF,
        0xFF, 0xFF, 0xFF, 0xFF, 0xFF, 0xFF, 0xFF, 0xFF, 0xFF, 0xFF, 0xFF, 0xFF, 0xFF, 0xFF, 0xFF, 0xFF,
        0xFF, 0xFF, 0xFF, 0xFF, 0xFF, 0xFF, 0xFF, 0xFF, 0xFF, 0xFF, 0xDF, 0xE8, 0xFF, 0x40, 0x74, 0xFF,
        0x8F, 0xAD, 0xFF, 0xFF, 0xFF, 0xFF, 0xFF, 0xFF, 0xFF, 0xFF, 0xFF, 0xFF, 0xCF, 0xDC, 0xFF, 0x30,
        0x68, 0xFF, 0x00, 0x45, 0xFF, 0x00, 0x45, 0xFF, 0x00, 0x45, 0xFF, 0x53, 0x45, 0x3F, 0x00, 0x45,
        0xFF, 0x00, 0x45, 0xFF, 0x60, 0x8B, 0xFF, 0xEF, 0xF3, 0xFF, 0xFF, 0xFF, 0xFF, 0xFF, 0xFF, 0xFF,
        0xEF, 0xF3, 0xFF, 0x50, 0x7F, 0xFF, 0x80, 0xA2, 0xFF, 0xFF, 0xFF, 0xFF, 0xFF, 0xFF, 0xFF, 0xFF,
        0xFF, 0xFF, 0xFF, 0xFF, 0xFF, 0xFF, 0xFF, 0xFF, 0xFF, 0xFF, 0xFF, 0xFF, 0xFF, 0xFF, 0xFF, 0xFF,
        0xFF, 0xFF, 0xFF, 0xFF, 0xFF, 0xFF, 0xFF, 0xFF, 0xFF, 0xFF, 0xFF, 0xFF, 0xFF, 0xFF, 0xFF, 0xFF,
        0xFF, 0xFF, 0xFF, 0xFF, 0xFF, 0xFF, 0xFF, 0xFF, 0xFF, 0xFF, 0xFF, 0xFF, 0x80, 0xA2, 0xFF, 0x50,
        0x7F, 0xFF, 0xEF, 0xF3, 0xFF, 0xFF, 0xFF, 0xFF, 0xFF, 0xFF, 0xFF, 0xEF, 0xF3, 0xFF, 0x60, 0x8B,
        0xFF, 0x00, 0x45, 0xFF, 0x00, 0x45, 0xFF, 0xF1, 0x21, 0x3F, 0x00, 0x45, 0xFF, 0x00, 0x45, 0xFF,
        0x50, 0x7F, 0xFF, 0xFF, 0xFF, 0xFF, 0xFF, 0xFF, 0xFF, 0xBF, 0xD0, 0xFF, 0x30, 0x68, 0xFF, 0xCF,
        0xDC, 0xFF, 0xFF, 0xFF, 0xFF, 0xFF, 0xFF, 0xFF, 0xFF, 0xFF, 0xFF, 0xFF, 0xFF, 0xFF, 0xFF, 0xFF,
        0xFF, 0xFF, 0xFF, 0xFF, 0xFF, 0xFF, 0xFF, 0xFF, 0xFF, 0xFF, 0xFF, 0xFF, 0xFF, 0xFF, 0xFF, 0xFF,
        0xFF, 0xFF, 0xFF, 0xFF, 0xFF, 0xFF, 0xFF, 0xFF, 0xFF, 0xFF, 0xFF, 0xFF, 0xFF, 0xFF, 0xFF, 0xFF,
        0xFF, 0xFF, 0xFF, 0xFF, 0xFF, 0xFF, 0xFF, 0xFF, 0xFF, 0xFF, 0xFF, 0xCF, 0xDC, 0xFF, 0x30, 0x68,
        0xFF, 0xBF, 0xD0, 0xFF, 0xFF, 0xFF, 0xFF, 0xFF, 0xFF, 0xFF, 0x50, 0x7F, 0xFF, 0x00, 0x45, 0xFF,
        0x00, 0x45, 0xFF, 0xE5, 0x3B, 0x3F, 0x00, 0x45, 0xFF, 0x00, 0x45, 0xFF, 0x00, 0x45, 0xFF, 0x8F,
        0xAD, 0xFF, 0x70, 0x97, 0xFF, 0x00, 0x45, 0xFF, 0xEF, 0xF3, 0xFF, 0xFF, 0xFF, 0xFF, 0xFF, 0xFF,
        0xFF, 0xFF, 0xFF, 0xFF, 0xFF, 0xFF, 0xFF, 0xFF, 0xFF, 0xFF, 0xFF, 0xFF, 0xFF, 0xFF, 0xFF, 0xFF,
        0xFF, 0xFF, 0xFF, 0xFF, 0xFF, 0xFF, 0xFF, 0xFF, 0xFF, 0xFF, 0xFF, 0xFF, 0xFF, 0xFF, 0xFF, 0xFF,
        0xFF, 0xFF, 0xFF, 0xFF, 0xFF, 0xFF, 0xFF, 0xFF, 0xFF, 0xFF, 0xFF, 0xFF, 0xFF, 0xFF, 0xFF, 0xFF,
        0xFF, 0xFF, 0xFF, 0xFF, 0xFF, 0xFF, 0xFF, 0xFF, 0xFF, 0xFF, 0xEF, 0xF3, 0xFF, 0x00, 0x45, 0xFF,
        0x70, 0x97, 0xFF, 0x8F, 0xAD, 0xFF, 0x00, 0x45, 0xFF, 0x00, 0x45, 0xFF, 0x00, 0x45, 0xFF, 0x48,
        0x21, 0x3F, 0x00, 0x45, 0xFF, 0x00, 0x45, 0xFF, 0x00, 0x45, 0xFF, 0x00, 0x45, 0xFF, 0x00, 0x45,
        0xFF, 0x00, 0x45, 0xFF, 0xFF, 0xFF, 0xFF, 0xFF, 0xFF, 0xFF, 0xFF, 0xFF, 0xFF, 0xFF, 0xFF, 0xFF,
        0xFF, 0xFF, 0xFF, 0xFF, 0xFF, 0xFF, 0xFF, 0xFF, 0xFF, 0xFF, 0xFF, 0xFF, 0xFF, 0xFF, 0xFF, 0xFF,
        0xFF, 0xFF, 0xFF, 0xFF, 0xFF, 0xFF, 0xFF, 0xFF, 0xFF, 0xFF, 0xFF, 0xDF, 0xE8, 0xFF, 0x80, 0xA2,
        0xFF, 0x80, 0xA2, 0xFF, 0x80, 0xA2, 0xFF, 0x80, 0xA2, 0xFF, 0x80, 0xA2, 0xFF, 0x8F, 0xAD, 0xFF,
        0xEF, 0xF3, 0xFF, 0xFF, 0xFF, 0xFF, 0xFF, 0xFF, 0xFF, 0x00, 0x45, 0xFF, 0x00, 0x45, 0xFF, 0x00,
        0x45, 0xFF, 0x00, 0x45, 0xFF, 0x00, 0x45, 0xFF, 0x00, 0x45, 0xFF, 0x40, 0x22, 0x3F, 0x00, 0x45,
        0xFF, 0x00, 0x45, 0xFF, 0x00, 0x45, 0xFF, 0x00, 0x45, 0xFF, 0x00, 0x45, 0xFF, 0x00, 0x45, 0xFF,
        0xFF, 0xFF, 0xFF, 0xFF, 0xFF, 0xFF, 0xFF, 0xFF, 0xFF, 0xFF, 0xFF, 0xFF, 0xFF, 0xFF, 0xFF, 0xFF,
        0xFF, 0xFF, 0xFF, 0xFF, 0xFF, 0xFF, 0xFF, 0xFF, 0xFF, 0xFF, 0xFF, 0xFF, 0xFF, 0xFF, 0xFF, 0xFF,
        0xFF, 0xFF, 0xFF, 0xFF, 0xFF, 0xFF, 0xFF, 0x80, 0xA2, 0xFF, 0x60, 0x8B, 0xFF, 0x80, 0xA2, 0xFF,
        0x80, 0xA2, 0xFF, 0x80, 0xA2, 0xFF, 0x80, 0xA2, 0xFF, 0x40, 0x74, 0xFF, 0xBF, 0xD0, 0xFF, 0xFF,
        0xFF, 0xFF, 0xFF, 0xFF, 0xFF, 0x00, 0x45, 0xFF, 0x00, 0x45, 0xFF, 0x00, 0x45, 0xFF, 0x00, 0x45,
        0xFF, 0x00, 0x45, 0xFF, 0x00, 0x45, 0xFF, 0xEE, 0x2A, 0x3F, 0x00, 0x45, 0xFF, 0x00, 0x45, 0xFF,
        0x00, 0x45, 0xFF, 0x00, 0x45, 0xFF, 0x00, 0x45, 0xFF, 0x00, 0x45, 0xFF, 0xFF, 0xFF, 0xFF, 0xFF,
        0xFF, 0xFF, 0xBF, 0xD0, 0xFF, 0x20, 0x5C, 0xFF, 0x40, 0x74, 0xFF, 0x40, 0x74, 0xFF, 0x40, 0x74,
        0xFF, 0x40, 0x74, 0xFF, 0x40, 0x74, 0xFF, 0x40, 0x74, 0xFF, 0x30, 0x68, 0xFF, 0x80, 0xA2, 0xFF,
        0xFF, 0xFF, 0xFF, 0x80, 0xA2, 0xFF, 0xBF, 0xD0, 0xFF, 0xFF, 0xFF, 0xFF, 0xFF, 0xFF, 0xFF, 0xFF,
        0xFF, 0xFF, 0xFF, 0xFF, 0xFF, 0x80, 0xA2, 0xFF, 0xBF, 0xD0, 0xFF, 0xFF, 0xFF, 0xFF, 0xFF, 0xFF,
        0xFF, 0x00, 0x45, 0xFF, 0x00, 0x45, 0xFF, 0x00, 0x45, 0xFF, 0x00, 0x45, 0xFF, 0x00, 0x45, 0xFF,
        0x00, 0x45, 0xFF, 0x6C, 0x0B, 0x3C, 0x00, 0x45, 0xFF, 0x00, 0x45, 0xFF, 0x00, 0x45, 0xFF, 0x00,
        0x45, 0xFF, 0x00, 0x45, 0xFF, 0x00, 0x45, 0xFF, 0xFF, 0xFF, 0xFF, 0xFF, 0xFF, 0xFF, 0xBF, 0xD0,
        0xFF, 0x80, 0xA2, 0xFF, 0xFF, 0xFF, 0xFF, 0xFF, 0xFF, 0xFF, 0xFF, 0xFF, 0xFF, 0xFF, 0xFF, 0xFF,
        0xFF, 0xFF, 0xFF, 0xFF, 0xFF, 0xFF, 0xBF, 0xD0, 0xFF, 0x80, 0xA2, 0xFF, 0xFF, 0xFF, 0xFF, 0x80,
        0xA2, 0xFF, 0xBF, 0xD0, 0xFF, 0xFF, 0xFF, 0xFF, 0xFF, 0xFF, 0xFF, 0xFF, 0xFF, 0xFF, 0xFF, 0xFF,
        0xFF, 0x80, 0xA2, 0xFF, 0xBF, 0xD0, 0xFF, 0xFF, 0xFF, 0xFF, 0xFF, 0xFF, 0xFF, 0x00, 0x45, 0xFF,
        0x00, 0x45, 0xFF, 0x00, 0x45, 0xFF, 0x00, 0x45, 0xFF, 0x00, 0x45, 0xFF, 0x00, 0x45, 0xFF, 0x01,
        0x00, 0x3E, 0x00, 0x45, 0xFF, 0x00, 0x45, 0xFF, 0x00, 0x45, 0xFF, 0x00, 0x45, 0xFF, 0x00, 0x45,
        0xFF, 0x00, 0x45, 0xFF, 0xFF, 0xFF, 0xFF, 0xFF, 0xFF, 0xFF, 0xBF, 0xD0, 0xFF, 0x80, 0xA2, 0xFF,
        0xFF, 0xFF, 0xFF, 0xFF, 0xFF, 0xFF, 0xFF, 0xFF, 0xFF, 0xFF, 0xFF, 0xFF, 0xFF, 0xFF, 0xFF, 0xFF,
        0xFF, 0xFF, 0xBF, 0xD0, 0xFF, 0x80, 0xA2, 0xFF, 0xFF, 0xFF, 0xFF, 0x80, 0xA2, 0xFF, 0xBF, 0xD0,
        0xFF, 0xFF, 0xFF, 0xFF, 0xFF, 0xFF, 0xFF, 0xFF, 0xFF, 0xFF, 0xFF, 0xFF, 0xFF, 0x80, 0xA2, 0xFF,
        0xBF, 0xD0, 0xFF, 0xFF, 0xFF, 0xFF, 0xFF, 0xFF, 0xFF, 0x00, 0x45, 0xFF, 0x00, 0x45, 0xFF, 0x00,
        0x45, 0xFF, 0x00, 0x45, 0xFF, 0x00, 0x45, 0xFF, 0x00, 0x45, 0xFF, 0x77, 0x5E, 0xBF, 0x00, 0x45,
        0xFF, 0x00, 0x45, 0xFF, 0x00, 0x45, 0xFF, 0x00, 0x45, 0xFF, 0x00, 0x45, 0xFF, 0x00, 0x45, 0xFF,
        0xFF, 0xFF, 0xFF, 0xFF, 0xFF, 0xFF, 0xBF, 0xD0, 0xFF, 0x80, 0xA2, 0xFF, 0xFF, 0xFF, 0xFF, 0xFF,
        0xFF, 0xFF, 0xFF, 0xFF, 0xFF, 0xFF, 0xFF, 0xFF, 0xFF, 0xFF, 0xFF, 0xFF, 0xFF, 0xFF, 0xBF, 0xD0,
        0xFF, 0x80, 0xA2, 0xFF, 0xFF, 0xFF, 0xFF, 0x80, 0xA2, 0xFF, 0xBF, 0xD0, 0xFF, 0xFF, 0xFF, 0xFF,
        0xFF, 0xFF, 0xFF, 0xFF, 0xFF, 0xFF, 0xFF, 0xFF, 0xFF, 0x80, 0xA2, 0xFF, 0xBF, 0xD0, 0xFF, 0xFF,
        0xFF, 0xFF, 0xFF, 0xFF, 0xFF, 0x00, 0x45, 0xFF, 0x00, 0x45, 0xFF, 0x00, 0x45, 0xFF, 0x00, 0x45,
        0xFF, 0x00, 0x45, 0xFF, 0x00, 0x45, 0xFF, 0x20, 0x90, 0x3F, 0x00, 0x45, 0xFF, 0x00, 0x45, 0xFF,
        0x00, 0x45, 0xFF, 0x00, 0x45, 0xFF, 0x00, 0x45, 0xFF, 0x00, 0x45, 0xFF, 0xFF, 0xFF, 0xFF, 0xFF,
        0xFF, 0xFF, 0xBF, 0xD0, 0xFF, 0x80, 0xA2, 0xFF, 0xFF, 0xFF, 0xFF, 0xFF, 0xFF, 0xFF, 0xFF, 0xFF,
        0xFF, 0xFF, 0xFF, 0xFF, 0xFF, 0xFF, 0xFF, 0xFF, 0xFF, 0xFF, 0xBF, 0xD0, 0xFF, 0x80, 0xA2, 0xFF,
        0xFF, 0xFF, 0xFF, 0x80, 0xA2, 0xFF, 0x8F, 0xAD, 0xFF, 0xBF, 0xD0, 0xFF, 0xBF, 0xD0, 0xFF, 0xBF,
        0xD0, 0xFF, 0xBF, 0xD0, 0xFF, 0x60, 0x8B, 0xFF, 0xBF, 0xD0, 0xFF, 0xFF, 0xFF, 0xFF, 0xFF, 0xFF,
        0xFF, 0x00, 0x45, 0xFF, 0x00, 0x45, 0xFF, 0x00, 0x45, 0xFF, 0x00, 0x45, 0xFF, 0x00, 0x45, 0xFF,
        0x00, 0x45, 0xFF, 0x32, 0xA2, 0x3F, 0x00, 0x45, 0xFF, 0x00, 0x45, 0xFF, 0x00, 0x45, 0xFF, 0x00,
        0x45, 0xFF, 0x00, 0x45, 0xFF, 0x00, 0x45, 0xFF, 0xFF, 0xFF, 0xFF, 0xFF, 0xFF, 0xFF, 0xBF, 0xD0,
        0xFF, 0x80, 0xA2, 0xFF, 0xFF, 0xFF, 0xFF, 0xFF, 0xFF, 0xFF, 0xFF, 0xFF, 0xFF, 0xFF, 0xFF, 0xFF,
        0xFF, 0xFF, 0xFF, 0xFF, 0xFF, 0xFF, 0xBF, 0xD0, 0xFF, 0x80, 0xA2, 0xFF, 0xFF, 0xFF, 0xFF, 0xBF,
        0xD0, 0xFF, 0x80, 0xA2, 0xFF, 0x80, 0xA2, 0xFF, 0x80, 0xA2, 0xFF, 0x80, 0xA2, 0xFF, 0x80, 0xA2,
        0xFF, 0x80, 0xA2, 0xFF, 0xDF, 0xE8, 0xFF, 0xFF, 0xFF, 0xFF, 0xFF, 0xFF, 0xFF, 0x00, 0x45, 0xFF,
        0x00, 0x45, 0xFF, 0x00, 0x45, 0xFF, 0x00, 0x45, 0xFF, 0x00, 0x45, 0xFF, 0x00, 0x45, 0xFF, 0x1C,
        0x5D, 0x3F, 0x00, 0x45, 0xFF, 0x00, 0x45, 0xFF, 0x00, 0x45, 0xFF, 0x00, 0x45, 0xFF, 0x00, 0x45,
        0xFF, 0x00, 0x45, 0xFF, 0xFF, 0xFF, 0xFF, 0xFF, 0xFF, 0xFF, 0xBF, 0xD0, 0xFF, 0x80, 0xA2, 0xFF,
        0xFF, 0xFF, 0xFF, 0xFF, 0xFF, 0xFF, 0xFF, 0xFF, 0xFF, 0xFF, 0xFF, 0xFF, 0xEF, 0xF3, 0xFF, 0xAF,
        0xC5, 0xFF, 0xBF, 0xD0, 0xFF, 0x80, 0xA2, 0xFF, 0xFF, 0xFF, 0xFF, 0xFF, 0xFF, 0xFF, 0xFF, 0xFF,
        0xFF, 0xFF, 0xFF, 0xFF, 0xFF, 0xFF, 0xFF, 0xFF, 0xFF, 0xFF, 0xFF, 0xFF, 0xFF, 0xFF, 0xFF, 0xFF,
        0xFF, 0xFF, 0xFF, 0xFF, 0xFF, 0xFF, 0xFF, 0xFF, 0xFF, 0x00, 0x45, 0xFF, 0x00, 0x45, 0xFF, 0x00,
        0x45, 0xFF, 0x00, 0x45, 0xFF, 0x00, 0x45, 0xFF, 0x00, 0x45, 0xFF, 0xA7, 0x9A, 0x3E, 0x00, 0x45,
        0xFF, 0x00, 0x45, 0xFF, 0x00, 0x45, 0xFF, 0x00, 0x45, 0xFF, 0x00, 0x45, 0xFF, 0x00, 0x45, 0xFF,
        0xFF, 0xFF, 0xFF, 0xFF, 0xFF, 0xFF, 0xBF, 0xD0, 0xFF, 0x80, 0xA2, 0xFF, 0xFF, 0xFF, 0xFF, 0xFF,
        0xFF, 0xFF, 0xFF, 0xFF, 0xFF, 0xFF, 0xFF, 0xFF, 0xEF, 0xF3, 0xFF, 0xCF, 0xDC, 0xFF, 0xBF, 0xD0,
        0xFF, 0x80, 0xA2, 0xFF, 0xFF, 0xFF, 0xFF, 0xFF, 0xFF, 0xFF, 0xFF, 0xFF, 0xFF, 0xFF, 0xFF, 0xFF,
        0xFF, 0xFF, 0xFF, 0xFF, 0xFF, 0xFF, 0xFF, 0xFF, 0xFF, 0xFF, 0xFF, 0xFF, 0xFF, 0xFF, 0xFF, 0xFF,
        0xFF, 0xFF, 0xFF, 0xFF, 0xFF, 0x00, 0x45, 0xFF, 0x00, 0x45, 0xFF, 0x00, 0x45, 0xFF, 0x00, 0x45,
        0xFF, 0x00, 0x45, 0xFF, 0x00, 0x45, 0xFF, 0x21, 0x1B, 0xBE, 0x00, 0x45, 0xFF, 0x00, 0x45, 0xFF,
        0x00, 0x45, 0xFF, 0x00, 0x45, 0xFF, 0x00, 0x45, 0xFF, 0x00, 0x45, 0xFF, 0xFF, 0xFF, 0xFF, 0xFF,
        0xFF, 0xFF, 0xBF, 0xD0, 0xFF, 0x80, 0xA2, 0xFF, 0xFF, 0xFF, 0xFF, 0xFF, 0xFF, 0xFF, 0xFF, 0xFF,
        0xFF, 0xFF, 0xFF, 0xFF, 0xFF, 0xFF, 0xFF, 0xFF, 0xFF, 0xFF, 0xBF, 0xD0, 0xFF, 0x80, 0xA2, 0xFF,
        0xFF, 0xFF, 0xFF, 0xFF, 0xFF, 0xFF, 0xFF, 0xFF, 0xFF, 0xFF, 0xFF, 0xFF, 0xFF, 0xFF, 0xFF, 0xFF,
        0xFF, 0xFF, 0xFF, 0xFF, 0xFF, 0xFF, 0xFF, 0xFF, 0xFF, 0xFF, 0xFF, 0xFF, 0xFF, 0xFF, 0xFF, 0xFF,
        0xFF, 0x00, 0x45, 0xFF, 0x00, 0x45, 0xFF, 0x00, 0x45, 0xFF, 0x00, 0x45, 0xFF, 0x00, 0x45, 0xFF,
        0x00, 0x45, 0xFF, 0x3A, 0x5C, 0xBF, 0x00, 0x45, 0xFF, 0x00, 0x45, 0xFF, 0x00, 0x45, 0xFF, 0x00,
        0x45, 0xFF, 0x00, 0x45, 0xFF, 0x00, 0x45, 0xFF, 0xFF, 0xFF, 0xFF, 0xFF, 0xFF, 0xFF, 0xBF, 0xD0,
        0xFF, 0x80, 0xA2, 0xFF, 0xFF, 0xFF, 0xFF, 0xFF, 0xFF, 0xFF, 0xFF, 0xFF, 0xFF, 0xFF, 0xFF, 0xFF,
        0xFF, 0xFF, 0xFF, 0xFF, 0xFF, 0xFF, 0xBF, 0xD0, 0xFF, 0x80, 0xA2, 0xFF, 0xFF, 0xFF, 0xFF, 0xFF,
        0xFF, 0xFF, 0xFF, 0xFF, 0xFF, 0xFF, 0xFF, 0xFF, 0xFF, 0xFF, 0xFF, 0xFF, 0xFF, 0xFF, 0xFF, 0xFF,
        0xFF, 0xFF, 0xFF, 0xFF, 0xFF, 0xFF, 0xFF, 0xFF, 0xFF, 0xFF, 0xFF, 0xFF, 0xFF, 0x00, 0x45, 0xFF,
        0x00, 0x45, 0xFF, 0x00, 0x45, 0xFF, 0x00, 0x45, 0xFF, 0x00, 0x45, 0xFF, 0x00, 0x45, 0xFF, 0x74,
        0xAD, 0x3F, 0x00, 0x45, 0xFF, 0x00, 0x45, 0xFF, 0x00, 0x45, 0xFF, 0x00, 0x45, 0xFF, 0x00, 0x45,
        0xFF, 0x00, 0x45, 0xFF, 0xFF, 0xFF, 0xFF, 0xFF, 0xFF, 0xFF, 0xBF, 0xD0, 0xFF, 0x80, 0xA2, 0xFF,
        0xFF, 0xFF, 0xFF, 0xFF, 0xFF, 0xFF, 0xFF, 0xFF, 0xFF, 0xFF, 0xFF, 0xFF, 0xFF, 0xFF, 0xFF, 0xFF,
        0xFF, 0xFF, 0xBF, 0xD0, 0xFF, 0x80, 0xA2, 0xFF, 0xFF, 0xFF, 0xFF, 0xFF, 0xFF, 0xFF, 0xFF, 0xFF,
        0xFF, 0xFF, 0xFF, 0xFF, 0xFF, 0xFF, 0xFF, 0xFF, 0xFF, 0xFF, 0xFF, 0xFF, 0xFF, 0xFF, 0xFF, 0xFF,
        0xFF, 0xFF, 0xFF, 0xFF, 0xFF, 0xFF, 0xFF, 0xFF, 0xFF, 0x00, 0x45, 0xFF, 0x00, 0x45, 0xFF, 0x00,
        0x45, 0xFF, 0x00, 0x45, 0xFF, 0x00, 0x45, 0xFF, 0x00, 0x45, 0xFF, 0x13, 0x2C, 0xBF, 0x00, 0x45,
        0xFF, 0x00, 0x45, 0xFF, 0x00, 0x45, 0xFF, 0x00, 0x45, 0xFF, 0x00, 0x45, 0xFF, 0x00, 0x45, 0xFF,
        0xFF, 0xFF, 0xFF, 0xFF, 0xFF, 0xFF, 0xBF, 0xD0, 0xFF, 0x80, 0xA2, 0xFF, 0xFF, 0xFF, 0xFF, 0xFF,
        0xFF, 0xFF, 0xFF, 0xFF, 0xFF, 0xFF, 0xFF, 0xFF, 0xFF, 0xFF, 0xFF, 0xFF, 0xFF, 0xFF, 0xBF, 0xD0,
        0xFF, 0x80, 0xA2, 0xFF, 0xFF, 0xFF, 0xFF, 0xFF, 0xFF, 0xFF, 0xFF, 0xFF, 0xFF, 0xFF, 0xFF, 0xFF,
        0xFF, 0xFF, 0xFF, 0xFF, 0xFF, 0xFF, 0xFF, 0xFF, 0xFF, 0xFF, 0xFF, 0xFF, 0xFF, 0xFF, 0xFF, 0xFF,
        0xFF, 0xFF, 0xFF, 0xFF, 0xFF, 0x00, 0x45, 0xFF, 0x00, 0x45, 0xFF, 0x00, 0x45, 0xFF, 0x00, 0x45,
        0xFF, 0x00, 0x45, 0xFF, 0x00, 0x45, 0xFF, 0x04, 0x71, 0x3D, 0x00, 0x45, 0xFF, 0x00, 0x45, 0xFF,
        0x00, 0x45, 0xFF, 0x00, 0x45, 0xFF, 0x00, 0x45, 0xFF, 0x00, 0x45, 0xFF, 0xFF, 0xFF, 0xFF, 0xFF,
        0xFF, 0xFF, 0xBF, 0xD0, 0xFF, 0x80, 0xA2, 0xFF, 0xFF, 0xFF, 0xFF, 0xFF, 0xFF, 0xFF, 0xFF, 0xFF,
        0xFF, 0xFF, 0xFF, 0xFF, 0xFF, 0xFF, 0xFF, 0xFF, 0xFF, 0xFF, 0xBF, 0xD0, 0xFF, 0x80, 0xA2, 0xFF,
        0xFF, 0xFF, 0xFF, 0xFF, 0xFF, 0xFF, 0xFF, 0xFF, 0xFF, 0xFF, 0xFF, 0xFF, 0xFF, 0xFF, 0xFF, 0xFF,
        0xFF, 0xFF, 0xFF, 0xFF, 0xFF, 0xFF, 0xFF, 0xFF, 0xFF, 0xFF, 0xFF, 0xFF, 0xFF, 0xFF, 0xFF, 0xFF,
        0xFF, 0x00, 0x45, 0xFF, 0x00, 0x45, 0xFF, 0x00, 0x45, 0xFF, 0x00, 0x45, 0xFF, 0x00, 0x45, 0xFF,
        0x00, 0x45, 0xFF, 0xE7, 0xD6, 0x3E, 0x00, 0x45, 0xFF, 0x00, 0x45, 0xFF, 0x00, 0x45, 0xFF, 0x00,
        0x45, 0xFF, 0x00, 0x45, 0xFF, 0x00, 0x45, 0xFF, 0x40, 0x74, 0xFF, 0x40, 0x74, 0xFF, 0x30, 0x68,
        0xFF, 0x20, 0x5C, 0xFF, 0x40, 0x74, 0xFF, 0x40, 0x74, 0xFF, 0x40, 0x74, 0xFF, 0x40, 0x74, 0xFF,
        0x40, 0x74, 0xFF, 0x40, 0x74, 0xFF, 0x30, 0x68, 0xFF, 0x20, 0x5C, 0xFF, 0x40, 0x74, 0xFF, 0x40,
        0x74, 0xFF, 0x40, 0x74, 0xFF, 0x40, 0x74, 0xFF, 0x40, 0x74, 0xFF, 0x40, 0x74, 0xFF, 0x40, 0x74,
        0xFF, 0x40, 0x74, 0xFF, 0x40, 0x74, 0xFF, 0x40, 0x74, 0xFF, 0x40, 0x74, 0xFF, 0x00, 0x45, 0xFF,
        0x00, 0x45, 0xFF, 0x00, 0x45, 0xFF, 0x00, 0x45, 0xFF, 0x00, 0x45, 0xFF, 0x00, 0x45, 0xFF, 0x79,
        0x1C, 0xBF, 0x00, 0x45, 0xFF, 0x00, 0x45, 0xFF, 0x00, 0x45, 0xFF, 0x00, 0x45, 0xFF, 0x00, 0x45,
        0xFF, 0x00, 0x45, 0xFF, 0x00, 0x45, 0xFF, 0x00, 0x45, 0xFF, 0x00, 0x45, 0xFF, 0x00, 0x45, 0xFF,
        0x00, 0x45, 0xFF, 0x00, 0x45, 0xFF, 0x00, 0x45, 0xFF, 0x00, 0x45, 0xFF, 0x00, 0x45, 0xFF, 0x00,
        0x45, 0xFF, 0x00, 0x45, 0xFF, 0x00, 0x45, 0xFF, 0x00, 0x45, 0xFF, 0x00, 0x45, 0xFF, 0x00, 0x45,
        0xFF, 0x00, 0x45, 0xFF, 0x00, 0x45, 0xFF, 0x00, 0x45, 0xFF, 0x00, 0x45, 0xFF, 0x00, 0x45, 0xFF,
        0x00, 0x45, 0xFF, 0x00, 0x45, 0xFF, 0x00, 0x45, 0xFF, 0x00, 0x45, 0xFF, 0x00, 0x45, 0xFF, 0x00,
        0x45, 0xFF, 0x00, 0x45, 0xFF, 0x00, 0x45, 0xFF, 0x00, 0x45, 0xFF, 0xBF, 0xF4, 0xBE, 0x00, 0x45,
        0xFF, 0x00, 0x45, 0xFF, 0x00, 0x45, 0xFF, 0x00, 0x45, 0xFF, 0x00, 0x45, 0xFF, 0x00, 0x45, 0xFF,
        0x00, 0x45, 0xFF, 0x00, 0x45, 0xFF, 0x00, 0x45, 0xFF, 0x00, 0x45, 0xFF, 0x00, 0x45, 0xFF, 0x00,
        0x45, 0xFF, 0x00, 0x45, 0xFF, 0x00, 0x45, 0xFF, 0x00, 0x45, 0xFF, 0x00, 0x45, 0xFF, 0x00, 0x45,
        0xFF, 0x00, 0x45, 0xFF, 0x00, 0x45, 0xFF, 0x00, 0x45, 0xFF, 0x00, 0x45, 0xFF, 0x00, 0x45, 0xFF,
        0x00, 0x45, 0xFF, 0x00, 0x45, 0xFF, 0x00, 0x45, 0xFF, 0x00, 0x45, 0xFF, 0x00, 0x45, 0xFF, 0x00,
        0x45, 0xFF, 0x00, 0x45, 0xFF, 0x00, 0x45, 0xFF, 0x00, 0x45, 0xFF, 0x00, 0x45, 0xFF, 0x00, 0x45,
        0xFF, 0x00, 0x45, 0xFF, 0x00, 0x45, 0xFF, 0xA1, 0x9D, 0xBE, 0x00, 0x00
};

PROGMEM uint8_t BackPrevIcon_35x35[] = {
        0x42, 0x4D, 0xFC, 0x0E, 0x00, 0x00, 0x00, 0x00, 0x00, 0x00, 0x36, 0x00, 0x00, 0x00, 0x28, 0x00,
        0x00, 0x00, 0x23, 0x00, 0x00, 0x00, 0x23, 0x00, 0x00, 0x00, 0x01, 0x00, 0x18, 0x00, 0x00, 0x00,
        0x00, 0x00, 0xC6, 0x0E, 0x00, 0x00, 0x23, 0x2E, 0x00, 0x00, 0x23, 0x2E, 0x00, 0x00, 0x00, 0x00,
        0x00, 0x00, 0x00, 0x00, 0x00, 0x00, 0x00, 0x45, 0xFF, 0x00, 0x45, 0xFF, 0x00, 0x45, 0xFF, 0x00,
        0x45, 0xFF, 0x00, 0x45, 0xFF, 0x00, 0x45, 0xFF, 0x00, 0x45, 0xFF, 0x00, 0x45, 0xFF, 0x00, 0x45,
        0xFF, 0x00, 0x45, 0xFF, 0x00, 0x45, 0xFF, 0x00, 0x45, 0xFF, 0x00, 0x45, 0xFF, 0x00, 0x45, 0xFF,
        0x00, 0x45, 0xFF, 0x00, 0x45, 0xFF, 0x00, 0x45, 0xFF, 0x00, 0x45, 0xFF, 0x00, 0x45, 0xFF, 0x00,
        0x45, 0xFF, 0x00, 0x45, 0xFF, 0x00, 0x45, 0xFF, 0x00, 0x45, 0xFF, 0x00, 0x45, 0xFF, 0x00, 0x45,
        0xFF, 0x00, 0x45, 0xFF, 0x00, 0x45, 0xFF, 0x00, 0x45, 0xFF, 0x00, 0x45, 0xFF, 0x00, 0x45, 0xFF,
        0x00, 0x45, 0xFF, 0x00, 0x45, 0xFF, 0x00, 0x45, 0xFF, 0x00, 0x45, 0xFF, 0x00, 0x45, 0xFF, 0x00,
        0x00, 0x00, 0x00, 0x45, 0xFF, 0x00, 0x45, 0xFF, 0x00, 0x45, 0xFF, 0x00, 0x45, 0xFF, 0x00, 0x45,
        0xFF, 0x00, 0x45, 0xFF, 0x00, 0x45, 0xFF, 0x00, 0x45, 0xFF, 0x00, 0x45, 0xFF, 0x00, 0x45, 0xFF,
        0x00, 0x45, 0xFF, 0x00, 0x45, 0xFF, 0x00, 0x45, 0xFF, 0x00, 0x45, 0xFF, 0x00, 0x45, 0xFF, 0x00,
        0x45, 0xFF, 0x00, 0x45, 0xFF, 0x00, 0x45, 0xFF, 0x00, 0x45, 0xFF, 0x00, 0x45, 0xFF, 0x00, 0x45,
        0xFF, 0x00, 0x45, 0xFF, 0x00, 0x45, 0xFF, 0x00, 0x45, 0xFF, 0x00, 0x45, 0xFF, 0x00, 0x45, 0xFF,
        0x00, 0x45, 0xFF, 0x00, 0x45, 0xFF, 0x00, 0x45, 0xFF, 0x00, 0x45, 0xFF, 0x00, 0x45, 0xFF, 0x00,
        0x45, 0xFF, 0x00, 0x45, 0xFF, 0x00, 0x45, 0xFF, 0x00, 0x45, 0xFF, 0x66, 0x65, 0x00, 0x00, 0x45,
        0xFF, 0x00, 0x45, 0xFF, 0x00, 0x45, 0xFF, 0x00, 0x45, 0xFF, 0x00, 0x45, 0xFF, 0x00, 0x45, 0xFF,
        0x00, 0x45, 0xFF, 0x00, 0x45, 0xFF, 0x20, 0x5C, 0xFF, 0x40, 0x74, 0xFF, 0x40, 0x74, 0xFF, 0x40,
        0x74, 0xFF, 0x40, 0x74, 0xFF, 0x40, 0x74, 0xFF, 0x40, 0x74, 0xFF, 0x40, 0x74, 0xFF, 0x40, 0x74,
        0xFF, 0x40, 0x74, 0xFF, 0x40, 0x74, 0xFF, 0x40, 0x74, 0xFF, 0x40, 0x74, 0xFF, 0x40, 0x74, 0xFF,
        0x40, 0x74, 0xFF, 0x40, 0x74, 0xFF, 0x40, 0x74, 0xFF, 0x40, 0x74, 0xFF, 0x20, 0x5C, 0xFF, 0x00,
        0x45, 0xFF, 0x00, 0x45, 0xFF, 0x00, 0x45, 0xFF, 0x00, 0x45, 0xFF, 0x00, 0x45, 0xFF, 0x00, 0x45,
        0xFF, 0x00, 0x45, 0xFF, 0x00, 0x45, 0xFF, 0x63, 0x64, 0x37, 0x00, 0x45, 0xFF, 0x00, 0x45, 0xFF,
        0x00, 0x45, 0xFF, 0x00, 0x45, 0xFF, 0x00, 0x45, 0xFF, 0x10, 0x51, 0xFF, 0x80, 0xA2, 0xFF, 0xEF,
        0xF3, 0xFF, 0xFF, 0xFF, 0xFF, 0xFF, 0xFF, 0xFF, 0xFF, 0xFF, 0xFF, 0xFF, 0xFF, 0xFF, 0xFF, 0xFF,
        0xFF, 0xFF, 0xFF, 0xFF, 0xFF, 0xFF, 0xFF, 0xFF, 0xFF, 0xFF, 0xFF, 0xFF, 0xFF, 0xFF, 0xFF, 0xFF,
        0xFF, 0xFF, 0xFF, 0xFF, 0xFF, 0xFF, 0xFF, 0xFF, 0xFF, 0xFF, 0xFF, 0xFF, 0xFF, 0xFF, 0xFF, 0xFF,
        0xFF, 0xFF, 0xFF, 0xFF, 0xFF, 0xFF, 0xFF, 0xFF, 0xFF, 0xFF, 0xFF, 0xEF, 0xF3, 0xFF, 0x80, 0xA2,
        0xFF, 0x10, 0x51, 0xFF, 0x00, 0x45, 0xFF, 0x00, 0x45, 0xFF, 0x00, 0x45, 0xFF, 0x00, 0x45, 0xFF,
        0x00, 0x45, 0xFF, 0x62, 0x39, 0x33, 0x00, 0x45, 0xFF, 0x00, 0x45, 0xFF, 0x00, 0x45, 0xFF, 0x00,
        0x45, 0xFF, 0x30, 0x68, 0xFF, 0xEF, 0xF3, 0xFF, 0xFF, 0xFF, 0xFF, 0xFF, 0xFF, 0xFF, 0xFF, 0xFF,
        0xFF, 0xFF, 0xFF, 0xFF, 0xFF, 0xFF, 0xFF, 0xFF, 0xFF, 0xFF, 0xFF, 0xFF, 0xFF, 0xFF, 0xFF, 0xFF,
        0xFF, 0xFF, 0xFF, 0xFF, 0xFF, 0xFF, 0xFF, 0xFF, 0xFF, 0xFF, 0xFF, 0xFF, 0xFF, 0xFF, 0xFF, 0xFF,
        0xFF, 0xFF, 0xFF, 0xFF, 0xFF, 0xFF, 0xFF, 0xFF, 0xFF, 0xFF, 0xFF, 0xFF, 0xFF, 0xFF, 0xFF, 0xFF,
        0xFF, 0xFF, 0xFF, 0xFF, 0xFF, 0xFF, 0xFF, 0xFF, 0xFF, 0xFF, 0xFF, 0xFF, 0xFF, 0xCF, 0xDC, 0xFF,
        0x30, 0x68, 0xFF, 0x00, 0x45, 0xFF, 0x00, 0x45, 0xFF, 0x00, 0x45, 0xFF, 0x00, 0x45, 0xFF, 0x65,
        0x61, 0x35, 0x00, 0x45, 0xFF, 0x00, 0x45, 0xFF, 0x00, 0x45, 0xFF, 0x10, 0x51, 0xFF, 0xEF, 0xF3,
        0xFF, 0xFF, 0xFF, 0xFF, 0xFF, 0xFF, 0xFF, 0x8F, 0xAE, 0xFF, 0x30, 0x68, 0xFF, 0x00, 0x45, 0xFF,
        0x00, 0x45, 0xFF, 0x00, 0x45, 0xFF, 0x00, 0x45, 0xFF, 0x00, 0x45, 0xFF, 0x00, 0x45, 0xFF, 0x00,
        0x45, 0xFF, 0x00, 0x45, 0xFF, 0x00, 0x45, 0xFF, 0x00, 0x45, 0xFF, 0x00, 0x45, 0xFF, 0x00, 0x45,
        0xFF, 0x00, 0x45, 0xFF, 0x00, 0x45, 0xFF, 0x00, 0x45, 0xFF, 0x00, 0x45, 0xFF, 0x00, 0x45, 0xFF,
        0x40, 0x74, 0xFF, 0x9F, 0xB9, 0xFF, 0xFF, 0xFF, 0xFF, 0xFF, 0xFF, 0xFF, 0xCF, 0xDC, 0xFF, 0x10,
        0x51, 0xFF, 0x00, 0x45, 0xFF, 0x00, 0x45, 0xFF, 0x00, 0x45, 0xFF, 0x63, 0x65, 0x32, 0x00, 0x45,
        0xFF, 0x00, 0x45, 0xFF, 0x00, 0x45, 0xFF, 0x8F, 0xAE, 0xFF, 0xFF, 0xFF, 0xFF, 0xFF, 0xFF, 0xFF,
        0x50, 0x7F, 0xFF, 0x00, 0x45, 0xFF, 0x00, 0x45, 0xFF, 0x00, 0x45, 0xFF, 0x00, 0x45, 0xFF, 0x00,
        0x45, 0xFF, 0x00, 0x45, 0xFF, 0x00, 0x45, 0xFF, 0x00, 0x45, 0xFF, 0x00, 0x45, 0xFF, 0x00, 0x45,
        0xFF, 0x00, 0x45, 0xFF, 0x00, 0x45, 0xFF, 0x00, 0x45, 0xFF, 0x00, 0x45, 0xFF, 0x00, 0x45, 0xFF,
        0x00, 0x45, 0xFF, 0x00, 0x45, 0xFF, 0x00, 0x45, 0xFF, 0x00, 0x45, 0xFF, 0x00, 0x45, 0xFF, 0x00,
        0x45, 0xFF, 0x60, 0x8B, 0xFF, 0xFF, 0xFF, 0xFF, 0xFF, 0xFF, 0xFF, 0x80, 0xA2, 0xFF, 0x00, 0x45,
        0xFF, 0x00, 0x45, 0xFF, 0x00, 0x45, 0xFF, 0x38, 0x62, 0x64, 0x00, 0x45, 0xFF, 0x00, 0x45, 0xFF,
        0x00, 0x45, 0xFF, 0xEF, 0xF3, 0xFF, 0xFF, 0xFF, 0xFF, 0x8F, 0xAE, 0xFF, 0x00, 0x45, 0xFF, 0x00,
        0x45, 0xFF, 0x00, 0x45, 0xFF, 0x00, 0x45, 0xFF, 0x00, 0x45, 0xFF, 0x00, 0x45, 0xFF, 0x00, 0x45,
        0xFF, 0x00, 0x45, 0xFF, 0x00, 0x45, 0xFF, 0x00, 0x45, 0xFF, 0x00, 0x45, 0xFF, 0x00, 0x45, 0xFF,
        0x00, 0x45, 0xFF, 0x00, 0x45, 0xFF, 0x00, 0x45, 0xFF, 0x00, 0x45, 0xFF, 0x00, 0x45, 0xFF, 0x00,
        0x45, 0xFF, 0x00, 0x45, 0xFF, 0x00, 0x45, 0xFF, 0x00, 0x45, 0xFF, 0x00, 0x45, 0xFF, 0x00, 0x45,
        0xFF, 0x9F, 0xB9, 0xFF, 0xFF, 0xFF, 0xFF, 0xDF, 0xE8, 0xFF, 0x00, 0x45, 0xFF, 0x00, 0x45, 0xFF,
        0x00, 0x45, 0xFF, 0x39, 0x31, 0x63, 0x00, 0x45, 0xFF, 0x00, 0x45, 0xFF, 0x20, 0x5C, 0xFF, 0xFF,
        0xFF, 0xFF, 0xFF, 0xFF, 0xFF, 0x30, 0x68, 0xFF, 0x00, 0x45, 0xFF, 0x00, 0x45, 0xFF, 0x00, 0x45,
        0xFF, 0x00, 0x45, 0xFF, 0x00, 0x45, 0xFF, 0x00, 0x45, 0xFF, 0x00, 0x45, 0xFF, 0x00, 0x45, 0xFF,
        0x00, 0x45, 0xFF, 0x00, 0x45, 0xFF, 0x10, 0x51, 0xFF, 0x00, 0x45, 0xFF, 0x00, 0x45, 0xFF, 0x00,
        0x45, 0xFF, 0x00, 0x45, 0xFF, 0x00, 0x45, 0xFF, 0x00, 0x45, 0xFF, 0x00, 0x45, 0xFF, 0x00, 0x45,
        0xFF, 0x00, 0x45, 0xFF, 0x00, 0x45, 0xFF, 0x00, 0x45, 0xFF, 0x00, 0x45, 0xFF, 0x40, 0x74, 0xFF,
        0xFF, 0xFF, 0xFF, 0xFF, 0xFF, 0xFF, 0x00, 0x45, 0xFF, 0x00, 0x45, 0xFF, 0x00, 0x45, 0xFF, 0x38,
        0x31, 0x34, 0x00, 0x45, 0xFF, 0x00, 0x45, 0xFF, 0x40, 0x74, 0xFF, 0xFF, 0xFF, 0xFF, 0xFF, 0xFF,
        0xFF, 0x00, 0x45, 0xFF, 0x00, 0x45, 0xFF, 0x00, 0x45, 0xFF, 0x00, 0x45, 0xFF, 0x00, 0x45, 0xFF,
        0x00, 0x45, 0xFF, 0x00, 0x45, 0xFF, 0x00, 0x45, 0xFF, 0x00, 0x45, 0xFF, 0x00, 0x45, 0xFF, 0x10,
        0x51, 0xFF, 0xCF, 0xDC, 0xFF, 0x00, 0x45, 0xFF, 0x00, 0x45, 0xFF, 0x00, 0x45, 0xFF, 0x00, 0x45,
        0xFF, 0x00, 0x45, 0xFF, 0x00, 0x45, 0xFF, 0x00, 0x45, 0xFF, 0x00, 0x45, 0xFF, 0x00, 0x45, 0xFF,
        0x00, 0x45, 0xFF, 0x00, 0x45, 0xFF, 0x00, 0x45, 0xFF, 0x40, 0x74, 0xFF, 0xFF, 0xFF, 0xFF, 0xFF,
        0xFF, 0xFF, 0x00, 0x45, 0xFF, 0x00, 0x45, 0xFF, 0x00, 0x45, 0xFF, 0x54, 0x6B, 0x44, 0x00, 0x45,
        0xFF, 0x00, 0x45, 0xFF, 0x40, 0x74, 0xFF, 0xFF, 0xFF, 0xFF, 0xFF, 0xFF, 0xFF, 0x00, 0x45, 0xFF,
        0x00, 0x45, 0xFF, 0x00, 0x45, 0xFF, 0x00, 0x45, 0xFF, 0x00, 0x45, 0xFF, 0x00, 0x45, 0xFF, 0x00,
        0x45, 0xFF, 0x00, 0x45, 0xFF, 0x00, 0x45, 0xFF, 0x10, 0x51, 0xFF, 0xCF, 0xDC, 0xFF, 0xFF, 0xFF,
        0xFF, 0x00, 0x45, 0xFF, 0x00, 0x45, 0xFF, 0x00, 0x45, 0xFF, 0x00, 0x45, 0xFF, 0x00, 0x45, 0xFF,
        0x00, 0x45, 0xFF, 0x00, 0x45, 0xFF, 0x00, 0x45, 0xFF, 0x00, 0x45, 0xFF, 0x00, 0x45, 0xFF, 0x00,
        0x45, 0xFF, 0x00, 0x45, 0xFF, 0x40, 0x74, 0xFF, 0xFF, 0xFF, 0xFF, 0xFF, 0xFF, 0xFF, 0x00, 0x45,
        0xFF, 0x00, 0x45, 0xFF, 0x00, 0x45, 0xFF, 0x62, 0x33, 0x37, 0x00, 0x45, 0xFF, 0x00, 0x45, 0xFF,
        0x40, 0x74, 0xFF, 0xFF, 0xFF, 0xFF, 0xFF, 0xFF, 0xFF, 0x00, 0x45, 0xFF, 0x00, 0x45, 0xFF, 0x00,
        0x45, 0xFF, 0x00, 0x45, 0xFF, 0x00, 0x45, 0xFF, 0x00, 0x45, 0xFF, 0x00, 0x45, 0xFF, 0x00, 0x45,
        0xFF, 0x10, 0x51, 0xFF, 0xCF, 0xDC, 0xFF, 0xFF, 0xFF, 0xFF, 0xFF, 0xFF, 0xFF, 0x00, 0x45, 0xFF,
        0x00, 0x45, 0xFF, 0x00, 0x45, 0xFF, 0x00, 0x45, 0xFF, 0x00, 0x45, 0xFF, 0x00, 0x45, 0xFF, 0x00,
        0x45, 0xFF, 0x00, 0x45, 0xFF, 0x00, 0x45, 0xFF, 0x00, 0x45, 0xFF, 0x00, 0x45, 0xFF, 0x00, 0x45,
        0xFF, 0x40, 0x74, 0xFF, 0xFF, 0xFF, 0xFF, 0xFF, 0xFF, 0xFF, 0x00, 0x45, 0xFF, 0x00, 0x45, 0xFF,
        0x00, 0x45, 0xFF, 0x36, 0x63, 0x65, 0x00, 0x45, 0xFF, 0x00, 0x45, 0xFF, 0x40, 0x74, 0xFF, 0xFF,
        0xFF, 0xFF, 0xFF, 0xFF, 0xFF, 0x00, 0x45, 0xFF, 0x00, 0x45, 0xFF, 0x00, 0x45, 0xFF, 0x00, 0x45,
        0xFF, 0x00, 0x45, 0xFF, 0x00, 0x45, 0xFF, 0x00, 0x45, 0xFF, 0x10, 0x51, 0xFF, 0xCF, 0xDC, 0xFF,
        0xFF, 0xFF, 0xFF, 0xFF, 0xFF, 0xFF, 0xFF, 0xFF, 0xFF, 0x00, 0x45, 0xFF, 0x00, 0x45, 0xFF, 0x00,
        0x45, 0xFF, 0x00, 0x45, 0xFF, 0x00, 0x45, 0xFF, 0x00, 0x45, 0xFF, 0x00, 0x45, 0xFF, 0x00, 0x45,
        0xFF, 0x00, 0x45, 0xFF, 0x00, 0x45, 0xFF, 0x00, 0x45, 0xFF, 0x00, 0x45, 0xFF, 0x40, 0x74, 0xFF,
        0xFF, 0xFF, 0xFF, 0xFF, 0xFF, 0xFF, 0x00, 0x45, 0xFF, 0x00, 0x45, 0xFF, 0x00, 0x45, 0xFF, 0x63,
        0x33, 0x36, 0x00, 0x45, 0xFF, 0x00, 0x45, 0xFF, 0x40, 0x74, 0xFF, 0xFF, 0xFF, 0xFF, 0xFF, 0xFF,
        0xFF, 0x00, 0x45, 0xFF, 0x00, 0x45, 0xFF, 0x00, 0x45, 0xFF, 0x00, 0x45, 0xFF, 0x00, 0x45, 0xFF,
        0x00, 0x45, 0xFF, 0x10, 0x51, 0xFF, 0xCF, 0xDC, 0xFF, 0xFF, 0xFF, 0xFF, 0xFF, 0xFF, 0xFF, 0xFF,
        0xFF, 0xFF, 0xFF, 0xFF, 0xFF, 0x00, 0x45, 0xFF, 0x00, 0x45, 0xFF, 0x00, 0x45, 0xFF, 0x00, 0x45,
        0xFF, 0x00, 0x45, 0xFF, 0x00, 0x45, 0xFF, 0x00, 0x45, 0xFF, 0x00, 0x45, 0xFF, 0x00, 0x45, 0xFF,
        0x00, 0x45, 0xFF, 0x00, 0x45, 0xFF, 0x00, 0x45, 0xFF, 0x40, 0x74, 0xFF, 0xFF, 0xFF, 0xFF, 0xFF,
        0xFF, 0xFF, 0x00, 0x45, 0xFF, 0x00, 0x45, 0xFF, 0x00, 0x45, 0xFF, 0x32, 0x64, 0x34, 0x00, 0x45,
        0xFF, 0x00, 0x45, 0xFF, 0x40, 0x74, 0xFF, 0xFF, 0xFF, 0xFF, 0xFF, 0xFF, 0xFF, 0x00, 0x45, 0xFF,
        0x00, 0x45, 0xFF, 0x00, 0x45, 0xFF, 0x00, 0x45, 0xFF, 0x00, 0x45, 0xFF, 0x10, 0x51, 0xFF, 0xCF,
        0xDC, 0xFF, 0xFF, 0xFF, 0xFF, 0xFF, 0xFF, 0xFF, 0xFF, 0xFF, 0xFF, 0xFF, 0xFF, 0xFF, 0xFF, 0xFF,
        0xFF, 0x40, 0x74, 0xFF, 0x40, 0x74, 0xFF, 0x40, 0x74, 0xFF, 0x40, 0x74, 0xFF, 0x40, 0x74, 0xFF,
        0x40, 0x74, 0xFF, 0x40, 0x74, 0xFF, 0x40, 0x74, 0xFF, 0x40, 0x74, 0xFF, 0x40, 0x74, 0xFF, 0x30,
        0x68, 0xFF, 0x00, 0x45, 0xFF, 0x40, 0x74, 0xFF, 0xFF, 0xFF, 0xFF, 0xFF, 0xFF, 0xFF, 0x00, 0x45,
        0xFF, 0x00, 0x45, 0xFF, 0x00, 0x45, 0xFF, 0x38, 0x65, 0x38, 0x00, 0x45, 0xFF, 0x00, 0x45, 0xFF,
        0x40, 0x74, 0xFF, 0xFF, 0xFF, 0xFF, 0xFF, 0xFF, 0xFF, 0x00, 0x45, 0xFF, 0x00, 0x45, 0xFF, 0x00,
        0x45, 0xFF, 0x00, 0x45, 0xFF, 0x10, 0x51, 0xFF, 0xCF, 0xDC, 0xFF, 0xFF, 0xFF, 0xFF, 0xFF, 0xFF,
        0xFF, 0xFF, 0xFF, 0xFF, 0xFF, 0xFF, 0xFF, 0xFF, 0xFF, 0xFF, 0xFF, 0xFF, 0xFF, 0xFF, 0xFF, 0xFF,
        0xFF, 0xFF, 0xFF, 0xFF, 0xFF, 0xFF, 0xFF, 0xFF, 0xFF, 0xFF, 0xFF, 0xFF, 0xFF, 0xFF, 0xFF, 0xFF,
        0xFF, 0xFF, 0xFF, 0xFF, 0xFF, 0xFF, 0xFF, 0xFF, 0xFF, 0xFF, 0xFF, 0xBF, 0xD1, 0xFF, 0x00, 0x45,
        0xFF, 0x40, 0x74, 0xFF, 0xFF, 0xFF, 0xFF, 0xFF, 0xFF, 0xFF, 0x00, 0x45, 0xFF, 0x00, 0x45, 0xFF,
        0x00, 0x45, 0xFF, 0x61, 0x37, 0x37, 0x00, 0x45, 0xFF, 0x00, 0x45, 0xFF, 0x40, 0x74, 0xFF, 0xFF,
        0xFF, 0xFF, 0xFF, 0xFF, 0xFF, 0x00, 0x45, 0xFF, 0x00, 0x45, 0xFF, 0x00, 0x45, 0xFF, 0x10, 0x51,
        0xFF, 0xCF, 0xDC, 0xFF, 0xFF, 0xFF, 0xFF, 0xFF, 0xFF, 0xFF, 0xFF, 0xFF, 0xFF, 0xFF, 0xFF, 0xFF,
        0xFF, 0xFF, 0xFF, 0xFF, 0xFF, 0xFF, 0xFF, 0xFF, 0xFF, 0xFF, 0xFF, 0xFF, 0xFF, 0xFF, 0xFF, 0xFF,
        0xFF, 0xFF, 0xFF, 0xFF, 0xFF, 0xFF, 0xFF, 0xFF, 0xFF, 0xFF, 0xFF, 0xFF, 0xFF, 0xFF, 0xFF, 0xFF,
        0xFF, 0xFF, 0xFF, 0xFF, 0xFF, 0xFF, 0xFF, 0xBF, 0xD1, 0xFF, 0x00, 0x45, 0xFF, 0x40, 0x74, 0xFF,
        0xFF, 0xFF, 0xFF, 0xFF, 0xFF, 0xFF, 0x00, 0x45, 0xFF, 0x00, 0x45, 0xFF, 0x00, 0x45, 0xFF, 0x2D,
        0x37, 0x33, 0x00, 0x45, 0xFF, 0x00, 0x45, 0xFF, 0x40, 0x74, 0xFF, 0xFF, 0xFF, 0xFF, 0xFF, 0xFF,
        0xFF, 0x00, 0x45, 0xFF, 0x00, 0x45, 0xFF, 0x10, 0x51, 0xFF, 0xCF, 0xDC, 0xFF, 0xFF, 0xFF, 0xFF,
        0xFF, 0xFF, 0xFF, 0xFF, 0xFF, 0xFF, 0xFF, 0xFF, 0xFF, 0xFF, 0xFF, 0xFF, 0xFF, 0xFF, 0xFF, 0xFF,
        0xFF, 0xFF, 0xFF, 0xFF, 0xFF, 0xFF, 0xFF, 0xFF, 0xFF, 0xFF, 0xFF, 0xFF, 0xFF, 0xFF, 0xFF, 0xFF,
        0xFF, 0xFF, 0xFF, 0xFF, 0xFF, 0xFF, 0xFF, 0xFF, 0xFF, 0xFF, 0xFF, 0xFF, 0xFF, 0xFF, 0xFF, 0xFF,
        0xFF, 0xFF, 0xFF, 0xBF, 0xD1, 0xFF, 0x00, 0x45, 0xFF, 0x40, 0x74, 0xFF, 0xFF, 0xFF, 0xFF, 0xFF,
        0xFF, 0xFF, 0x00, 0x45, 0xFF, 0x00, 0x45, 0xFF, 0x00, 0x45, 0xFF, 0x2D, 0x33, 0x36, 0x00, 0x45,
        0xFF, 0x00, 0x45, 0xFF, 0x40, 0x74, 0xFF, 0xFF, 0xFF, 0xFF, 0xFF, 0xFF, 0xFF, 0x00, 0x45, 0xFF,
        0x00, 0x45, 0xFF, 0x10, 0x51, 0xFF, 0xCF, 0xDC, 0xFF, 0xFF, 0xFF, 0xFF, 0xFF, 0xFF, 0xFF, 0xFF,
        0xFF, 0xFF, 0xFF, 0xFF, 0xFF, 0xFF, 0xFF, 0xFF, 0xFF, 0xFF, 0xFF, 0xFF, 0xFF, 0xFF, 0xFF, 0xFF,
        0xFF, 0xFF, 0xFF, 0xFF, 0xFF, 0xFF, 0xFF, 0xFF, 0xFF, 0xFF, 0xFF, 0xFF, 0xFF, 0xFF, 0xFF, 0xFF,
        0xFF, 0xFF, 0xFF, 0xFF, 0xFF, 0xFF, 0xFF, 0xFF, 0xFF, 0xFF, 0xFF, 0xFF, 0xFF, 0xFF, 0xFF, 0xBF,
        0xD1, 0xFF, 0x00, 0x45, 0xFF, 0x40, 0x74, 0xFF, 0xFF, 0xFF, 0xFF, 0xFF, 0xFF, 0xFF, 0x00, 0x45,
        0xFF, 0x00, 0x45, 0xFF, 0x00, 0x45, 0xFF, 0x37, 0x36, 0x2C, 0x00, 0x45, 0xFF, 0x00, 0x45, 0xFF,
        0x40, 0x74, 0xFF, 0xFF, 0xFF, 0xFF, 0xFF, 0xFF, 0xFF, 0x00, 0x45, 0xFF, 0x00, 0x45, 0xFF, 0x00,
        0x45, 0xFF, 0x10, 0x51, 0xFF, 0xCF, 0xDC, 0xFF, 0xFF, 0xFF, 0xFF, 0xFF, 0xFF, 0xFF, 0xFF, 0xFF,
        0xFF, 0xFF, 0xFF, 0xFF, 0xFF, 0xFF, 0xFF, 0xFF, 0xFF, 0xFF, 0xFF, 0xFF, 0xFF, 0xFF, 0xFF, 0xFF,
        0xFF, 0xFF, 0xFF, 0xFF, 0xFF, 0xFF, 0xFF, 0xFF, 0xFF, 0xFF, 0xFF, 0xFF, 0xFF, 0xFF, 0xFF, 0xFF,
        0xFF, 0xFF, 0xFF, 0xFF, 0xFF, 0xFF, 0xFF, 0xFF, 0xFF, 0xFF, 0xFF, 0xBF, 0xD1, 0xFF, 0x00, 0x45,
        0xFF, 0x40, 0x74, 0xFF, 0xFF, 0xFF, 0xFF, 0xFF, 0xFF, 0xFF, 0x00, 0x45, 0xFF, 0x00, 0x45, 0xFF,
        0x00, 0x45, 0xFF, 0x30, 0x32, 0x30, 0x00, 0x45, 0xFF, 0x00, 0x45, 0xFF, 0x40, 0x74, 0xFF, 0xFF,
        0xFF, 0xFF, 0xFF, 0xFF, 0xFF, 0x00, 0x45, 0xFF, 0x00, 0x45, 0xFF, 0x00, 0x45, 0xFF, 0x00, 0x45,
        0xFF, 0x10, 0x51, 0xFF, 0xCF, 0xDC, 0xFF, 0xFF, 0xFF, 0xFF, 0xFF, 0xFF, 0xFF, 0xFF, 0xFF, 0xFF,
        0xFF, 0xFF, 0xFF, 0xFF, 0xFF, 0xFF, 0xFF, 0xFF, 0xFF, 0x40, 0x74, 0xFF, 0x40, 0x74, 0xFF, 0x40,
        0x74, 0xFF, 0x40, 0x74, 0xFF, 0x40, 0x74, 0xFF, 0x40, 0x74, 0xFF, 0x40, 0x74, 0xFF, 0x40, 0x74,
        0xFF, 0x40, 0x74, 0xFF, 0x40, 0x74, 0xFF, 0x30, 0x68, 0xFF, 0x00, 0x45, 0xFF, 0x40, 0x74, 0xFF,
        0xFF, 0xFF, 0xFF, 0xFF, 0xFF, 0xFF, 0x00, 0x45, 0xFF, 0x00, 0x45, 0xFF, 0x00, 0x45, 0xFF, 0x37,
        0x36, 0x39, 0x00, 0x45, 0xFF, 0x00, 0x45, 0xFF, 0x40, 0x74, 0xFF, 0xFF, 0xFF, 0xFF, 0xFF, 0xFF,
        0xFF, 0x00, 0x45, 0xFF, 0x00, 0x45, 0xFF, 0x00, 0x45, 0xFF, 0x00, 0x45, 0xFF, 0x00, 0x45, 0xFF,
        0x10, 0x51, 0xFF, 0xCF, 0xDC, 0xFF, 0xFF, 0xFF, 0xFF, 0xFF, 0xFF, 0xFF, 0xFF, 0xFF, 0xFF, 0xFF,
        0xFF, 0xFF, 0xFF, 0xFF, 0xFF, 0x00, 0x45, 0xFF, 0x00, 0x45, 0xFF, 0x00, 0x45, 0xFF, 0x00, 0x45,
        0xFF, 0x00, 0x45, 0xFF, 0x00, 0x45, 0xFF, 0x00, 0x45, 0xFF, 0x00, 0x45, 0xFF, 0x00, 0x45, 0xFF,
        0x00, 0x45, 0xFF, 0x00, 0x45, 0xFF, 0x00, 0x45, 0xFF, 0x40, 0x74, 0xFF, 0xFF, 0xFF, 0xFF, 0xFF,
        0xFF, 0xFF, 0x00, 0x45, 0xFF, 0x00, 0x45, 0xFF, 0x00, 0x45, 0xFF, 0x62, 0x34, 0x62, 0x00, 0x45,
        0xFF, 0x00, 0x45, 0xFF, 0x40, 0x74, 0xFF, 0xFF, 0xFF, 0xFF, 0xFF, 0xFF, 0xFF, 0x00, 0x45, 0xFF,
        0x00, 0x45, 0xFF, 0x00, 0x45, 0xFF, 0x00, 0x45, 0xFF, 0x00, 0x45, 0xFF, 0x00, 0x45, 0xFF, 0x10,
        0x51, 0xFF, 0xCF, 0xDC, 0xFF, 0xFF, 0xFF, 0xFF, 0xFF, 0xFF, 0xFF, 0xFF, 0xFF, 0xFF, 0xFF, 0xFF,
        0xFF, 0x00, 0x45, 0xFF, 0x00, 0x45, 0xFF, 0x00, 0x45, 0xFF, 0x00, 0x45, 0xFF, 0x00, 0x45, 0xFF,
        0x00, 0x45, 0xFF, 0x00, 0x45, 0xFF, 0x00, 0x45, 0xFF, 0x00, 0x45, 0xFF, 0x00, 0x45, 0xFF, 0x00,
        0x45, 0xFF, 0x00, 0x45, 0xFF, 0x40, 0x74, 0xFF, 0xFF, 0xFF, 0xFF, 0xFF, 0xFF, 0xFF, 0x00, 0x45,
        0xFF, 0x00, 0x45, 0xFF, 0x00, 0x45, 0xFF, 0x38, 0x30, 0x63, 0x00, 0x45, 0xFF, 0x00, 0x45, 0xFF,
        0x40, 0x74, 0xFF, 0xFF, 0xFF, 0xFF, 0xFF, 0xFF, 0xFF, 0x00, 0x45, 0xFF, 0x00, 0x45, 0xFF, 0x00,
        0x45, 0xFF, 0x00, 0x45, 0xFF, 0x00, 0x45, 0xFF, 0x00, 0x45, 0xFF, 0x00, 0x45, 0xFF, 0x10, 0x51,
        0xFF, 0xCF, 0xDC, 0xFF, 0xFF, 0xFF, 0xFF, 0xFF, 0xFF, 0xFF, 0xFF, 0xFF, 0xFF, 0x00, 0x45, 0xFF,
        0x00, 0x45, 0xFF, 0x00, 0x45, 0xFF, 0x00, 0x45, 0xFF, 0x00, 0x45, 0xFF, 0x00, 0x45, 0xFF, 0x00,
        0x45, 0xFF, 0x00, 0x45, 0xFF, 0x00, 0x45, 0xFF, 0x00, 0x45, 0xFF, 0x00, 0x45, 0xFF, 0x00, 0x45,
        0xFF, 0x40, 0x74, 0xFF, 0xFF, 0xFF, 0xFF, 0xFF, 0xFF, 0xFF, 0x00, 0x45, 0xFF, 0x00, 0x45, 0xFF,
        0x00, 0x45, 0xFF, 0x34, 0x38, 0x30, 0x00, 0x45, 0xFF, 0x00, 0x45, 0xFF, 0x40, 0x74, 0xFF, 0xFF,
        0xFF, 0xFF, 0xFF, 0xFF, 0xFF, 0x00, 0x45, 0xFF, 0x00, 0x45, 0xFF, 0x00, 0x45, 0xFF, 0x00, 0x45,
        0xFF, 0x00, 0x45, 0xFF, 0x00, 0x45, 0xFF, 0x00, 0x45, 0xFF, 0x00, 0x45, 0xFF, 0x10, 0x51, 0xFF,
        0xCF, 0xDC, 0xFF, 0xFF, 0xFF, 0xFF, 0xFF, 0xFF, 0xFF, 0x00, 0x45, 0xFF, 0x00, 0x45, 0xFF, 0x00,
        0x45, 0xFF, 0x00, 0x45, 0xFF, 0x00, 0x45, 0xFF, 0x00, 0x45, 0xFF, 0x00, 0x45, 0xFF, 0x00, 0x45,
        0xFF, 0x00, 0x45, 0xFF, 0x00, 0x45, 0xFF, 0x00, 0x45, 0xFF, 0x00, 0x45, 0xFF, 0x40, 0x74, 0xFF,
        0xFF, 0xFF, 0xFF, 0xFF, 0xFF, 0xFF, 0x00, 0x45, 0xFF, 0x00, 0x45, 0xFF, 0x00, 0x45, 0xFF, 0x66,
        0x35, 0x39, 0x00, 0x45, 0xFF, 0x00, 0x45, 0xFF, 0x40, 0x74, 0xFF, 0xFF, 0xFF, 0xFF, 0xFF, 0xFF,
        0xFF, 0x00, 0x45, 0xFF, 0x00, 0x45, 0xFF, 0x00, 0x45, 0xFF, 0x00, 0x45, 0xFF, 0x00, 0x45, 0xFF,
        0x00, 0x45, 0xFF, 0x00, 0x45, 0xFF, 0x00, 0x45, 0xFF, 0x00, 0x45, 0xFF, 0x10, 0x51, 0xFF, 0xCF,
        0xDC, 0xFF, 0xFF, 0xFF, 0xFF, 0x00, 0x45, 0xFF, 0x00, 0x45, 0xFF, 0x00, 0x45, 0xFF, 0x00, 0x45,
        0xFF, 0x00, 0x45, 0xFF, 0x00, 0x45, 0xFF, 0x00, 0x45, 0xFF, 0x00, 0x45, 0xFF, 0x00, 0x45, 0xFF,
        0x00, 0x45, 0xFF, 0x00, 0x45, 0xFF, 0x00, 0x45, 0xFF, 0x40, 0x74, 0xFF, 0xFF, 0xFF, 0xFF, 0xFF,
        0xFF, 0xFF, 0x00, 0x45, 0xFF, 0x00, 0x45, 0xFF, 0x00, 0x45, 0xFF, 0x37, 0x36, 0x36, 0x00, 0x45,
        0xFF, 0x00, 0x45, 0xFF, 0x20, 0x5C, 0xFF, 0xFF, 0xFF, 0xFF, 0xFF, 0xFF, 0xFF, 0x40, 0x74, 0xFF,
        0x00, 0x45, 0xFF, 0x00, 0x45, 0xFF, 0x00, 0x45, 0xFF, 0x00, 0x45, 0xFF, 0x00, 0x45, 0xFF, 0x00,
        0x45, 0xFF, 0x00, 0x45, 0xFF, 0x00, 0x45, 0xFF, 0x00, 0x45, 0xFF, 0x10, 0x51, 0xFF, 0xCF, 0xDC,
        0xFF, 0x00, 0x45, 0xFF, 0x00, 0x45, 0xFF, 0x00, 0x45, 0xFF, 0x00, 0x45, 0xFF, 0x00, 0x45, 0xFF,
        0x00, 0x45, 0xFF, 0x00, 0x45, 0xFF, 0x00, 0x45, 0xFF, 0x00, 0x45, 0xFF, 0x00, 0x45, 0xFF, 0x00,
        0x45, 0xFF, 0x00, 0x45, 0xFF, 0x50, 0x7F, 0xFF, 0xFF, 0xFF, 0xFF, 0xFF, 0xFF, 0xFF, 0x00, 0x45,
        0xFF, 0x00, 0x45, 0xFF, 0x00, 0x45, 0xFF, 0x54, 0x6B, 0x44, 0x00, 0x45, 0xFF, 0x00, 0x45, 0xFF,
        0x00, 0x45, 0xFF, 0xEF, 0xF3, 0xFF, 0xFF, 0xFF, 0xFF, 0x9F, 0xB9, 0xFF, 0x00, 0x45, 0xFF, 0x00,
        0x45, 0xFF, 0x00, 0x45, 0xFF, 0x00, 0x45, 0xFF, 0x00, 0x45, 0xFF, 0x00, 0x45, 0xFF, 0x00, 0x45,
        0xFF, 0x00, 0x45, 0xFF, 0x00, 0x45, 0xFF, 0x00, 0x45, 0xFF, 0x10, 0x51, 0xFF, 0x00, 0x45, 0xFF,
        0x00, 0x45, 0xFF, 0x00, 0x45, 0xFF, 0x00, 0x45, 0xFF, 0x00, 0x45, 0xFF, 0x00, 0x45, 0xFF, 0x00,
        0x45, 0xFF, 0x00, 0x45, 0xFF, 0x00, 0x45, 0xFF, 0x00, 0x45, 0xFF, 0x00, 0x45, 0xFF, 0x00, 0x45,
        0xFF, 0xAF, 0xC5, 0xFF, 0xFF, 0xFF, 0xFF, 0xCF, 0xDC, 0xFF, 0x00, 0x45, 0xFF, 0x00, 0x45, 0xFF,
        0x00, 0x45, 0xFF, 0x38, 0x30, 0x39, 0x00, 0x45, 0xFF, 0x00, 0x45, 0xFF, 0x00, 0x45, 0xFF, 0x80,
        0xA2, 0xFF, 0xFF, 0xFF, 0xFF, 0xFF, 0xFF, 0xFF, 0x60, 0x8B, 0xFF, 0x00, 0x45, 0xFF, 0x00, 0x45,
        0xFF, 0x00, 0x45, 0xFF, 0x00, 0x45, 0xFF, 0x00, 0x45, 0xFF, 0x00, 0x45, 0xFF, 0x00, 0x45, 0xFF,
        0x00, 0x45, 0xFF, 0x00, 0x45, 0xFF, 0x00, 0x45, 0xFF, 0x00, 0x45, 0xFF, 0x00, 0x45, 0xFF, 0x00,
        0x45, 0xFF, 0x00, 0x45, 0xFF, 0x00, 0x45, 0xFF, 0x00, 0x45, 0xFF, 0x00, 0x45, 0xFF, 0x00, 0x45,
        0xFF, 0x00, 0x45, 0xFF, 0x00, 0x45, 0xFF, 0x00, 0x45, 0xFF, 0x60, 0x8B, 0xFF, 0xFF, 0xFF, 0xFF,
        0xFF, 0xFF, 0xFF, 0x70, 0x96, 0xFF, 0x00, 0x45, 0xFF, 0x00, 0x45, 0xFF, 0x00, 0x45, 0xFF, 0x65,
        0x35, 0x35, 0x00, 0x45, 0xFF, 0x00, 0x45, 0xFF, 0x00, 0x45, 0xFF, 0x10, 0x51, 0xFF, 0xCF, 0xDC,
        0xFF, 0xFF, 0xFF, 0xFF, 0xFF, 0xFF, 0xFF, 0x9F, 0xB9, 0xFF, 0x40, 0x74, 0xFF, 0x40, 0x74, 0xFF,
        0x40, 0x74, 0xFF, 0x40, 0x74, 0xFF, 0x40, 0x74, 0xFF, 0x40, 0x74, 0xFF, 0x40, 0x74, 0xFF, 0x40,
        0x74, 0xFF, 0x40, 0x74, 0xFF, 0x40, 0x74, 0xFF, 0x40, 0x74, 0xFF, 0x40, 0x74, 0xFF, 0x40, 0x74,
        0xFF, 0x40, 0x74, 0xFF, 0x40, 0x74, 0xFF, 0x40, 0x74, 0xFF, 0x40, 0x74, 0xFF, 0x40, 0x74, 0xFF,
        0x50, 0x7F, 0xFF, 0xAF, 0xC5, 0xFF, 0xFF, 0xFF, 0xFF, 0xFF, 0xFF, 0xFF, 0xCF, 0xDC, 0xFF, 0x00,
        0x45, 0xFF, 0x00, 0x45, 0xFF, 0x00, 0x45, 0xFF, 0x00, 0x45, 0xFF, 0x37, 0x32, 0x33, 0x00, 0x45,
        0xFF, 0x00, 0x45, 0xFF, 0x00, 0x45, 0xFF, 0x00, 0x45, 0xFF, 0x30, 0x68, 0xFF, 0xCF, 0xDC, 0xFF,
        0xFF, 0xFF, 0xFF, 0xFF, 0xFF, 0xFF, 0xFF, 0xFF, 0xFF, 0xFF, 0xFF, 0xFF, 0xFF, 0xFF, 0xFF, 0xFF,
        0xFF, 0xFF, 0xFF, 0xFF, 0xFF, 0xFF, 0xFF, 0xFF, 0xFF, 0xFF, 0xFF, 0xFF, 0xFF, 0xFF, 0xFF, 0xFF,
        0xFF, 0xFF, 0xFF, 0xFF, 0xFF, 0xFF, 0xFF, 0xFF, 0xFF, 0xFF, 0xFF, 0xFF, 0xFF, 0xFF, 0xFF, 0xFF,
        0xFF, 0xFF, 0xFF, 0xFF, 0xFF, 0xFF, 0xFF, 0xFF, 0xFF, 0xFF, 0xFF, 0xFF, 0xFF, 0xFF, 0xFF, 0xFF,
        0xFF, 0xFF, 0xFF, 0xFF, 0xFF, 0xCF, 0xDC, 0xFF, 0x10, 0x51, 0xFF, 0x00, 0x45, 0xFF, 0x00, 0x45,
        0xFF, 0x00, 0x45, 0xFF, 0x00, 0x45, 0xFF, 0x35, 0x62, 0x61, 0x00, 0x45, 0xFF, 0x00, 0x45, 0xFF,
        0x00, 0x45, 0xFF, 0x00, 0x45, 0xFF, 0x00, 0x45, 0xFF, 0x10, 0x51, 0xFF, 0x80, 0xA2, 0xFF, 0xDF,
        0xE8, 0xFF, 0xFF, 0xFF, 0xFF, 0xFF, 0xFF, 0xFF, 0xFF, 0xFF, 0xFF, 0xFF, 0xFF, 0xFF, 0xFF, 0xFF,
        0xFF, 0xFF, 0xFF, 0xFF, 0xFF, 0xFF, 0xFF, 0xFF, 0xFF, 0xFF, 0xFF, 0xFF, 0xFF, 0xFF, 0xFF, 0xFF,
        0xFF, 0xFF, 0xFF, 0xFF, 0xFF, 0xFF, 0xFF, 0xFF, 0xFF, 0xFF, 0xFF, 0xFF, 0xFF, 0xFF, 0xFF, 0xFF,
        0xFF, 0xFF, 0xFF, 0xFF, 0xFF, 0xFF, 0xFF, 0xFF, 0xFF, 0xFF, 0xFF, 0xCF, 0xDC, 0xFF, 0x70, 0x96,
        0xFF, 0x00, 0x45, 0xFF, 0x00, 0x45, 0xFF, 0x00, 0x45, 0xFF, 0x00, 0x45, 0xFF, 0x00, 0x45, 0xFF,
        0x00, 0x45, 0xFF, 0x34, 0x38, 0x30, 0x00, 0x45, 0xFF, 0x00, 0x45, 0xFF, 0x00, 0x45, 0xFF, 0x00,
        0x45, 0xFF, 0x00, 0x45, 0xFF, 0x00, 0x45, 0xFF, 0x00, 0x45, 0xFF, 0x00, 0x45, 0xFF, 0x00, 0x45,
        0xFF, 0x00, 0x45, 0xFF, 0x00, 0x45, 0xFF, 0x00, 0x45, 0xFF, 0x00, 0x45, 0xFF, 0x00, 0x45, 0xFF,
        0x00, 0x45, 0xFF, 0x00, 0x45, 0xFF, 0x00, 0x45, 0xFF, 0x00, 0x45, 0xFF, 0x00, 0x45, 0xFF, 0x00,
        0x45, 0xFF, 0x00, 0x45, 0xFF, 0x00, 0x45, 0xFF, 0x00, 0x45, 0xFF, 0x00, 0x45, 0xFF, 0x00, 0x45,
        0xFF, 0x00, 0x45, 0xFF, 0x00, 0x45, 0xFF, 0x00, 0x45, 0xFF, 0x00, 0x45, 0xFF, 0x00, 0x45, 0xFF,
        0x00, 0x45, 0xFF, 0x00, 0x45, 0xFF, 0x00, 0x45, 0xFF, 0x00, 0x45, 0xFF, 0x00, 0x45, 0xFF, 0x37,
        0x62, 0x36, 0x00, 0x45, 0xFF, 0x00, 0x45, 0xFF, 0x00, 0x45, 0xFF, 0x00, 0x45, 0xFF, 0x00, 0x45,
        0xFF, 0x00, 0x45, 0xFF, 0x00, 0x45, 0xFF, 0x00, 0x45, 0xFF, 0x00, 0x45, 0xFF, 0x00, 0x45, 0xFF,
        0x00, 0x45, 0xFF, 0x00, 0x45, 0xFF, 0x00, 0x45, 0xFF, 0x00, 0x45, 0xFF, 0x00, 0x45, 0xFF, 0x00,
        0x45, 0xFF, 0x00, 0x45, 0xFF, 0x00, 0x45, 0xFF, 0x00, 0x45, 0xFF, 0x00, 0x45, 0xFF, 0x00, 0x45,
        0xFF, 0x00, 0x45, 0xFF, 0x00, 0x45, 0xFF, 0x00, 0x45, 0xFF, 0x00, 0x45, 0xFF, 0x00, 0x45, 0xFF,
        0x00, 0x45, 0xFF, 0x00, 0x45, 0xFF, 0x00, 0x45, 0xFF, 0x00, 0x45, 0xFF, 0x00, 0x45, 0xFF, 0x00,
        0x45, 0xFF, 0x00, 0x45, 0xFF, 0x00, 0x45, 0xFF, 0x00, 0x45, 0xFF, 0x2D, 0x38, 0x31, 0x00, 0x45,
        0xFF, 0x00, 0x45, 0xFF, 0x00, 0x45, 0xFF, 0x00, 0x45, 0xFF, 0x00, 0x45, 0xFF, 0x00, 0x45, 0xFF,
        0x00, 0x45, 0xFF, 0x00, 0x45, 0xFF, 0x00, 0x45, 0xFF, 0x00, 0x45, 0xFF, 0x00, 0x45, 0xFF, 0x00,
        0x45, 0xFF, 0x00, 0x45, 0xFF, 0x00, 0x45, 0xFF, 0x00, 0x45, 0xFF, 0x00, 0x45, 0xFF, 0x00, 0x45,
        0xFF, 0x00, 0x45, 0xFF, 0x00, 0x45, 0xFF, 0x00, 0x45, 0xFF, 0x00, 0x45, 0xFF, 0x00, 0x45, 0xFF,
        0x00, 0x45, 0xFF, 0x00, 0x45, 0xFF, 0x00, 0x45, 0xFF, 0x00, 0x45, 0xFF, 0x00, 0x45, 0xFF, 0x00,
        0x45, 0xFF, 0x00, 0x45, 0xFF, 0x00, 0x45, 0xFF, 0x00, 0x45, 0xFF, 0x00, 0x45, 0xFF, 0x00, 0x45,
        0xFF, 0x00, 0x45, 0xFF, 0x00, 0x45, 0xFF, 0x2D, 0x33, 0x36, 0x00, 0x00
};

PROGMEM uint8_t EnterIcon_35x35[] = {
        0x42, 0x4D, 0xFC, 0x0E, 0x00, 0x00, 0x00, 0x00, 0x00, 0x00, 0x36, 0x00, 0x00, 0x00, 0x28, 0x00,
        0x00, 0x00, 0x23, 0x00, 0x00, 0x00, 0xDD, 0xFF, 0xFF, 0xFF, 0x01, 0x00, 0x18, 0x00, 0x00, 0x00,
        0x00, 0x00, 0xC6, 0x0E, 0x00, 0x00, 0x23, 0x2E, 0x00, 0x00, 0x23, 0x2E, 0x00, 0x00, 0x00, 0x00,
        0x00, 0x00, 0x00, 0x00, 0x00, 0x00, 0x00, 0x45, 0xFF, 0x00, 0x45, 0xFF, 0x00, 0x45, 0xFF, 0x00,
        0x45, 0xFF, 0x00, 0x45, 0xFF, 0x00, 0x45, 0xFF, 0x00, 0x45, 0xFF, 0x00, 0x45, 0xFF, 0x00, 0x45,
        0xFF, 0x00, 0x45, 0xFF, 0x00, 0x45, 0xFF, 0x00, 0x45, 0xFF, 0x00, 0x45, 0xFF, 0x00, 0x45, 0xFF,
        0x00, 0x45, 0xFF, 0x00, 0x45, 0xFF, 0x00, 0x45, 0xFF, 0x00, 0x45, 0xFF, 0x00, 0x45, 0xFF, 0x00,
        0x45, 0xFF, 0x00, 0x45, 0xFF, 0x00, 0x45, 0xFF, 0x00, 0x45, 0xFF, 0x00, 0x45, 0xFF, 0x00, 0x45,
        0xFF, 0x00, 0x45, 0xFF, 0x00, 0x45, 0xFF, 0x00, 0x45, 0xFF, 0x00, 0x45, 0xFF, 0x00, 0x45, 0xFF,
        0x00, 0x45, 0xFF, 0x00, 0x45, 0xFF, 0x00, 0x45, 0xFF, 0x00, 0x45, 0xFF, 0x00, 0x45, 0xFF, 0x58,
        0x4D, 0x50, 0x00, 0x45, 0xFF, 0x00, 0x45, 0xFF, 0x00, 0x45, 0xFF, 0x00, 0x45, 0xFF, 0x00, 0x45,
        0xFF, 0x00, 0x45, 0xFF, 0x00, 0x45, 0xFF, 0x00, 0x45, 0xFF, 0x00, 0x45, 0xFF, 0x00, 0x45, 0xFF,
        0x00, 0x45, 0xFF, 0x00, 0x45, 0xFF, 0x00, 0x45, 0xFF, 0x00, 0x45, 0xFF, 0x00, 0x45, 0xFF, 0x00,
        0x45, 0xFF, 0x00, 0x45, 0xFF, 0x00, 0x45, 0xFF, 0x00, 0x45, 0xFF, 0x00, 0x45, 0xFF, 0x00, 0x45,
        0xFF, 0x00, 0x45, 0xFF, 0x00, 0x45, 0xFF, 0x00, 0x45, 0xFF, 0x00, 0x45, 0xFF, 0x00, 0x45, 0xFF,
        0x00, 0x45, 0xFF, 0x00, 0x45, 0xFF, 0x00, 0x45, 0xFF, 0x00, 0x45, 0xFF, 0x00, 0x45, 0xFF, 0x00,
        0x45, 0xFF, 0x00, 0x45, 0xFF, 0x00, 0x45, 0xFF, 0x00, 0x45, 0xFF, 0x2F, 0x32, 0x32, 0x00, 0x45,
        0xFF, 0x00, 0x45, 0xFF, 0x00, 0x45, 0xFF, 0x00, 0x45, 0xFF, 0x00, 0x45, 0xFF, 0x00, 0x45, 0xFF,
        0x00, 0x45, 0xFF, 0x00, 0x45, 0xFF, 0x00, 0x45, 0xFF, 0x00, 0x45, 0xFF, 0x00, 0x45, 0xFF, 0x00,
        0x45, 0xFF, 0x00, 0x45, 0xFF, 0x00, 0x45, 0xFF, 0x00, 0x45, 0xFF, 0x00, 0x45, 0xFF, 0x80, 0xA2,
        0xFF, 0x80, 0xA2, 0xFF, 0x80, 0xA2, 0xFF, 0x80, 0xA2, 0xFF, 0x80, 0xA2, 0xFF, 0x80, 0xA2, 0xFF,
        0x80, 0xA2, 0xFF, 0x80, 0xA2, 0xFF, 0x80, 0xA2, 0xFF, 0x80, 0xA2, 0xFF, 0x80, 0xA2, 0xFF, 0x80,
        0xA2, 0xFF, 0x80, 0xA2, 0xFF, 0x80, 0xA2, 0xFF, 0x80, 0xA2, 0xFF, 0x70, 0x97, 0xFF, 0x00, 0x45,
        0xFF, 0x00, 0x45, 0xFF, 0x00, 0x45, 0xFF, 0x22, 0x0A, 0x20, 0x00, 0x45, 0xFF, 0x00, 0x45, 0xFF,
        0x00, 0x45, 0xFF, 0x00, 0x45, 0xFF, 0x00, 0x45, 0xFF, 0x00, 0x45, 0xFF, 0x00, 0x45, 0xFF, 0x00,
        0x45, 0xFF, 0x00, 0x45, 0xFF, 0x00, 0x45, 0xFF, 0x00, 0x45, 0xFF, 0x00, 0x45, 0xFF, 0x00, 0x45,
        0xFF, 0x00, 0x45, 0xFF, 0x00, 0x45, 0xFF, 0x00, 0x45, 0xFF, 0xFF, 0xFF, 0xFF, 0xDF, 0xE8, 0xFF,
        0xFF, 0xFF, 0xFF, 0xFF, 0xFF, 0xFF, 0xFF, 0xFF, 0xFF, 0xFF, 0xFF, 0xFF, 0xEF, 0xF3, 0xFF, 0xBF,
        0xD0, 0xFF, 0xBF, 0xD0, 0xFF, 0xBF, 0xD0, 0xFF, 0xBF, 0xD0, 0xFF, 0xBF, 0xD0, 0xFF, 0xBF, 0xD0,
        0xFF, 0xBF, 0xD0, 0xFF, 0xCF, 0xDC, 0xFF, 0xFF, 0xFF, 0xFF, 0x00, 0x45, 0xFF, 0x00, 0x45, 0xFF,
        0x00, 0x45, 0xFF, 0x68, 0x6F, 0x74, 0x00, 0x45, 0xFF, 0x00, 0x45, 0xFF, 0x00, 0x45, 0xFF, 0x00,
        0x45, 0xFF, 0x00, 0x45, 0xFF, 0x00, 0x45, 0xFF, 0x00, 0x45, 0xFF, 0x00, 0x45, 0xFF, 0x00, 0x45,
        0xFF, 0x00, 0x45, 0xFF, 0x20, 0x5C, 0xFF, 0x60, 0x8B, 0xFF, 0x60, 0x8B, 0xFF, 0x10, 0x51, 0xFF,
        0x00, 0x45, 0xFF, 0x00, 0x45, 0xFF, 0xFF, 0xFF, 0xFF, 0x00, 0x45, 0xFF, 0x20, 0x5C, 0xFF, 0x60,
        0x8B, 0xFF, 0x9F, 0xB9, 0xFF, 0xCF, 0xDC, 0xFF, 0xFF, 0xFF, 0xFF, 0xEF, 0xF3, 0xFF, 0xBF, 0xD0,
        0xFF, 0x80, 0xA2, 0xFF, 0x20, 0x5C, 0xFF, 0x00, 0x45, 0xFF, 0x00, 0x45, 0xFF, 0x00, 0x45, 0xFF,
        0x40, 0x74, 0xFF, 0xFF, 0xFF, 0xFF, 0x00, 0x45, 0xFF, 0x00, 0x45, 0xFF, 0x00, 0x45, 0xFF, 0x61,
        0x64, 0x6F, 0x00, 0x45, 0xFF, 0x00, 0x45, 0xFF, 0x00, 0x45, 0xFF, 0x00, 0x45, 0xFF, 0x00, 0x45,
        0xFF, 0x00, 0x45, 0xFF, 0x00, 0x45, 0xFF, 0x00, 0x45, 0xFF, 0x00, 0x45, 0xFF, 0x50, 0x7F, 0xFF,
        0xEF, 0xF3, 0xFF, 0xFF, 0xFF, 0xFF, 0xFF, 0xFF, 0xFF, 0xEF, 0xF3, 0xFF, 0x30, 0x68, 0xFF, 0x00,
        0x45, 0xFF, 0xFF, 0xFF, 0xFF, 0x00, 0x45, 0xFF, 0x00, 0x45, 0xFF, 0x00, 0x45, 0xFF, 0x00, 0x45,
        0xFF, 0x00, 0x45, 0xFF, 0x10, 0x51, 0xFF, 0x50, 0x7F, 0xFF, 0x80, 0xA2, 0xFF, 0xDF, 0xE8, 0xFF,
        0xBF, 0xD0, 0xFF, 0x00, 0x45, 0xFF, 0x00, 0x45, 0xFF, 0x00, 0x45, 0xFF, 0x40, 0x74, 0xFF, 0xFF,
        0xFF, 0xFF, 0x00, 0x45, 0xFF, 0x00, 0x45, 0xFF, 0x00, 0x45, 0xFF, 0x6F, 0x72, 0x54, 0x00, 0x45,
        0xFF, 0x00, 0x45, 0xFF, 0x00, 0x45, 0xFF, 0x00, 0x45, 0xFF, 0x00, 0x45, 0xFF, 0x00, 0x45, 0xFF,
        0x00, 0x45, 0xFF, 0x00, 0x45, 0xFF, 0x00, 0x45, 0xFF, 0xEF, 0xF3, 0xFF, 0xFF, 0xFF, 0xFF, 0xFF,
        0xFF, 0xFF, 0xFF, 0xFF, 0xFF, 0xFF, 0xFF, 0xFF, 0xDF, 0xE8, 0xFF, 0x00, 0x45, 0xFF, 0xFF, 0xFF,
        0xFF, 0x00, 0x45, 0xFF, 0x00, 0x45, 0xFF, 0x00, 0x45, 0xFF, 0x00, 0x45, 0xFF, 0x00, 0x45, 0xFF,
        0x00, 0x45, 0xFF, 0x00, 0x45, 0xFF, 0x00, 0x45, 0xFF, 0x80, 0xA2, 0xFF, 0xBF, 0xD0, 0xFF, 0x00,
        0x45, 0xFF, 0x00, 0x45, 0xFF, 0x00, 0x45, 0xFF, 0x40, 0x74, 0xFF, 0xFF, 0xFF, 0xFF, 0x00, 0x45,
        0xFF, 0x00, 0x45, 0xFF, 0x00, 0x45, 0xFF, 0x2D, 0x32, 0x34, 0x00, 0x45, 0xFF, 0x00, 0x45, 0xFF,
        0x00, 0x45, 0xFF, 0x00, 0x45, 0xFF, 0x00, 0x45, 0xFF, 0x00, 0x45, 0xFF, 0x00, 0x45, 0xFF, 0x00,
        0x45, 0xFF, 0x40, 0x74, 0xFF, 0xFF, 0xFF, 0xFF, 0xFF, 0xFF, 0xFF, 0xFF, 0xFF, 0xFF, 0xFF, 0xFF,
        0xFF, 0xFF, 0xFF, 0xFF, 0xFF, 0xFF, 0xFF, 0x00, 0x45, 0xFF, 0xFF, 0xFF, 0xFF, 0x00, 0x45, 0xFF,
        0x00, 0x45, 0xFF, 0x00, 0x45, 0xFF, 0x00, 0x45, 0xFF, 0x00, 0x45, 0xFF, 0x00, 0x45, 0xFF, 0x00,
        0x45, 0xFF, 0x00, 0x45, 0xFF, 0x80, 0xA2, 0xFF, 0xBF, 0xD0, 0xFF, 0x00, 0x45, 0xFF, 0x00, 0x45,
        0xFF, 0x00, 0x45, 0xFF, 0x40, 0x74, 0xFF, 0xFF, 0xFF, 0xFF, 0x00, 0x45, 0xFF, 0x00, 0x45, 0xFF,
        0x00, 0x45, 0xFF, 0x20, 0x20, 0x20, 0x00, 0x45, 0xFF, 0x00, 0x45, 0xFF, 0x00, 0x45, 0xFF, 0x00,
        0x45, 0xFF, 0x00, 0x45, 0xFF, 0x00, 0x45, 0xFF, 0x00, 0x45, 0xFF, 0x00, 0x45, 0xFF, 0x10, 0x51,
        0xFF, 0xFF, 0xFF, 0xFF, 0xFF, 0xFF, 0xFF, 0xFF, 0xFF, 0xFF, 0xFF, 0xFF, 0xFF, 0xFF, 0xFF, 0xFF,
        0xFF, 0xFF, 0xFF, 0x00, 0x45, 0xFF, 0xFF, 0xFF, 0xFF, 0x00, 0x45, 0xFF, 0x00, 0x45, 0xFF, 0x00,
        0x45, 0xFF, 0x00, 0x45, 0xFF, 0x00, 0x45, 0xFF, 0x00, 0x45, 0xFF, 0x00, 0x45, 0xFF, 0x00, 0x45,
        0xFF, 0x80, 0xA2, 0xFF, 0xBF, 0xD0, 0xFF, 0x00, 0x45, 0xFF, 0x00, 0x45, 0xFF, 0x00, 0x45, 0xFF,
        0x40, 0x74, 0xFF, 0xFF, 0xFF, 0xFF, 0x00, 0x45, 0xFF, 0x00, 0x45, 0xFF, 0x00, 0x45, 0xFF, 0x6F,
        0x74, 0x6F, 0x00, 0x45, 0xFF, 0x00, 0x45, 0xFF, 0x00, 0x45, 0xFF, 0x00, 0x45, 0xFF, 0x00, 0x45,
        0xFF, 0x00, 0x45, 0xFF, 0x00, 0x45, 0xFF, 0x00, 0x45, 0xFF, 0x00, 0x45, 0xFF, 0x8F, 0xAD, 0xFF,
        0xFF, 0xFF, 0xFF, 0xFF, 0xFF, 0xFF, 0xFF, 0xFF, 0xFF, 0xFF, 0xFF, 0xFF, 0x8F, 0xAD, 0xFF, 0x00,
        0x45, 0xFF, 0xFF, 0xFF, 0xFF, 0x00, 0x45, 0xFF, 0x00, 0x45, 0xFF, 0x00, 0x45, 0xFF, 0x00, 0x45,
        0xFF, 0x00, 0x45, 0xFF, 0x00, 0x45, 0xFF, 0x00, 0x45, 0xFF, 0x00, 0x45, 0xFF, 0x80, 0xA2, 0xFF,
        0xBF, 0xD0, 0xFF, 0x00, 0x45, 0xFF, 0x00, 0x45, 0xFF, 0x00, 0x45, 0xFF, 0x40, 0x74, 0xFF, 0xFF,
        0xFF, 0xFF, 0x00, 0x45, 0xFF, 0x00, 0x45, 0xFF, 0x00, 0x45, 0xFF, 0x2D, 0x66, 0x30, 0x00, 0x45,
        0xFF, 0x00, 0x45, 0xFF, 0x00, 0x45, 0xFF, 0x00, 0x45, 0xFF, 0x00, 0x45, 0xFF, 0x00, 0x45, 0xFF,
        0x00, 0x45, 0xFF, 0x00, 0x45, 0xFF, 0x20, 0x5C, 0xFF, 0x40, 0x74, 0xFF, 0xDF, 0xE8, 0xFF, 0xFF,
        0xFF, 0xFF, 0xBF, 0xD0, 0xFF, 0x80, 0xA2, 0xFF, 0x00, 0x45, 0xFF, 0x00, 0x45, 0xFF, 0xFF, 0xFF,
        0xFF, 0x00, 0x45, 0xFF, 0x00, 0x45, 0xFF, 0x00, 0x45, 0xFF, 0x00, 0x45, 0xFF, 0x00, 0x45, 0xFF,
        0x00, 0x45, 0xFF, 0x00, 0x45, 0xFF, 0x00, 0x45, 0xFF, 0x80, 0xA2, 0xFF, 0xBF, 0xD0, 0xFF, 0x00,
        0x45, 0xFF, 0x00, 0x45, 0xFF, 0x00, 0x45, 0xFF, 0x40, 0x74, 0xFF, 0xFF, 0xFF, 0xFF, 0x00, 0x45,
        0xFF, 0x00, 0x45, 0xFF, 0x00, 0x45, 0xFF, 0x34, 0x30, 0x2D, 0x00, 0x45, 0xFF, 0x00, 0x45, 0xFF,
        0x00, 0x45, 0xFF, 0x00, 0x45, 0xFF, 0x00, 0x45, 0xFF, 0x10, 0x51, 0xFF, 0x80, 0xA2, 0xFF, 0xDF,
        0xE8, 0xFF, 0xFF, 0xFF, 0xFF, 0xFF, 0xFF, 0xFF, 0xFF, 0xFF, 0xFF, 0xFF, 0xFF, 0xFF, 0xAF, 0xC5,
        0xFF, 0x00, 0x45, 0xFF, 0x00, 0x45, 0xFF, 0x00, 0x45, 0xFF, 0xFF, 0xFF, 0xFF, 0x00, 0x45, 0xFF,
        0x00, 0x45, 0xFF, 0x00, 0x45, 0xFF, 0x00, 0x45, 0xFF, 0x00, 0x45, 0xFF, 0x00, 0x45, 0xFF, 0x00,
        0x45, 0xFF, 0x00, 0x45, 0xFF, 0x80, 0xA2, 0xFF, 0xBF, 0xD0, 0xFF, 0x00, 0x45, 0xFF, 0x00, 0x45,
        0xFF, 0x00, 0x45, 0xFF, 0x40, 0x74, 0xFF, 0xFF, 0xFF, 0xFF, 0x00, 0x45, 0xFF, 0x00, 0x45, 0xFF,
        0x00, 0x45, 0xFF, 0x30, 0x35, 0x37, 0x00, 0x45, 0xFF, 0x00, 0x45, 0xFF, 0x00, 0x45, 0xFF, 0x00,
        0x45, 0xFF, 0x10, 0x51, 0xFF, 0xCF, 0xDC, 0xFF, 0xFF, 0xFF, 0xFF, 0xFF, 0xFF, 0xFF, 0xFF, 0xFF,
        0xFF, 0xFF, 0xFF, 0xFF, 0xFF, 0xFF, 0xFF, 0xFF, 0xFF, 0xFF, 0xFF, 0xFF, 0xFF, 0x50, 0x7F, 0xFF,
        0x00, 0x45, 0xFF, 0x00, 0x45, 0xFF, 0xFF, 0xFF, 0xFF, 0x00, 0x45, 0xFF, 0x00, 0x45, 0xFF, 0x00,
        0x45, 0xFF, 0x00, 0x45, 0xFF, 0x00, 0x45, 0xFF, 0x00, 0x45, 0xFF, 0x00, 0x45, 0xFF, 0x00, 0x45,
        0xFF, 0x80, 0xA2, 0xFF, 0xBF, 0xD0, 0xFF, 0x00, 0x45, 0xFF, 0x00, 0x45, 0xFF, 0x00, 0x45, 0xFF,
        0x40, 0x74, 0xFF, 0xFF, 0xFF, 0xFF, 0x00, 0x45, 0xFF, 0x00, 0x45, 0xFF, 0x00, 0x45, 0xFF, 0x20,
        0x72, 0x64, 0x00, 0x45, 0xFF, 0x00, 0x45, 0xFF, 0x00, 0x45, 0xFF, 0x00, 0x45, 0xFF, 0xBF, 0xD0,
        0xFF, 0xFF, 0xFF, 0xFF, 0xFF, 0xFF, 0xFF, 0xFF, 0xFF, 0xFF, 0xFF, 0xFF, 0xFF, 0xFF, 0xFF, 0xFF,
        0xFF, 0xFF, 0xFF, 0xFF, 0xFF, 0xFF, 0xFF, 0xFF, 0xFF, 0x9F, 0xB9, 0xFF, 0x00, 0x45, 0xFF, 0x00,
        0x45, 0xFF, 0xFF, 0xFF, 0xFF, 0x00, 0x45, 0xFF, 0x00, 0x45, 0xFF, 0x00, 0x45, 0xFF, 0x00, 0x45,
        0xFF, 0x00, 0x45, 0xFF, 0x00, 0x45, 0xFF, 0x00, 0x45, 0xFF, 0x00, 0x45, 0xFF, 0x80, 0xA2, 0xFF,
        0xBF, 0xD0, 0xFF, 0x00, 0x45, 0xFF, 0x00, 0x45, 0xFF, 0x00, 0x45, 0xFF, 0x40, 0x74, 0xFF, 0xFF,
        0xFF, 0xFF, 0x00, 0x45, 0xFF, 0x00, 0x45, 0xFF, 0x00, 0x45, 0xFF, 0x6E, 0x73, 0x74, 0x00, 0x45,
        0xFF, 0x00, 0x45, 0xFF, 0x00, 0x45, 0xFF, 0x20, 0x5C, 0xFF, 0xFF, 0xFF, 0xFF, 0xFF, 0xFF, 0xFF,
        0xFF, 0xFF, 0xFF, 0xCF, 0xDC, 0xFF, 0xFF, 0xFF, 0xFF, 0xFF, 0xFF, 0xFF, 0xFF, 0xFF, 0xFF, 0xFF,
        0xFF, 0xFF, 0xFF, 0xFF, 0xFF, 0xEF, 0xF3, 0xFF, 0x30, 0x68, 0xFF, 0x00, 0x45, 0xFF, 0xFF, 0xFF,
        0xFF, 0x00, 0x45, 0xFF, 0x00, 0x45, 0xFF, 0x00, 0x45, 0xFF, 0x00, 0x45, 0xFF, 0xBF, 0xD0, 0xFF,
        0x9F, 0xB9, 0xFF, 0x00, 0x45, 0xFF, 0x00, 0x45, 0xFF, 0x80, 0xA2, 0xFF, 0xBF, 0xD0, 0xFF, 0x00,
        0x45, 0xFF, 0x00, 0x45, 0xFF, 0x00, 0x45, 0xFF, 0x40, 0x74, 0xFF, 0xFF, 0xFF, 0xFF, 0x00, 0x45,
        0xFF, 0x00, 0x45, 0xFF, 0x00, 0x45, 0xFF, 0x2D, 0x31, 0x31, 0x00, 0x45, 0xFF, 0x00, 0x45, 0xFF,
        0x00, 0x45, 0xFF, 0x70, 0x97, 0xFF, 0xFF, 0xFF, 0xFF, 0xFF, 0xFF, 0xFF, 0xDF, 0xE8, 0xFF, 0x50,
        0x7F, 0xFF, 0xFF, 0xFF, 0xFF, 0xFF, 0xFF, 0xFF, 0xFF, 0xFF, 0xFF, 0xFF, 0xFF, 0xFF, 0xFF, 0xFF,
        0xFF, 0xFF, 0xFF, 0xFF, 0xEF, 0xF3, 0xFF, 0x8F, 0xAD, 0xFF, 0xFF, 0xFF, 0xFF, 0x00, 0x45, 0xFF,
        0x00, 0x45, 0xFF, 0x00, 0x45, 0xFF, 0x00, 0x45, 0xFF, 0x30, 0x68, 0xFF, 0xEF, 0xF3, 0xFF, 0x80,
        0xA2, 0xFF, 0x00, 0x45, 0xFF, 0x80, 0xA2, 0xFF, 0xBF, 0xD0, 0xFF, 0x00, 0x45, 0xFF, 0x00, 0x45,
        0xFF, 0x00, 0x45, 0xFF, 0x40, 0x74, 0xFF, 0xFF, 0xFF, 0xFF, 0x00, 0x45, 0xFF, 0x00, 0x45, 0xFF,
        0x00, 0x45, 0xFF, 0x45, 0x76, 0x74, 0x00, 0x45, 0xFF, 0x00, 0x45, 0xFF, 0x00, 0x45, 0xFF, 0x9F,
        0xB9, 0xFF, 0xFF, 0xFF, 0xFF, 0xFF, 0xFF, 0xFF, 0x8F, 0xAD, 0xFF, 0x80, 0xA2, 0xFF, 0xFF, 0xFF,
        0xFF, 0xFF, 0xFF, 0xFF, 0xFF, 0xFF, 0xFF, 0xFF, 0xFF, 0xFF, 0xFF, 0xFF, 0xFF, 0xFF, 0xFF, 0xFF,
        0xFF, 0xFF, 0xFF, 0xFF, 0xFF, 0xFF, 0xFF, 0xFF, 0xFF, 0xFF, 0xFF, 0xFF, 0xEF, 0xF3, 0xFF, 0x80,
        0xA2, 0xFF, 0x80, 0xA2, 0xFF, 0x80, 0xA2, 0xFF, 0xBF, 0xD0, 0xFF, 0xFF, 0xFF, 0xFF, 0x50, 0x7F,
        0xFF, 0x80, 0xA2, 0xFF, 0xBF, 0xD0, 0xFF, 0x00, 0x45, 0xFF, 0x00, 0x45, 0xFF, 0x00, 0x45, 0xFF,
        0x40, 0x74, 0xFF, 0xFF, 0xFF, 0xFF, 0x00, 0x45, 0xFF, 0x00, 0x45, 0xFF, 0x00, 0x45, 0xFF, 0x20,
        0x20, 0x20, 0x00, 0x45, 0xFF, 0x00, 0x45, 0xFF, 0x00, 0x45, 0xFF, 0xBF, 0xD0, 0xFF, 0xFF, 0xFF,
        0xFF, 0xFF, 0xFF, 0xFF, 0x80, 0xA2, 0xFF, 0x80, 0xA2, 0xFF, 0xFF, 0xFF, 0xFF, 0xFF, 0xFF, 0xFF,
        0xFF, 0xFF, 0xFF, 0xFF, 0xFF, 0xFF, 0xDF, 0xE8, 0xFF, 0xFF, 0xFF, 0xFF, 0xFF, 0xFF, 0xFF, 0xFF,
        0xFF, 0xFF, 0xFF, 0xFF, 0xFF, 0xFF, 0xFF, 0xFF, 0xFF, 0xFF, 0xFF, 0xBF, 0xD0, 0xFF, 0x80, 0xA2,
        0xFF, 0x80, 0xA2, 0xFF, 0xBF, 0xD0, 0xFF, 0xFF, 0xFF, 0xFF, 0x50, 0x7F, 0xFF, 0x80, 0xA2, 0xFF,
        0xBF, 0xD0, 0xFF, 0x00, 0x45, 0xFF, 0x00, 0x45, 0xFF, 0x00, 0x45, 0xFF, 0x40, 0x74, 0xFF, 0xFF,
        0xFF, 0xFF, 0x00, 0x45, 0xFF, 0x00, 0x45, 0xFF, 0x00, 0x45, 0xFF, 0x74, 0x6F, 0x73, 0x00, 0x45,
        0xFF, 0x00, 0x45, 0xFF, 0x00, 0x45, 0xFF, 0xBF, 0xD0, 0xFF, 0xFF, 0xFF, 0xFF, 0xFF, 0xFF, 0xFF,
        0x80, 0xA2, 0xFF, 0x8F, 0xAD, 0xFF, 0xFF, 0xFF, 0xFF, 0xFF, 0xFF, 0xFF, 0xFF, 0xFF, 0xFF, 0xFF,
        0xFF, 0xFF, 0x40, 0x74, 0xFF, 0x30, 0x68, 0xFF, 0x9F, 0xB9, 0xFF, 0xDF, 0xE8, 0xFF, 0xFF, 0xFF,
        0xFF, 0xFF, 0xFF, 0xFF, 0xFF, 0xFF, 0xFF, 0x50, 0x7F, 0xFF, 0x00, 0x45, 0xFF, 0x30, 0x68, 0xFF,
        0xEF, 0xF3, 0xFF, 0x80, 0xA2, 0xFF, 0x00, 0x45, 0xFF, 0x80, 0xA2, 0xFF, 0xBF, 0xD0, 0xFF, 0x00,
        0x45, 0xFF, 0x00, 0x45, 0xFF, 0x00, 0x45, 0xFF, 0x40, 0x74, 0xFF, 0xFF, 0xFF, 0xFF, 0x00, 0x45,
        0xFF, 0x00, 0x45, 0xFF, 0x00, 0x45, 0xFF, 0x63, 0x65, 0x22, 0x00, 0x45, 0xFF, 0x00, 0x45, 0xFF,
        0x00, 0x45, 0xFF, 0xAF, 0xC5, 0xFF, 0xFF, 0xFF, 0xFF, 0xFF, 0xFF, 0xFF, 0x40, 0x74, 0xFF, 0xBF,
        0xD0, 0xFF, 0xFF, 0xFF, 0xFF, 0xFF, 0xFF, 0xFF, 0xFF, 0xFF, 0xFF, 0xFF, 0xFF, 0xFF, 0x10, 0x51,
        0xFF, 0x00, 0x45, 0xFF, 0x00, 0x45, 0xFF, 0x00, 0x45, 0xFF, 0xFF, 0xFF, 0xFF, 0x40, 0x74, 0xFF,
        0x20, 0x5C, 0xFF, 0x00, 0x45, 0xFF, 0x00, 0x45, 0xFF, 0xBF, 0xD0, 0xFF, 0x9F, 0xB9, 0xFF, 0x00,
        0x45, 0xFF, 0x00, 0x45, 0xFF, 0x80, 0xA2, 0xFF, 0xBF, 0xD0, 0xFF, 0x00, 0x45, 0xFF, 0x00, 0x45,
        0xFF, 0x00, 0x45, 0xFF, 0x40, 0x74, 0xFF, 0xFF, 0xFF, 0xFF, 0x00, 0x45, 0xFF, 0x00, 0x45, 0xFF,
        0x00, 0x45, 0xFF, 0x34, 0x34, 0x2D, 0x00, 0x45, 0xFF, 0x00, 0x45, 0xFF, 0x00, 0x45, 0xFF, 0x30,
        0x68, 0xFF, 0x9F, 0xB9, 0xFF, 0x70, 0x97, 0xFF, 0x00, 0x45, 0xFF, 0xFF, 0xFF, 0xFF, 0xFF, 0xFF,
        0xFF, 0xFF, 0xFF, 0xFF, 0xFF, 0xFF, 0xFF, 0xFF, 0xFF, 0xFF, 0x10, 0x51, 0xFF, 0x00, 0x45, 0xFF,
        0x00, 0x45, 0xFF, 0x00, 0x45, 0xFF, 0xFF, 0xFF, 0xFF, 0x00, 0x45, 0xFF, 0x00, 0x45, 0xFF, 0x00,
        0x45, 0xFF, 0x00, 0x45, 0xFF, 0x00, 0x45, 0xFF, 0x00, 0x45, 0xFF, 0x00, 0x45, 0xFF, 0x00, 0x45,
        0xFF, 0x80, 0xA2, 0xFF, 0xBF, 0xD0, 0xFF, 0x00, 0x45, 0xFF, 0x00, 0x45, 0xFF, 0x00, 0x45, 0xFF,
        0x40, 0x74, 0xFF, 0xFF, 0xFF, 0xFF, 0x00, 0x45, 0xFF, 0x00, 0x45, 0xFF, 0x00, 0x45, 0xFF, 0x74,
        0x45, 0x76, 0x00, 0x45, 0xFF, 0x00, 0x45, 0xFF, 0x00, 0x45, 0xFF, 0x00, 0x45, 0xFF, 0x00, 0x45,
        0xFF, 0x00, 0x45, 0xFF, 0x40, 0x74, 0xFF, 0xFF, 0xFF, 0xFF, 0xFF, 0xFF, 0xFF, 0xFF, 0xFF, 0xFF,
        0xFF, 0xFF, 0xFF, 0xFF, 0xFF, 0xFF, 0xAF, 0xC5, 0xFF, 0x00, 0x45, 0xFF, 0x00, 0x45, 0xFF, 0x00,
        0x45, 0xFF, 0xFF, 0xFF, 0xFF, 0x00, 0x45, 0xFF, 0x00, 0x45, 0xFF, 0x00, 0x45, 0xFF, 0x00, 0x45,
        0xFF, 0x00, 0x45, 0xFF, 0x00, 0x45, 0xFF, 0x00, 0x45, 0xFF, 0x00, 0x45, 0xFF, 0x80, 0xA2, 0xFF,
        0xBF, 0xD0, 0xFF, 0x00, 0x45, 0xFF, 0x00, 0x45, 0xFF, 0x00, 0x45, 0xFF, 0x40, 0x74, 0xFF, 0xFF,
        0xFF, 0xFF, 0x00, 0x45, 0xFF, 0x00, 0x45, 0xFF, 0x00, 0x45, 0xFF, 0x20, 0x20, 0x20, 0x00, 0x45,
        0xFF, 0x00, 0x45, 0xFF, 0x00, 0x45, 0xFF, 0x00, 0x45, 0xFF, 0x00, 0x45, 0xFF, 0x00, 0x45, 0xFF,
        0x60, 0x8B, 0xFF, 0xFF, 0xFF, 0xFF, 0xFF, 0xFF, 0xFF, 0xFF, 0xFF, 0xFF, 0xFF, 0xFF, 0xFF, 0xFF,
        0xFF, 0xFF, 0xFF, 0xFF, 0xFF, 0x40, 0x74, 0xFF, 0x00, 0x45, 0xFF, 0x00, 0x45, 0xFF, 0xFF, 0xFF,
        0xFF, 0x00, 0x45, 0xFF, 0x00, 0x45, 0xFF, 0x00, 0x45, 0xFF, 0x00, 0x45, 0xFF, 0x00, 0x45, 0xFF,
        0x00, 0x45, 0xFF, 0x00, 0x45, 0xFF, 0x00, 0x45, 0xFF, 0x80, 0xA2, 0xFF, 0xBF, 0xD0, 0xFF, 0x00,
        0x45, 0xFF, 0x00, 0x45, 0xFF, 0x00, 0x45, 0xFF, 0x40, 0x74, 0xFF, 0xFF, 0xFF, 0xFF, 0x00, 0x45,
        0xFF, 0x00, 0x45, 0xFF, 0x00, 0x45, 0xFF, 0x4D, 0x4D, 0x3A, 0x00, 0x45, 0xFF, 0x00, 0x45, 0xFF,
        0x00, 0x45, 0xFF, 0x00, 0x45, 0xFF, 0x00, 0x45, 0xFF, 0x00, 0x45, 0xFF, 0x80, 0xA2, 0xFF, 0xFF,
        0xFF, 0xFF, 0xFF, 0xFF, 0xFF, 0xFF, 0xFF, 0xFF, 0xFF, 0xFF, 0xFF, 0xFF, 0xFF, 0xFF, 0xFF, 0xFF,
        0xFF, 0xBF, 0xD0, 0xFF, 0x00, 0x45, 0xFF, 0x00, 0x45, 0xFF, 0xFF, 0xFF, 0xFF, 0x00, 0x45, 0xFF,
        0x00, 0x45, 0xFF, 0x00, 0x45, 0xFF, 0x00, 0x45, 0xFF, 0x00, 0x45, 0xFF, 0x00, 0x45, 0xFF, 0x00,
        0x45, 0xFF, 0x00, 0x45, 0xFF, 0x80, 0xA2, 0xFF, 0xBF, 0xD0, 0xFF, 0x00, 0x45, 0xFF, 0x00, 0x45,
        0xFF, 0x00, 0x45, 0xFF, 0x40, 0x74, 0xFF, 0xFF, 0xFF, 0xFF, 0x00, 0x45, 0xFF, 0x00, 0x45, 0xFF,
        0x00, 0x45, 0xFF, 0x20, 0x20, 0x20, 0x00, 0x45, 0xFF, 0x00, 0x45, 0xFF, 0x00, 0x45, 0xFF, 0x00,
        0x45, 0xFF, 0x00, 0x45, 0xFF, 0x00, 0x45, 0xFF, 0xDF, 0xE8, 0xFF, 0xFF, 0xFF, 0xFF, 0xFF, 0xFF,
        0xFF, 0xFF, 0xFF, 0xFF, 0xFF, 0xFF, 0xFF, 0xFF, 0xFF, 0xFF, 0xFF, 0xFF, 0xFF, 0xFF, 0xFF, 0xFF,
        0x20, 0x5C, 0xFF, 0x00, 0x45, 0xFF, 0xFF, 0xFF, 0xFF, 0x00, 0x45, 0xFF, 0x00, 0x45, 0xFF, 0x00,
        0x45, 0xFF, 0x00, 0x45, 0xFF, 0x00, 0x45, 0xFF, 0x00, 0x45, 0xFF, 0x00, 0x45, 0xFF, 0x00, 0x45,
        0xFF, 0x80, 0xA2, 0xFF, 0xBF, 0xD0, 0xFF, 0x00, 0x45, 0xFF, 0x00, 0x45, 0xFF, 0x00, 0x45, 0xFF,
        0x40, 0x74, 0xFF, 0xFF, 0xFF, 0xFF, 0x00, 0x45, 0xFF, 0x00, 0x45, 0xFF, 0x00, 0x45, 0xFF, 0x20,
        0x20, 0x20, 0x00, 0x45, 0xFF, 0x00, 0x45, 0xFF, 0x00, 0x45, 0xFF, 0x00, 0x45, 0xFF, 0x00, 0x45,
        0xFF, 0x40, 0x74, 0xFF, 0xFF, 0xFF, 0xFF, 0xFF, 0xFF, 0xFF, 0xFF, 0xFF, 0xFF, 0xDF, 0xE8, 0xFF,
        0xBF, 0xD0, 0xFF, 0xFF, 0xFF, 0xFF, 0xFF, 0xFF, 0xFF, 0xFF, 0xFF, 0xFF, 0x70, 0x97, 0xFF, 0x00,
        0x45, 0xFF, 0xFF, 0xFF, 0xFF, 0x00, 0x45, 0xFF, 0x00, 0x45, 0xFF, 0x00, 0x45, 0xFF, 0x00, 0x45,
        0xFF, 0x00, 0x45, 0xFF, 0x00, 0x45, 0xFF, 0x00, 0x45, 0xFF, 0x00, 0x45, 0xFF, 0x80, 0xA2, 0xFF,
        0xBF, 0xD0, 0xFF, 0x00, 0x45, 0xFF, 0x00, 0x45, 0xFF, 0x00, 0x45, 0xFF, 0x40, 0x74, 0xFF, 0xFF,
        0xFF, 0xFF, 0x00, 0x45, 0xFF, 0x00, 0x45, 0xFF, 0x00, 0x45, 0xFF, 0x20, 0x20, 0x20, 0x00, 0x45,
        0xFF, 0x00, 0x45, 0xFF, 0x00, 0x45, 0xFF, 0x00, 0x45, 0xFF, 0x00, 0x45, 0xFF, 0xDF, 0xE8, 0xFF,
        0xFF, 0xFF, 0xFF, 0xFF, 0xFF, 0xFF, 0xFF, 0xFF, 0xFF, 0x70, 0x97, 0xFF, 0x20, 0x5C, 0xFF, 0xFF,
        0xFF, 0xFF, 0xFF, 0xFF, 0xFF, 0xFF, 0xFF, 0xFF, 0xCF, 0xDC, 0xFF, 0x00, 0x45, 0xFF, 0xFF, 0xFF,
        0xFF, 0x00, 0x45, 0xFF, 0x00, 0x45, 0xFF, 0x00, 0x45, 0xFF, 0x00, 0x45, 0xFF, 0x00, 0x45, 0xFF,
        0x00, 0x45, 0xFF, 0x00, 0x45, 0xFF, 0x00, 0x45, 0xFF, 0x80, 0xA2, 0xFF, 0xBF, 0xD0, 0xFF, 0x00,
        0x45, 0xFF, 0x00, 0x45, 0xFF, 0x00, 0x45, 0xFF, 0x40, 0x74, 0xFF, 0xFF, 0xFF, 0xFF, 0x00, 0x45,
        0xFF, 0x00, 0x45, 0xFF, 0x00, 0x45, 0xFF, 0x20, 0x20, 0x20, 0x00, 0x45, 0xFF, 0x00, 0x45, 0xFF,
        0x00, 0x45, 0xFF, 0x00, 0x45, 0xFF, 0x80, 0xA2, 0xFF, 0xFF, 0xFF, 0xFF, 0xFF, 0xFF, 0xFF, 0xFF,
        0xFF, 0xFF, 0xEF, 0xF3, 0xFF, 0x10, 0x51, 0xFF, 0x00, 0x45, 0xFF, 0xCF, 0xDC, 0xFF, 0xFF, 0xFF,
        0xFF, 0xFF, 0xFF, 0xFF, 0xFF, 0xFF, 0xFF, 0x10, 0x51, 0xFF, 0xFF, 0xFF, 0xFF, 0x00, 0x45, 0xFF,
        0x00, 0x45, 0xFF, 0x00, 0x45, 0xFF, 0x00, 0x45, 0xFF, 0x00, 0x45, 0xFF, 0x00, 0x45, 0xFF, 0x00,
        0x45, 0xFF, 0x00, 0x45, 0xFF, 0x80, 0xA2, 0xFF, 0xBF, 0xD0, 0xFF, 0x00, 0x45, 0xFF, 0x00, 0x45,
        0xFF, 0x00, 0x45, 0xFF, 0x40, 0x74, 0xFF, 0xFF, 0xFF, 0xFF, 0x00, 0x45, 0xFF, 0x00, 0x45, 0xFF,
        0x00, 0x45, 0xFF, 0x20, 0x20, 0x20, 0x00, 0x45, 0xFF, 0x00, 0x45, 0xFF, 0x00, 0x45, 0xFF, 0x30,
        0x68, 0xFF, 0xFF, 0xFF, 0xFF, 0xFF, 0xFF, 0xFF, 0xFF, 0xFF, 0xFF, 0xFF, 0xFF, 0xFF, 0x70, 0x97,
        0xFF, 0x00, 0x45, 0xFF, 0x00, 0x45, 0xFF, 0x8F, 0xAD, 0xFF, 0xFF, 0xFF, 0xFF, 0xFF, 0xFF, 0xFF,
        0xFF, 0xFF, 0xFF, 0x40, 0x74, 0xFF, 0xFF, 0xFF, 0xFF, 0x00, 0x45, 0xFF, 0x00, 0x45, 0xFF, 0x00,
        0x45, 0xFF, 0x00, 0x45, 0xFF, 0x00, 0x45, 0xFF, 0x00, 0x45, 0xFF, 0x00, 0x45, 0xFF, 0x30, 0x68,
        0xFF, 0x9F, 0xB9, 0xFF, 0xBF, 0xD0, 0xFF, 0x00, 0x45, 0xFF, 0x00, 0x45, 0xFF, 0x00, 0x45, 0xFF,
        0x40, 0x74, 0xFF, 0xFF, 0xFF, 0xFF, 0x00, 0x45, 0xFF, 0x00, 0x45, 0xFF, 0x00, 0x45, 0xFF, 0x20,
        0x20, 0x20, 0x00, 0x45, 0xFF, 0x00, 0x45, 0xFF, 0x00, 0x45, 0xFF, 0xAF, 0xC5, 0xFF, 0xFF, 0xFF,
        0xFF, 0xFF, 0xFF, 0xFF, 0xFF, 0xFF, 0xFF, 0xCF, 0xDC, 0xFF, 0x00, 0x45, 0xFF, 0x00, 0x45, 0xFF,
        0x00, 0x45, 0xFF, 0x50, 0x7F, 0xFF, 0xFF, 0xFF, 0xFF, 0xFF, 0xFF, 0xFF, 0xFF, 0xFF, 0xFF, 0x80,
        0xA2, 0xFF, 0xFF, 0xFF, 0xFF, 0x00, 0x45, 0xFF, 0x00, 0x45, 0xFF, 0x00, 0x45, 0xFF, 0x40, 0x74,
        0xFF, 0x80, 0xA2, 0xFF, 0xAF, 0xC5, 0xFF, 0xEF, 0xF3, 0xFF, 0xFF, 0xFF, 0xFF, 0xCF, 0xDC, 0xFF,
        0x70, 0x97, 0xFF, 0x00, 0x45, 0xFF, 0x00, 0x45, 0xFF, 0x00, 0x45, 0xFF, 0x40, 0x74, 0xFF, 0xFF,
        0xFF, 0xFF, 0x00, 0x45, 0xFF, 0x00, 0x45, 0xFF, 0x00, 0x45, 0xFF, 0x20, 0x20, 0x20, 0x00, 0x45,
        0xFF, 0x00, 0x45, 0xFF, 0x00, 0x45, 0xFF, 0xAF, 0xC5, 0xFF, 0xFF, 0xFF, 0xFF, 0xFF, 0xFF, 0xFF,
        0xEF, 0xF3, 0xFF, 0x30, 0x68, 0xFF, 0x00, 0x45, 0xFF, 0x00, 0x45, 0xFF, 0x00, 0x45, 0xFF, 0x20,
        0x5C, 0xFF, 0xFF, 0xFF, 0xFF, 0xFF, 0xFF, 0xFF, 0xFF, 0xFF, 0xFF, 0x70, 0x97, 0xFF, 0xFF, 0xFF,
        0xFF, 0x8F, 0xAD, 0xFF, 0xBF, 0xD0, 0xFF, 0xFF, 0xFF, 0xFF, 0xFF, 0xFF, 0xFF, 0xFF, 0xFF, 0xFF,
        0xBF, 0xD0, 0xFF, 0x8F, 0xAD, 0xFF, 0x50, 0x7F, 0xFF, 0x40, 0x74, 0xFF, 0x40, 0x74, 0xFF, 0x40,
        0x74, 0xFF, 0x40, 0x74, 0xFF, 0x40, 0x74, 0xFF, 0x70, 0x97, 0xFF, 0xFF, 0xFF, 0xFF, 0x00, 0x45,
        0xFF, 0x00, 0x45, 0xFF, 0x00, 0x45, 0xFF, 0x20, 0x20, 0x20, 0x00, 0x45, 0xFF, 0x00, 0x45, 0xFF,
        0x00, 0x45, 0xFF, 0x30, 0x68, 0xFF, 0xCF, 0xDC, 0xFF, 0xDF, 0xE8, 0xFF, 0x60, 0x8B, 0xFF, 0x00,
        0x45, 0xFF, 0x00, 0x45, 0xFF, 0x00, 0x45, 0xFF, 0x00, 0x45, 0xFF, 0x00, 0x45, 0xFF, 0x60, 0x8B,
        0xFF, 0xBF, 0xD0, 0xFF, 0x8F, 0xAD, 0xFF, 0x00, 0x45, 0xFF, 0xBF, 0xD0, 0xFF, 0xBF, 0xD0, 0xFF,
        0xBF, 0xD0, 0xFF, 0xBF, 0xD0, 0xFF, 0xBF, 0xD0, 0xFF, 0xBF, 0xD0, 0xFF, 0xBF, 0xD0, 0xFF, 0xBF,
        0xD0, 0xFF, 0xBF, 0xD0, 0xFF, 0xBF, 0xD0, 0xFF, 0xBF, 0xD0, 0xFF, 0xBF, 0xD0, 0xFF, 0xBF, 0xD0,
        0xFF, 0xBF, 0xD0, 0xFF, 0xBF, 0xD0, 0xFF, 0xAF, 0xC5, 0xFF, 0x00, 0x45, 0xFF, 0x00, 0x45, 0xFF,
        0x00, 0x45, 0xFF, 0x0A, 0x20, 0x20, 0x00, 0x45, 0xFF, 0x00, 0x45, 0xFF, 0x00, 0x45, 0xFF, 0x00,
        0x45, 0xFF, 0x00, 0x45, 0xFF, 0x00, 0x45, 0xFF, 0x00, 0x45, 0xFF, 0x00, 0x45, 0xFF, 0x00, 0x45,
        0xFF, 0x00, 0x45, 0xFF, 0x00, 0x45, 0xFF, 0x00, 0x45, 0xFF, 0x00, 0x45, 0xFF, 0x00, 0x45, 0xFF,
        0x00, 0x45, 0xFF, 0x00, 0x45, 0xFF, 0x00, 0x45, 0xFF, 0x00, 0x45, 0xFF, 0x00, 0x45, 0xFF, 0x00,
        0x45, 0xFF, 0x00, 0x45, 0xFF, 0x00, 0x45, 0xFF, 0x00, 0x45, 0xFF, 0x00, 0x45, 0xFF, 0x00, 0x45,
        0xFF, 0x00, 0x45, 0xFF, 0x00, 0x45, 0xFF, 0x00, 0x45, 0xFF, 0x00, 0x45, 0xFF, 0x00, 0x45, 0xFF,
        0x00, 0x45, 0xFF, 0x00, 0x45, 0xFF, 0x00, 0x45, 0xFF, 0x00, 0x45, 0xFF, 0x00, 0x45, 0xFF, 0x20,
        0x20, 0x20, 0x00, 0x45, 0xFF, 0x00, 0x45, 0xFF, 0x00, 0x45, 0xFF, 0x00, 0x45, 0xFF, 0x00, 0x45,
        0xFF, 0x00, 0x45, 0xFF, 0x00, 0x45, 0xFF, 0x00, 0x45, 0xFF, 0x00, 0x45, 0xFF, 0x00, 0x45, 0xFF,
        0x00, 0x45, 0xFF, 0x00, 0x45, 0xFF, 0x00, 0x45, 0xFF, 0x00, 0x45, 0xFF, 0x00, 0x45, 0xFF, 0x00,
        0x45, 0xFF, 0x00, 0x45, 0xFF, 0x00, 0x45, 0xFF, 0x00, 0x45, 0xFF, 0x00, 0x45, 0xFF, 0x00, 0x45,
        0xFF, 0x00, 0x45, 0xFF, 0x00, 0x45, 0xFF, 0x00, 0x45, 0xFF, 0x00, 0x45, 0xFF, 0x00, 0x45, 0xFF,
        0x00, 0x45, 0xFF, 0x00, 0x45, 0xFF, 0x00, 0x45, 0xFF, 0x00, 0x45, 0xFF, 0x00, 0x45, 0xFF, 0x00,
        0x45, 0xFF, 0x00, 0x45, 0xFF, 0x00, 0x45, 0xFF, 0x00, 0x45, 0xFF, 0x20, 0x20, 0x20, 0x00, 0x45,
        0xFF, 0x00, 0x45, 0xFF, 0x00, 0x45, 0xFF, 0x00, 0x45, 0xFF, 0x00, 0x45, 0xFF, 0x00, 0x45, 0xFF,
        0x00, 0x45, 0xFF, 0x00, 0x45, 0xFF, 0x00, 0x45, 0xFF, 0x00, 0x45, 0xFF, 0x00, 0x45, 0xFF, 0x00,
        0x45, 0xFF, 0x00, 0x45, 0xFF, 0x00, 0x45, 0xFF, 0x00, 0x45, 0xFF, 0x00, 0x45, 0xFF, 0x00, 0x45,
        0xFF, 0x00, 0x45, 0xFF, 0x00, 0x45, 0xFF, 0x00, 0x45, 0xFF, 0x00, 0x45, 0xFF, 0x00, 0x45, 0xFF,
        0x00, 0x45, 0xFF, 0x00, 0x45, 0xFF, 0x00, 0x45, 0xFF, 0x00, 0x45, 0xFF, 0x00, 0x45, 0xFF, 0x00,
        0x45, 0xFF, 0x00, 0x45, 0xFF, 0x00, 0x45, 0xFF, 0x00, 0x45, 0xFF, 0x00, 0x45, 0xFF, 0x00, 0x45,
        0xFF, 0x00, 0x45, 0xFF, 0x00, 0x45, 0xFF, 0x01, 0x01, 0x00, 0x00, 0x00
};

PROGMEM uint8_t ExitIcon_35x35[] = {
        0x42, 0x4D, 0xFC, 0x0E, 0x00, 0x00, 0x00, 0x00, 0x00, 0x00, 0x36, 0x00, 0x00, 0x00, 0x28, 0x00,
        0x00, 0x00, 0x23, 0x00, 0x00, 0x00, 0xDD, 0xFF, 0xFF, 0xFF, 0x01, 0x00, 0x18, 0x00, 0x00, 0x00,
        0x00, 0x00, 0xC6, 0x0E, 0x00, 0x00, 0x23, 0x2E, 0x00, 0x00, 0x23, 0x2E, 0x00, 0x00, 0x00, 0x00,
        0x00, 0x00, 0x00, 0x00, 0x00, 0x00, 0x00, 0x45, 0xFF, 0x00, 0x45, 0xFF, 0x00, 0x45, 0xFF, 0x00,
        0x45, 0xFF, 0x00, 0x45, 0xFF, 0x00, 0x45, 0xFF, 0x00, 0x45, 0xFF, 0x00, 0x45, 0xFF, 0x00, 0x45,
        0xFF, 0x00, 0x45, 0xFF, 0x00, 0x45, 0xFF, 0x00, 0x45, 0xFF, 0x00, 0x45, 0xFF, 0x00, 0x45, 0xFF,
        0x00, 0x45, 0xFF, 0x00, 0x45, 0xFF, 0x00, 0x45, 0xFF, 0x00, 0x45, 0xFF, 0x00, 0x45, 0xFF, 0x00,
        0x45, 0xFF, 0x00, 0x45, 0xFF, 0x00, 0x45, 0xFF, 0x00, 0x45, 0xFF, 0x00, 0x45, 0xFF, 0x00, 0x45,
        0xFF, 0x00, 0x45, 0xFF, 0x00, 0x45, 0xFF, 0x00, 0x45, 0xFF, 0x00, 0x45, 0xFF, 0x00, 0x45, 0xFF,
        0x00, 0x45, 0xFF, 0x00, 0x45, 0xFF, 0x00, 0x45, 0xFF, 0x00, 0x45, 0xFF, 0x00, 0x45, 0xFF, 0x65,
        0xF8, 0x8E, 0x00, 0x45, 0xFF, 0x00, 0x45, 0xFF, 0x00, 0x45, 0xFF, 0x00, 0x45, 0xFF, 0x00, 0x45,
        0xFF, 0x00, 0x45, 0xFF, 0x00, 0x45, 0xFF, 0x00, 0x45, 0xFF, 0x00, 0x45, 0xFF, 0x00, 0x45, 0xFF,
        0x00, 0x45, 0xFF, 0x00, 0x45, 0xFF, 0x00, 0x45, 0xFF, 0x00, 0x45, 0xFF, 0x00, 0x45, 0xFF, 0x00,
        0x45, 0xFF, 0x00, 0x45, 0xFF, 0x00, 0x45, 0xFF, 0x00, 0x45, 0xFF, 0x00, 0x45, 0xFF, 0x00, 0x45,
        0xFF, 0x00, 0x45, 0xFF, 0x00, 0x45, 0xFF, 0x00, 0x45, 0xFF, 0x00, 0x45, 0xFF, 0x00, 0x45, 0xFF,
        0x00, 0x45, 0xFF, 0x00, 0x45, 0xFF, 0x00, 0x45, 0xFF, 0x00, 0x45, 0xFF, 0x00, 0x45, 0xFF, 0x00,
        0x45, 0xFF, 0x00, 0x45, 0xFF, 0x00, 0x45, 0xFF, 0x00, 0x45, 0xFF, 0x7F, 0x00, 0x00, 0x00, 0x45,
        0xFF, 0x00, 0x45, 0xFF, 0x00, 0x45, 0xFF, 0x70, 0x97, 0xFF, 0x80, 0xA2, 0xFF, 0x80, 0xA2, 0xFF,
        0x80, 0xA2, 0xFF, 0x80, 0xA2, 0xFF, 0x80, 0xA2, 0xFF, 0x80, 0xA2, 0xFF, 0x80, 0xA2, 0xFF, 0x80,
        0xA2, 0xFF, 0x80, 0xA2, 0xFF, 0x80, 0xA2, 0xFF, 0x80, 0xA2, 0xFF, 0x80, 0xA2, 0xFF, 0x80, 0xA2,
        0xFF, 0x80, 0xA2, 0xFF, 0x80, 0xA2, 0xFF, 0x00, 0x45, 0xFF, 0x00, 0x45, 0xFF, 0x00, 0x45, 0xFF,
        0x00, 0x45, 0xFF, 0x00, 0x45, 0xFF, 0x00, 0x45, 0xFF, 0x00, 0x45, 0xFF, 0x00, 0x45, 0xFF, 0x00,
        0x45, 0xFF, 0x00, 0x45, 0xFF, 0x00, 0x45, 0xFF, 0x00, 0x45, 0xFF, 0x00, 0x45, 0xFF, 0x00, 0x45,
        0xFF, 0x00, 0x45, 0xFF, 0x00, 0x45, 0xFF, 0xB4, 0xF8, 0x8E, 0x00, 0x45, 0xFF, 0x00, 0x45, 0xFF,
        0x00, 0x45, 0xFF, 0xFF, 0xFF, 0xFF, 0xCF, 0xDC, 0xFF, 0xBF, 0xD0, 0xFF, 0xBF, 0xD0, 0xFF, 0xBF,
        0xD0, 0xFF, 0xBF, 0xD0, 0xFF, 0xBF, 0xD0, 0xFF, 0xBF, 0xD0, 0xFF, 0xBF, 0xD0, 0xFF, 0xEF, 0xF3,
        0xFF, 0xFF, 0xFF, 0xFF, 0xFF, 0xFF, 0xFF, 0xFF, 0xFF, 0xFF, 0xFF, 0xFF, 0xFF, 0xDF, 0xE8, 0xFF,
        0xFF, 0xFF, 0xFF, 0x00, 0x45, 0xFF, 0x00, 0x45, 0xFF, 0x00, 0x45, 0xFF, 0x00, 0x45, 0xFF, 0x00,
        0x45, 0xFF, 0x00, 0x45, 0xFF, 0x00, 0x45, 0xFF, 0x00, 0x45, 0xFF, 0x00, 0x45, 0xFF, 0x00, 0x45,
        0xFF, 0x00, 0x45, 0xFF, 0x00, 0x45, 0xFF, 0x00, 0x45, 0xFF, 0x00, 0x45, 0xFF, 0x00, 0x45, 0xFF,
        0x00, 0x45, 0xFF, 0x7F, 0x00, 0x00, 0x00, 0x45, 0xFF, 0x00, 0x45, 0xFF, 0x00, 0x45, 0xFF, 0xFF,
        0xFF, 0xFF, 0x40, 0x74, 0xFF, 0x00, 0x45, 0xFF, 0x00, 0x45, 0xFF, 0x00, 0x45, 0xFF, 0x20, 0x5C,
        0xFF, 0x80, 0xA2, 0xFF, 0xBF, 0xD0, 0xFF, 0xEF, 0xF3, 0xFF, 0xFF, 0xFF, 0xFF, 0xCF, 0xDC, 0xFF,
        0x9F, 0xB9, 0xFF, 0x60, 0x8B, 0xFF, 0x20, 0x5C, 0xFF, 0x00, 0x45, 0xFF, 0xFF, 0xFF, 0xFF, 0x00,
        0x45, 0xFF, 0x00, 0x45, 0xFF, 0x10, 0x51, 0xFF, 0x60, 0x8B, 0xFF, 0x60, 0x8B, 0xFF, 0x20, 0x5C,
        0xFF, 0x00, 0x45, 0xFF, 0x00, 0x45, 0xFF, 0x00, 0x45, 0xFF, 0x00, 0x45, 0xFF, 0x00, 0x45, 0xFF,
        0x00, 0x45, 0xFF, 0x00, 0x45, 0xFF, 0x00, 0x45, 0xFF, 0x00, 0x45, 0xFF, 0x00, 0x45, 0xFF, 0x64,
        0xF9, 0x8E, 0x00, 0x45, 0xFF, 0x00, 0x45, 0xFF, 0x00, 0x45, 0xFF, 0xFF, 0xFF, 0xFF, 0x40, 0x74,
        0xFF, 0x00, 0x45, 0xFF, 0x00, 0x45, 0xFF, 0x00, 0x45, 0xFF, 0xBF, 0xD0, 0xFF, 0xDF, 0xE8, 0xFF,
        0x80, 0xA2, 0xFF, 0x50, 0x7F, 0xFF, 0x10, 0x51, 0xFF, 0x00, 0x45, 0xFF, 0x00, 0x45, 0xFF, 0x00,
        0x45, 0xFF, 0x00, 0x45, 0xFF, 0x00, 0x45, 0xFF, 0xFF, 0xFF, 0xFF, 0x00, 0x45, 0xFF, 0x30, 0x68,
        0xFF, 0xEF, 0xF3, 0xFF, 0xFF, 0xFF, 0xFF, 0xFF, 0xFF, 0xFF, 0xEF, 0xF3, 0xFF, 0x50, 0x7F, 0xFF,
        0x00, 0x45, 0xFF, 0x00, 0x45, 0xFF, 0x00, 0x45, 0xFF, 0x00, 0x45, 0xFF, 0x00, 0x45, 0xFF, 0x00,
        0x45, 0xFF, 0x00, 0x45, 0xFF, 0x00, 0x45, 0xFF, 0x00, 0x45, 0xFF, 0x7F, 0x00, 0x00, 0x00, 0x45,
        0xFF, 0x00, 0x45, 0xFF, 0x00, 0x45, 0xFF, 0xFF, 0xFF, 0xFF, 0x40, 0x74, 0xFF, 0x00, 0x45, 0xFF,
        0x00, 0x45, 0xFF, 0x00, 0x45, 0xFF, 0xBF, 0xD0, 0xFF, 0x80, 0xA2, 0xFF, 0x00, 0x45, 0xFF, 0x00,
        0x45, 0xFF, 0x00, 0x45, 0xFF, 0x00, 0x45, 0xFF, 0x00, 0x45, 0xFF, 0x00, 0x45, 0xFF, 0x00, 0x45,
        0xFF, 0x00, 0x45, 0xFF, 0xFF, 0xFF, 0xFF, 0x00, 0x45, 0xFF, 0xDF, 0xE8, 0xFF, 0xFF, 0xFF, 0xFF,
        0xFF, 0xFF, 0xFF, 0xFF, 0xFF, 0xFF, 0xFF, 0xFF, 0xFF, 0xEF, 0xF3, 0xFF, 0x00, 0x45, 0xFF, 0x00,
        0x45, 0xFF, 0x00, 0x45, 0xFF, 0x00, 0x45, 0xFF, 0x00, 0x45, 0xFF, 0x00, 0x45, 0xFF, 0x00, 0x45,
        0xFF, 0x00, 0x45, 0xFF, 0x00, 0x45, 0xFF, 0x97, 0xF9, 0x8E, 0x00, 0x45, 0xFF, 0x00, 0x45, 0xFF,
        0x00, 0x45, 0xFF, 0xFF, 0xFF, 0xFF, 0x40, 0x74, 0xFF, 0x00, 0x45, 0xFF, 0x00, 0x45, 0xFF, 0x00,
        0x45, 0xFF, 0xBF, 0xD0, 0xFF, 0x80, 0xA2, 0xFF, 0x00, 0x45, 0xFF, 0x00, 0x45, 0xFF, 0x00, 0x45,
        0xFF, 0x00, 0x45, 0xFF, 0x00, 0x45, 0xFF, 0x00, 0x45, 0xFF, 0x00, 0x45, 0xFF, 0x00, 0x45, 0xFF,
        0xFF, 0xFF, 0xFF, 0x00, 0x45, 0xFF, 0xFF, 0xFF, 0xFF, 0xFF, 0xFF, 0xFF, 0xFF, 0xFF, 0xFF, 0xFF,
        0xFF, 0xFF, 0xFF, 0xFF, 0xFF, 0xFF, 0xFF, 0xFF, 0x40, 0x74, 0xFF, 0x00, 0x45, 0xFF, 0x00, 0x45,
        0xFF, 0x00, 0x45, 0xFF, 0x00, 0x45, 0xFF, 0x00, 0x45, 0xFF, 0x00, 0x45, 0xFF, 0x00, 0x45, 0xFF,
        0x00, 0x45, 0xFF, 0x7F, 0x00, 0x00, 0x00, 0x45, 0xFF, 0x00, 0x45, 0xFF, 0x00, 0x45, 0xFF, 0xFF,
        0xFF, 0xFF, 0x40, 0x74, 0xFF, 0x00, 0x45, 0xFF, 0x00, 0x45, 0xFF, 0x00, 0x45, 0xFF, 0xBF, 0xD0,
        0xFF, 0x80, 0xA2, 0xFF, 0x00, 0x45, 0xFF, 0x00, 0x45, 0xFF, 0x00, 0x45, 0xFF, 0x00, 0x45, 0xFF,
        0x00, 0x45, 0xFF, 0x00, 0x45, 0xFF, 0x00, 0x45, 0xFF, 0x00, 0x45, 0xFF, 0xFF, 0xFF, 0xFF, 0x00,
        0x45, 0xFF, 0xFF, 0xFF, 0xFF, 0xFF, 0xFF, 0xFF, 0xFF, 0xFF, 0xFF, 0xFF, 0xFF, 0xFF, 0xFF, 0xFF,
        0xFF, 0xFF, 0xFF, 0xFF, 0x10, 0x51, 0xFF, 0x00, 0x45, 0xFF, 0x00, 0x45, 0xFF, 0x00, 0x45, 0xFF,
        0x00, 0x45, 0xFF, 0x00, 0x45, 0xFF, 0x00, 0x45, 0xFF, 0x00, 0x45, 0xFF, 0x00, 0x45, 0xFF, 0xDB,
        0xF9, 0x8E, 0x00, 0x45, 0xFF, 0x00, 0x45, 0xFF, 0x00, 0x45, 0xFF, 0xFF, 0xFF, 0xFF, 0x40, 0x74,
        0xFF, 0x00, 0x45, 0xFF, 0x00, 0x45, 0xFF, 0x00, 0x45, 0xFF, 0xBF, 0xD0, 0xFF, 0x80, 0xA2, 0xFF,
        0x00, 0x45, 0xFF, 0x00, 0x45, 0xFF, 0x00, 0x45, 0xFF, 0x00, 0x45, 0xFF, 0x00, 0x45, 0xFF, 0x00,
        0x45, 0xFF, 0x00, 0x45, 0xFF, 0x00, 0x45, 0xFF, 0xFF, 0xFF, 0xFF, 0x00, 0x45, 0xFF, 0x8F, 0xAD,
        0xFF, 0xFF, 0xFF, 0xFF, 0xFF, 0xFF, 0xFF, 0xFF, 0xFF, 0xFF, 0xFF, 0xFF, 0xFF, 0x8F, 0xAD, 0xFF,
        0x00, 0x45, 0xFF, 0x00, 0x45, 0xFF, 0x00, 0x45, 0xFF, 0x00, 0x45, 0xFF, 0x00, 0x45, 0xFF, 0x00,
        0x45, 0xFF, 0x00, 0x45, 0xFF, 0x00, 0x45, 0xFF, 0x00, 0x45, 0xFF, 0x7F, 0x00, 0x00, 0x00, 0x45,
        0xFF, 0x00, 0x45, 0xFF, 0x00, 0x45, 0xFF, 0xFF, 0xFF, 0xFF, 0x40, 0x74, 0xFF, 0x00, 0x45, 0xFF,
        0x00, 0x45, 0xFF, 0x00, 0x45, 0xFF, 0xBF, 0xD0, 0xFF, 0x80, 0xA2, 0xFF, 0x00, 0x45, 0xFF, 0x00,
        0x45, 0xFF, 0x00, 0x45, 0xFF, 0x00, 0x45, 0xFF, 0x00, 0x45, 0xFF, 0x00, 0x45, 0xFF, 0x00, 0x45,
        0xFF, 0x00, 0x45, 0xFF, 0xFF, 0xFF, 0xFF, 0x00, 0x45, 0xFF, 0x00, 0x45, 0xFF, 0x80, 0xA2, 0xFF,
        0xBF, 0xD0, 0xFF, 0xFF, 0xFF, 0xFF, 0xDF, 0xE8, 0xFF, 0x40, 0x74, 0xFF, 0x20, 0x5C, 0xFF, 0x00,
        0x45, 0xFF, 0x00, 0x45, 0xFF, 0x00, 0x45, 0xFF, 0x00, 0x45, 0xFF, 0x00, 0x45, 0xFF, 0x00, 0x45,
        0xFF, 0x00, 0x45, 0xFF, 0x00, 0x45, 0xFF, 0x09, 0xFA, 0x8E, 0x00, 0x45, 0xFF, 0x00, 0x45, 0xFF,
        0x00, 0x45, 0xFF, 0xFF, 0xFF, 0xFF, 0x40, 0x74, 0xFF, 0x00, 0x45, 0xFF, 0x00, 0x45, 0xFF, 0x00,
        0x45, 0xFF, 0xBF, 0xD0, 0xFF, 0x80, 0xA2, 0xFF, 0x00, 0x45, 0xFF, 0x00, 0x45, 0xFF, 0x00, 0x45,
        0xFF, 0x00, 0x45, 0xFF, 0x00, 0x45, 0xFF, 0x00, 0x45, 0xFF, 0x00, 0x45, 0xFF, 0x00, 0x45, 0xFF,
        0xFF, 0xFF, 0xFF, 0x00, 0x45, 0xFF, 0x00, 0x45, 0xFF, 0x00, 0x45, 0xFF, 0xAF, 0xC5, 0xFF, 0xFF,
        0xFF, 0xFF, 0xFF, 0xFF, 0xFF, 0xFF, 0xFF, 0xFF, 0xFF, 0xFF, 0xFF, 0xDF, 0xE8, 0xFF, 0x80, 0xA2,
        0xFF, 0x10, 0x51, 0xFF, 0x00, 0x45, 0xFF, 0x00, 0x45, 0xFF, 0x00, 0x45, 0xFF, 0x00, 0x45, 0xFF,
        0x00, 0x45, 0xFF, 0x7F, 0x00, 0x00, 0x00, 0x45, 0xFF, 0x00, 0x45, 0xFF, 0x00, 0x45, 0xFF, 0xFF,
        0xFF, 0xFF, 0x40, 0x74, 0xFF, 0x00, 0x45, 0xFF, 0x00, 0x45, 0xFF, 0x00, 0x45, 0xFF, 0xBF, 0xD0,
        0xFF, 0x80, 0xA2, 0xFF, 0x00, 0x45, 0xFF, 0x00, 0x45, 0xFF, 0x00, 0x45, 0xFF, 0x00, 0x45, 0xFF,
        0x00, 0x45, 0xFF, 0x00, 0x45, 0xFF, 0x00, 0x45, 0xFF, 0x00, 0x45, 0xFF, 0xFF, 0xFF, 0xFF, 0x00,
        0x45, 0xFF, 0x00, 0x45, 0xFF, 0x50, 0x7F, 0xFF, 0xFF, 0xFF, 0xFF, 0xFF, 0xFF, 0xFF, 0xFF, 0xFF,
        0xFF, 0xFF, 0xFF, 0xFF, 0xFF, 0xFF, 0xFF, 0xFF, 0xFF, 0xFF, 0xFF, 0xFF, 0xFF, 0xCF, 0xDC, 0xFF,
        0x10, 0x51, 0xFF, 0x00, 0x45, 0xFF, 0x00, 0x45, 0xFF, 0x00, 0x45, 0xFF, 0x00, 0x45, 0xFF, 0x39,
        0xFA, 0x8E, 0x00, 0x45, 0xFF, 0x00, 0x45, 0xFF, 0x00, 0x45, 0xFF, 0xFF, 0xFF, 0xFF, 0x40, 0x74,
        0xFF, 0x00, 0x45, 0xFF, 0x00, 0x45, 0xFF, 0x00, 0x45, 0xFF, 0xBF, 0xD0, 0xFF, 0x80, 0xA2, 0xFF,
        0x00, 0x45, 0xFF, 0x00, 0x45, 0xFF, 0x00, 0x45, 0xFF, 0x00, 0x45, 0xFF, 0x00, 0x45, 0xFF, 0x00,
        0x45, 0xFF, 0x00, 0x45, 0xFF, 0x00, 0x45, 0xFF, 0xFF, 0xFF, 0xFF, 0x00, 0x45, 0xFF, 0x00, 0x45,
        0xFF, 0x9F, 0xB9, 0xFF, 0xFF, 0xFF, 0xFF, 0xFF, 0xFF, 0xFF, 0xFF, 0xFF, 0xFF, 0xFF, 0xFF, 0xFF,
        0xFF, 0xFF, 0xFF, 0xFF, 0xFF, 0xFF, 0xFF, 0xFF, 0xFF, 0xFF, 0xFF, 0xFF, 0xBF, 0xD0, 0xFF, 0x00,
        0x45, 0xFF, 0x00, 0x45, 0xFF, 0x00, 0x45, 0xFF, 0x00, 0x45, 0xFF, 0x7F, 0x00, 0x00, 0x00, 0x45,
        0xFF, 0x00, 0x45, 0xFF, 0x00, 0x45, 0xFF, 0xFF, 0xFF, 0xFF, 0x40, 0x74, 0xFF, 0x00, 0x45, 0xFF,
        0x00, 0x45, 0xFF, 0x00, 0x45, 0xFF, 0xBF, 0xD0, 0xFF, 0x80, 0xA2, 0xFF, 0x00, 0x45, 0xFF, 0x00,
        0x45, 0xFF, 0x9F, 0xB9, 0xFF, 0xBF, 0xD0, 0xFF, 0x00, 0x45, 0xFF, 0x00, 0x45, 0xFF, 0x00, 0x45,
        0xFF, 0x00, 0x45, 0xFF, 0xFF, 0xFF, 0xFF, 0x00, 0x45, 0xFF, 0x30, 0x68, 0xFF, 0xEF, 0xF3, 0xFF,
        0xFF, 0xFF, 0xFF, 0xFF, 0xFF, 0xFF, 0xFF, 0xFF, 0xFF, 0xFF, 0xFF, 0xFF, 0xFF, 0xFF, 0xFF, 0xCF,
        0xDC, 0xFF, 0xFF, 0xFF, 0xFF, 0xFF, 0xFF, 0xFF, 0xFF, 0xFF, 0xFF, 0x20, 0x5C, 0xFF, 0x00, 0x45,
        0xFF, 0x00, 0x45, 0xFF, 0x00, 0x45, 0xFF, 0x6F, 0xFA, 0x8E, 0x00, 0x45, 0xFF, 0x00, 0x45, 0xFF,
        0x00, 0x45, 0xFF, 0xFF, 0xFF, 0xFF, 0x40, 0x74, 0xFF, 0x00, 0x45, 0xFF, 0x00, 0x45, 0xFF, 0x00,
        0x45, 0xFF, 0xBF, 0xD0, 0xFF, 0x80, 0xA2, 0xFF, 0x00, 0x45, 0xFF, 0x80, 0xA2, 0xFF, 0xEF, 0xF3,
        0xFF, 0x30, 0x68, 0xFF, 0x00, 0x45, 0xFF, 0x00, 0x45, 0xFF, 0x00, 0x45, 0xFF, 0x00, 0x45, 0xFF,
        0xFF, 0xFF, 0xFF, 0x8F, 0xAD, 0xFF, 0xEF, 0xF3, 0xFF, 0xFF, 0xFF, 0xFF, 0xFF, 0xFF, 0xFF, 0xFF,
        0xFF, 0xFF, 0xFF, 0xFF, 0xFF, 0xFF, 0xFF, 0xFF, 0xFF, 0xFF, 0xFF, 0x50, 0x7F, 0xFF, 0xDF, 0xE8,
        0xFF, 0xFF, 0xFF, 0xFF, 0xFF, 0xFF, 0xFF, 0x70, 0x97, 0xFF, 0x00, 0x45, 0xFF, 0x00, 0x45, 0xFF,
        0x00, 0x45, 0xFF, 0x7F, 0x00, 0x00, 0x00, 0x45, 0xFF, 0x00, 0x45, 0xFF, 0x00, 0x45, 0xFF, 0xFF,
        0xFF, 0xFF, 0x40, 0x74, 0xFF, 0x00, 0x45, 0xFF, 0x00, 0x45, 0xFF, 0x00, 0x45, 0xFF, 0xBF, 0xD0,
        0xFF, 0x80, 0xA2, 0xFF, 0x50, 0x7F, 0xFF, 0xFF, 0xFF, 0xFF, 0xBF, 0xD0, 0xFF, 0x80, 0xA2, 0xFF,
        0x80, 0xA2, 0xFF, 0x80, 0xA2, 0xFF, 0xEF, 0xF3, 0xFF, 0xFF, 0xFF, 0xFF, 0xFF, 0xFF, 0xFF, 0xFF,
        0xFF, 0xFF, 0xFF, 0xFF, 0xFF, 0xFF, 0xFF, 0xFF, 0xFF, 0xFF, 0xFF, 0xFF, 0xFF, 0xFF, 0xFF, 0xFF,
        0xFF, 0xFF, 0xFF, 0xFF, 0xFF, 0xFF, 0xFF, 0x80, 0xA2, 0xFF, 0x8F, 0xAD, 0xFF, 0xFF, 0xFF, 0xFF,
        0xFF, 0xFF, 0xFF, 0x9F, 0xB9, 0xFF, 0x00, 0x45, 0xFF, 0x00, 0x45, 0xFF, 0x00, 0x45, 0xFF, 0x98,
        0xFA, 0x8E, 0x00, 0x45, 0xFF, 0x00, 0x45, 0xFF, 0x00, 0x45, 0xFF, 0xFF, 0xFF, 0xFF, 0x40, 0x74,
        0xFF, 0x00, 0x45, 0xFF, 0x00, 0x45, 0xFF, 0x00, 0x45, 0xFF, 0xBF, 0xD0, 0xFF, 0x80, 0xA2, 0xFF,
        0x50, 0x7F, 0xFF, 0xFF, 0xFF, 0xFF, 0xBF, 0xD0, 0xFF, 0x80, 0xA2, 0xFF, 0x80, 0xA2, 0xFF, 0xBF,
        0xD0, 0xFF, 0xFF, 0xFF, 0xFF, 0xFF, 0xFF, 0xFF, 0xFF, 0xFF, 0xFF, 0xFF, 0xFF, 0xFF, 0xFF, 0xFF,
        0xFF, 0xFF, 0xFF, 0xFF, 0xDF, 0xE8, 0xFF, 0xFF, 0xFF, 0xFF, 0xFF, 0xFF, 0xFF, 0xFF, 0xFF, 0xFF,
        0xFF, 0xFF, 0xFF, 0x80, 0xA2, 0xFF, 0x80, 0xA2, 0xFF, 0xFF, 0xFF, 0xFF, 0xFF, 0xFF, 0xFF, 0xBF,
        0xD0, 0xFF, 0x00, 0x45, 0xFF, 0x00, 0x45, 0xFF, 0x00, 0x45, 0xFF, 0x7F, 0x00, 0x00, 0x00, 0x45,
        0xFF, 0x00, 0x45, 0xFF, 0x00, 0x45, 0xFF, 0xFF, 0xFF, 0xFF, 0x40, 0x74, 0xFF, 0x00, 0x45, 0xFF,
        0x00, 0x45, 0xFF, 0x00, 0x45, 0xFF, 0xBF, 0xD0, 0xFF, 0x80, 0xA2, 0xFF, 0x00, 0x45, 0xFF, 0x80,
        0xA2, 0xFF, 0xEF, 0xF3, 0xFF, 0x30, 0x68, 0xFF, 0x00, 0x45, 0xFF, 0x50, 0x7F, 0xFF, 0xFF, 0xFF,
        0xFF, 0xFF, 0xFF, 0xFF, 0xFF, 0xFF, 0xFF, 0xDF, 0xE8, 0xFF, 0x9F, 0xB9, 0xFF, 0x30, 0x68, 0xFF,
        0x40, 0x74, 0xFF, 0xFF, 0xFF, 0xFF, 0xFF, 0xFF, 0xFF, 0xFF, 0xFF, 0xFF, 0xFF, 0xFF, 0xFF, 0x8F,
        0xAD, 0xFF, 0x80, 0xA2, 0xFF, 0xFF, 0xFF, 0xFF, 0xFF, 0xFF, 0xFF, 0xBF, 0xD0, 0xFF, 0x00, 0x45,
        0xFF, 0x00, 0x45, 0xFF, 0x00, 0x45, 0xFF, 0xD2, 0xFA, 0x8E, 0x00, 0x45, 0xFF, 0x00, 0x45, 0xFF,
        0x00, 0x45, 0xFF, 0xFF, 0xFF, 0xFF, 0x40, 0x74, 0xFF, 0x00, 0x45, 0xFF, 0x00, 0x45, 0xFF, 0x00,
        0x45, 0xFF, 0xBF, 0xD0, 0xFF, 0x80, 0xA2, 0xFF, 0x00, 0x45, 0xFF, 0x00, 0x45, 0xFF, 0x9F, 0xB9,
        0xFF, 0xBF, 0xD0, 0xFF, 0x00, 0x45, 0xFF, 0x00, 0x45, 0xFF, 0x20, 0x5C, 0xFF, 0x40, 0x74, 0xFF,
        0xFF, 0xFF, 0xFF, 0x00, 0x45, 0xFF, 0x00, 0x45, 0xFF, 0x00, 0x45, 0xFF, 0x10, 0x51, 0xFF, 0xFF,
        0xFF, 0xFF, 0xFF, 0xFF, 0xFF, 0xFF, 0xFF, 0xFF, 0xFF, 0xFF, 0xFF, 0xBF, 0xD0, 0xFF, 0x40, 0x74,
        0xFF, 0xFF, 0xFF, 0xFF, 0xFF, 0xFF, 0xFF, 0xAF, 0xC5, 0xFF, 0x00, 0x45, 0xFF, 0x00, 0x45, 0xFF,
        0x00, 0x45, 0xFF, 0x7F, 0x00, 0x00, 0x00, 0x45, 0xFF, 0x00, 0x45, 0xFF, 0x00, 0x45, 0xFF, 0xFF,
        0xFF, 0xFF, 0x40, 0x74, 0xFF, 0x00, 0x45, 0xFF, 0x00, 0x45, 0xFF, 0x00, 0x45, 0xFF, 0xBF, 0xD0,
        0xFF, 0x80, 0xA2, 0xFF, 0x00, 0x45, 0xFF, 0x00, 0x45, 0xFF, 0x00, 0x45, 0xFF, 0x00, 0x45, 0xFF,
        0x00, 0x45, 0xFF, 0x00, 0x45, 0xFF, 0x00, 0x45, 0xFF, 0x00, 0x45, 0xFF, 0xFF, 0xFF, 0xFF, 0x00,
        0x45, 0xFF, 0x00, 0x45, 0xFF, 0x00, 0x45, 0xFF, 0x10, 0x51, 0xFF, 0xFF, 0xFF, 0xFF, 0xFF, 0xFF,
        0xFF, 0xFF, 0xFF, 0xFF, 0xFF, 0xFF, 0xFF, 0xFF, 0xFF, 0xFF, 0x00, 0x45, 0xFF, 0x70, 0x97, 0xFF,
        0x9F, 0xB9, 0xFF, 0x30, 0x68, 0xFF, 0x00, 0x45, 0xFF, 0x00, 0x45, 0xFF, 0x00, 0x45, 0xFF, 0x1C,
        0xFB, 0x8E, 0x00, 0x45, 0xFF, 0x00, 0x45, 0xFF, 0x00, 0x45, 0xFF, 0xFF, 0xFF, 0xFF, 0x40, 0x74,
        0xFF, 0x00, 0x45, 0xFF, 0x00, 0x45, 0xFF, 0x00, 0x45, 0xFF, 0xBF, 0xD0, 0xFF, 0x80, 0xA2, 0xFF,
        0x00, 0x45, 0xFF, 0x00, 0x45, 0xFF, 0x00, 0x45, 0xFF, 0x00, 0x45, 0xFF, 0x00, 0x45, 0xFF, 0x00,
        0x45, 0xFF, 0x00, 0x45, 0xFF, 0x00, 0x45, 0xFF, 0xFF, 0xFF, 0xFF, 0x00, 0x45, 0xFF, 0x00, 0x45,
        0xFF, 0x00, 0x45, 0xFF, 0xAF, 0xC5, 0xFF, 0xFF, 0xFF, 0xFF, 0xFF, 0xFF, 0xFF, 0xFF, 0xFF, 0xFF,
        0xFF, 0xFF, 0xFF, 0xFF, 0xFF, 0xFF, 0x40, 0x74, 0xFF, 0x00, 0x45, 0xFF, 0x00, 0x45, 0xFF, 0x00,
        0x45, 0xFF, 0x00, 0x45, 0xFF, 0x00, 0x45, 0xFF, 0x00, 0x45, 0xFF, 0x7F, 0x00, 0x00, 0x00, 0x45,
        0xFF, 0x00, 0x45, 0xFF, 0x00, 0x45, 0xFF, 0xFF, 0xFF, 0xFF, 0x40, 0x74, 0xFF, 0x00, 0x45, 0xFF,
        0x00, 0x45, 0xFF, 0x00, 0x45, 0xFF, 0xBF, 0xD0, 0xFF, 0x80, 0xA2, 0xFF, 0x00, 0x45, 0xFF, 0x00,
        0x45, 0xFF, 0x00, 0x45, 0xFF, 0x00, 0x45, 0xFF, 0x00, 0x45, 0xFF, 0x00, 0x45, 0xFF, 0x00, 0x45,
        0xFF, 0x00, 0x45, 0xFF, 0xFF, 0xFF, 0xFF, 0x00, 0x45, 0xFF, 0x00, 0x45, 0xFF, 0x40, 0x74, 0xFF,
        0xFF, 0xFF, 0xFF, 0xFF, 0xFF, 0xFF, 0xFF, 0xFF, 0xFF, 0xFF, 0xFF, 0xFF, 0xFF, 0xFF, 0xFF, 0xFF,
        0xFF, 0xFF, 0x60, 0x8B, 0xFF, 0x00, 0x45, 0xFF, 0x00, 0x45, 0xFF, 0x00, 0x45, 0xFF, 0x00, 0x45,
        0xFF, 0x00, 0x45, 0xFF, 0x00, 0x45, 0xFF, 0x76, 0xFB, 0x8E, 0x00, 0x45, 0xFF, 0x00, 0x45, 0xFF,
        0x00, 0x45, 0xFF, 0xFF, 0xFF, 0xFF, 0x40, 0x74, 0xFF, 0x00, 0x45, 0xFF, 0x00, 0x45, 0xFF, 0x00,
        0x45, 0xFF, 0xBF, 0xD0, 0xFF, 0x80, 0xA2, 0xFF, 0x00, 0x45, 0xFF, 0x00, 0x45, 0xFF, 0x00, 0x45,
        0xFF, 0x00, 0x45, 0xFF, 0x00, 0x45, 0xFF, 0x00, 0x45, 0xFF, 0x00, 0x45, 0xFF, 0x00, 0x45, 0xFF,
        0xFF, 0xFF, 0xFF, 0x00, 0x45, 0xFF, 0x00, 0x45, 0xFF, 0xBF, 0xD0, 0xFF, 0xFF, 0xFF, 0xFF, 0xFF,
        0xFF, 0xFF, 0xFF, 0xFF, 0xFF, 0xFF, 0xFF, 0xFF, 0xFF, 0xFF, 0xFF, 0xFF, 0xFF, 0xFF, 0x80, 0xA2,
        0xFF, 0x00, 0x45, 0xFF, 0x00, 0x45, 0xFF, 0x00, 0x45, 0xFF, 0x00, 0x45, 0xFF, 0x00, 0x45, 0xFF,
        0x00, 0x45, 0xFF, 0x7F, 0x00, 0x00, 0x00, 0x45, 0xFF, 0x00, 0x45, 0xFF, 0x00, 0x45, 0xFF, 0xFF,
        0xFF, 0xFF, 0x40, 0x74, 0xFF, 0x00, 0x45, 0xFF, 0x00, 0x45, 0xFF, 0x00, 0x45, 0xFF, 0xBF, 0xD0,
        0xFF, 0x80, 0xA2, 0xFF, 0x00, 0x45, 0xFF, 0x00, 0x45, 0xFF, 0x00, 0x45, 0xFF, 0x00, 0x45, 0xFF,
        0x00, 0x45, 0xFF, 0x00, 0x45, 0xFF, 0x00, 0x45, 0xFF, 0x00, 0x45, 0xFF, 0xFF, 0xFF, 0xFF, 0x00,
        0x45, 0xFF, 0x20, 0x5C, 0xFF, 0xFF, 0xFF, 0xFF, 0xFF, 0xFF, 0xFF, 0xFF, 0xFF, 0xFF, 0xFF, 0xFF,
        0xFF, 0xFF, 0xFF, 0xFF, 0xFF, 0xFF, 0xFF, 0xFF, 0xFF, 0xFF, 0xDF, 0xE8, 0xFF, 0x00, 0x45, 0xFF,
        0x00, 0x45, 0xFF, 0x00, 0x45, 0xFF, 0x00, 0x45, 0xFF, 0x00, 0x45, 0xFF, 0x00, 0x45, 0xFF, 0xBD,
        0xD7, 0x8E, 0x00, 0x45, 0xFF, 0x00, 0x45, 0xFF, 0x00, 0x45, 0xFF, 0xFF, 0xFF, 0xFF, 0x40, 0x74,
        0xFF, 0x00, 0x45, 0xFF, 0x00, 0x45, 0xFF, 0x00, 0x45, 0xFF, 0xBF, 0xD0, 0xFF, 0x80, 0xA2, 0xFF,
        0x00, 0x45, 0xFF, 0x00, 0x45, 0xFF, 0x00, 0x45, 0xFF, 0x00, 0x45, 0xFF, 0x00, 0x45, 0xFF, 0x00,
        0x45, 0xFF, 0x00, 0x45, 0xFF, 0x00, 0x45, 0xFF, 0xFF, 0xFF, 0xFF, 0x00, 0x45, 0xFF, 0x70, 0x97,
        0xFF, 0xFF, 0xFF, 0xFF, 0xFF, 0xFF, 0xFF, 0xFF, 0xFF, 0xFF, 0xBF, 0xD0, 0xFF, 0xDF, 0xE8, 0xFF,
        0xFF, 0xFF, 0xFF, 0xFF, 0xFF, 0xFF, 0xFF, 0xFF, 0xFF, 0x40, 0x74, 0xFF, 0x00, 0x45, 0xFF, 0x00,
        0x45, 0xFF, 0x00, 0x45, 0xFF, 0x00, 0x45, 0xFF, 0x00, 0x45, 0xFF, 0x7F, 0x00, 0x00, 0x00, 0x45,
        0xFF, 0x00, 0x45, 0xFF, 0x00, 0x45, 0xFF, 0xFF, 0xFF, 0xFF, 0x40, 0x74, 0xFF, 0x00, 0x45, 0xFF,
        0x00, 0x45, 0xFF, 0x00, 0x45, 0xFF, 0xBF, 0xD0, 0xFF, 0x80, 0xA2, 0xFF, 0x00, 0x45, 0xFF, 0x00,
        0x45, 0xFF, 0x00, 0x45, 0xFF, 0x00, 0x45, 0xFF, 0x00, 0x45, 0xFF, 0x00, 0x45, 0xFF, 0x00, 0x45,
        0xFF, 0x00, 0x45, 0xFF, 0xFF, 0xFF, 0xFF, 0x00, 0x45, 0xFF, 0xCF, 0xDC, 0xFF, 0xFF, 0xFF, 0xFF,
        0xFF, 0xFF, 0xFF, 0xFF, 0xFF, 0xFF, 0x20, 0x5C, 0xFF, 0x70, 0x97, 0xFF, 0xFF, 0xFF, 0xFF, 0xFF,
        0xFF, 0xFF, 0xFF, 0xFF, 0xFF, 0xDF, 0xE8, 0xFF, 0x00, 0x45, 0xFF, 0x00, 0x45, 0xFF, 0x00, 0x45,
        0xFF, 0x00, 0x45, 0xFF, 0x00, 0x45, 0xFF, 0xD7, 0xFF, 0x8E, 0x00, 0x45, 0xFF, 0x00, 0x45, 0xFF,
        0x00, 0x45, 0xFF, 0xFF, 0xFF, 0xFF, 0x40, 0x74, 0xFF, 0x00, 0x45, 0xFF, 0x00, 0x45, 0xFF, 0x00,
        0x45, 0xFF, 0xBF, 0xD0, 0xFF, 0x80, 0xA2, 0xFF, 0x00, 0x45, 0xFF, 0x00, 0x45, 0xFF, 0x00, 0x45,
        0xFF, 0x00, 0x45, 0xFF, 0x00, 0x45, 0xFF, 0x00, 0x45, 0xFF, 0x00, 0x45, 0xFF, 0x00, 0x45, 0xFF,
        0xFF, 0xFF, 0xFF, 0x10, 0x51, 0xFF, 0xFF, 0xFF, 0xFF, 0xFF, 0xFF, 0xFF, 0xFF, 0xFF, 0xFF, 0xCF,
        0xDC, 0xFF, 0x00, 0x45, 0xFF, 0x10, 0x51, 0xFF, 0xEF, 0xF3, 0xFF, 0xFF, 0xFF, 0xFF, 0xFF, 0xFF,
        0xFF, 0xFF, 0xFF, 0xFF, 0x80, 0xA2, 0xFF, 0x00, 0x45, 0xFF, 0x00, 0x45, 0xFF, 0x00, 0x45, 0xFF,
        0x00, 0x45, 0xFF, 0x01, 0x00, 0x00, 0x00, 0x45, 0xFF, 0x00, 0x45, 0xFF, 0x00, 0x45, 0xFF, 0xFF,
        0xFF, 0xFF, 0x40, 0x74, 0xFF, 0x00, 0x45, 0xFF, 0x00, 0x45, 0xFF, 0x00, 0x45, 0xFF, 0xBF, 0xD0,
        0xFF, 0x9F, 0xB9, 0xFF, 0x30, 0x68, 0xFF, 0x00, 0x45, 0xFF, 0x00, 0x45, 0xFF, 0x00, 0x45, 0xFF,
        0x00, 0x45, 0xFF, 0x00, 0x45, 0xFF, 0x00, 0x45, 0xFF, 0x00, 0x45, 0xFF, 0xFF, 0xFF, 0xFF, 0x40,
        0x74, 0xFF, 0xFF, 0xFF, 0xFF, 0xFF, 0xFF, 0xFF, 0xFF, 0xFF, 0xFF, 0x8F, 0xAD, 0xFF, 0x00, 0x45,
        0xFF, 0x00, 0x45, 0xFF, 0x70, 0x97, 0xFF, 0xFF, 0xFF, 0xFF, 0xFF, 0xFF, 0xFF, 0xFF, 0xFF, 0xFF,
        0xFF, 0xFF, 0xFF, 0x30, 0x68, 0xFF, 0x00, 0x45, 0xFF, 0x00, 0x45, 0xFF, 0x00, 0x45, 0xFF, 0x8A,
        0x57, 0x47, 0x00, 0x45, 0xFF, 0x00, 0x45, 0xFF, 0x00, 0x45, 0xFF, 0xFF, 0xFF, 0xFF, 0x40, 0x74,
        0xFF, 0x00, 0x45, 0xFF, 0x00, 0x45, 0xFF, 0x00, 0x45, 0xFF, 0x70, 0x97, 0xFF, 0xCF, 0xDC, 0xFF,
        0xFF, 0xFF, 0xFF, 0xEF, 0xF3, 0xFF, 0xAF, 0xC5, 0xFF, 0x80, 0xA2, 0xFF, 0x40, 0x74, 0xFF, 0x00,
        0x45, 0xFF, 0x00, 0x45, 0xFF, 0x00, 0x45, 0xFF, 0xFF, 0xFF, 0xFF, 0x80, 0xA2, 0xFF, 0xFF, 0xFF,
        0xFF, 0xFF, 0xFF, 0xFF, 0xFF, 0xFF, 0xFF, 0x50, 0x7F, 0xFF, 0x00, 0x45, 0xFF, 0x00, 0x45, 0xFF,
        0x00, 0x45, 0xFF, 0xCF, 0xDC, 0xFF, 0xFF, 0xFF, 0xFF, 0xFF, 0xFF, 0xFF, 0xFF, 0xFF, 0xFF, 0xAF,
        0xC5, 0xFF, 0x00, 0x45, 0xFF, 0x00, 0x45, 0xFF, 0x00, 0x45, 0xFF, 0x01, 0x00, 0x00, 0x00, 0x45,
        0xFF, 0x00, 0x45, 0xFF, 0x00, 0x45, 0xFF, 0xFF, 0xFF, 0xFF, 0x70, 0x97, 0xFF, 0x40, 0x74, 0xFF,
        0x40, 0x74, 0xFF, 0x40, 0x74, 0xFF, 0x40, 0x74, 0xFF, 0x40, 0x74, 0xFF, 0x50, 0x7F, 0xFF, 0x8F,
        0xAD, 0xFF, 0xBF, 0xD0, 0xFF, 0xFF, 0xFF, 0xFF, 0xFF, 0xFF, 0xFF, 0xFF, 0xFF, 0xFF, 0xBF, 0xD0,
        0xFF, 0x8F, 0xAD, 0xFF, 0xFF, 0xFF, 0xFF, 0x70, 0x97, 0xFF, 0xFF, 0xFF, 0xFF, 0xFF, 0xFF, 0xFF,
        0xFF, 0xFF, 0xFF, 0x20, 0x5C, 0xFF, 0x00, 0x45, 0xFF, 0x00, 0x45, 0xFF, 0x00, 0x45, 0xFF, 0x30,
        0x68, 0xFF, 0xEF, 0xF3, 0xFF, 0xFF, 0xFF, 0xFF, 0xFF, 0xFF, 0xFF, 0xAF, 0xC5, 0xFF, 0x00, 0x45,
        0xFF, 0x00, 0x45, 0xFF, 0x00, 0x45, 0xFF, 0xD8, 0xE4, 0x47, 0x00, 0x45, 0xFF, 0x00, 0x45, 0xFF,
        0x00, 0x45, 0xFF, 0xAF, 0xC5, 0xFF, 0xBF, 0xD0, 0xFF, 0xBF, 0xD0, 0xFF, 0xBF, 0xD0, 0xFF, 0xBF,
        0xD0, 0xFF, 0xBF, 0xD0, 0xFF, 0xBF, 0xD0, 0xFF, 0xBF, 0xD0, 0xFF, 0xBF, 0xD0, 0xFF, 0xBF, 0xD0,
        0xFF, 0xBF, 0xD0, 0xFF, 0xBF, 0xD0, 0xFF, 0xBF, 0xD0, 0xFF, 0xBF, 0xD0, 0xFF, 0xBF, 0xD0, 0xFF,
        0xBF, 0xD0, 0xFF, 0x00, 0x45, 0xFF, 0x8F, 0xAD, 0xFF, 0xBF, 0xD0, 0xFF, 0x60, 0x8B, 0xFF, 0x00,
        0x45, 0xFF, 0x00, 0x45, 0xFF, 0x00, 0x45, 0xFF, 0x00, 0x45, 0xFF, 0x00, 0x45, 0xFF, 0x60, 0x8B,
        0xFF, 0xDF, 0xE8, 0xFF, 0xCF, 0xDC, 0xFF, 0x30, 0x68, 0xFF, 0x00, 0x45, 0xFF, 0x00, 0x45, 0xFF,
        0x00, 0x45, 0xFF, 0x01, 0x00, 0x00, 0x00, 0x45, 0xFF, 0x00, 0x45, 0xFF, 0x00, 0x45, 0xFF, 0x00,
        0x45, 0xFF, 0x00, 0x45, 0xFF, 0x00, 0x45, 0xFF, 0x00, 0x45, 0xFF, 0x00, 0x45, 0xFF, 0x00, 0x45,
        0xFF, 0x00, 0x45, 0xFF, 0x00, 0x45, 0xFF, 0x00, 0x45, 0xFF, 0x00, 0x45, 0xFF, 0x00, 0x45, 0xFF,
        0x00, 0x45, 0xFF, 0x00, 0x45, 0xFF, 0x00, 0x45, 0xFF, 0x00, 0x45, 0xFF, 0x00, 0x45, 0xFF, 0x00,
        0x45, 0xFF, 0x00, 0x45, 0xFF, 0x00, 0x45, 0xFF, 0x00, 0x45, 0xFF, 0x00, 0x45, 0xFF, 0x00, 0x45,
        0xFF, 0x00, 0x45, 0xFF, 0x00, 0x45, 0xFF, 0x00, 0x45, 0xFF, 0x00, 0x45, 0xFF, 0x00, 0x45, 0xFF,
        0x00, 0x45, 0xFF, 0x00, 0x45, 0xFF, 0x00, 0x45, 0xFF, 0x00, 0x45, 0xFF, 0x00, 0x45, 0xFF, 0x0D,
        0xE5, 0x47, 0x00, 0x45, 0xFF, 0x00, 0x45, 0xFF, 0x00, 0x45, 0xFF, 0x00, 0x45, 0xFF, 0x00, 0x45,
        0xFF, 0x00, 0x45, 0xFF, 0x00, 0x45, 0xFF, 0x00, 0x45, 0xFF, 0x00, 0x45, 0xFF, 0x00, 0x45, 0xFF,
        0x00, 0x45, 0xFF, 0x00, 0x45, 0xFF, 0x00, 0x45, 0xFF, 0x00, 0x45, 0xFF, 0x00, 0x45, 0xFF, 0x00,
        0x45, 0xFF, 0x00, 0x45, 0xFF, 0x00, 0x45, 0xFF, 0x00, 0x45, 0xFF, 0x00, 0x45, 0xFF, 0x00, 0x45,
        0xFF, 0x00, 0x45, 0xFF, 0x00, 0x45, 0xFF, 0x00, 0x45, 0xFF, 0x00, 0x45, 0xFF, 0x00, 0x45, 0xFF,
        0x00, 0x45, 0xFF, 0x00, 0x45, 0xFF, 0x00, 0x45, 0xFF, 0x00, 0x45, 0xFF, 0x00, 0x45, 0xFF, 0x00,
        0x45, 0xFF, 0x00, 0x45, 0xFF, 0x00, 0x45, 0xFF, 0x00, 0x45, 0xFF, 0x01, 0x00, 0x00, 0x00, 0x45,
        0xFF, 0x00, 0x45, 0xFF, 0x00, 0x45, 0xFF, 0x00, 0x45, 0xFF, 0x00, 0x45, 0xFF, 0x00, 0x45, 0xFF,
        0x00, 0x45, 0xFF, 0x00, 0x45, 0xFF, 0x00, 0x45, 0xFF, 0x00, 0x45, 0xFF, 0x00, 0x45, 0xFF, 0x00,
        0x45, 0xFF, 0x00, 0x45, 0xFF, 0x00, 0x45, 0xFF, 0x00, 0x45, 0xFF, 0x00, 0x45, 0xFF, 0x00, 0x45,
        0xFF, 0x00, 0x45, 0xFF, 0x00, 0x45, 0xFF, 0x00, 0x45, 0xFF, 0x00, 0x45, 0xFF, 0x00, 0x45, 0xFF,
        0x00, 0x45, 0xFF, 0x00, 0x45, 0xFF, 0x00, 0x45, 0xFF, 0x00, 0x45, 0xFF, 0x00, 0x45, 0xFF, 0x00,
        0x45, 0xFF, 0x00, 0x45, 0xFF, 0x00, 0x45, 0xFF, 0x00, 0x45, 0xFF, 0x00, 0x45, 0xFF, 0x00, 0x45,
        0xFF, 0x00, 0x45, 0xFF, 0x00, 0x45, 0xFF, 0x40, 0xE5, 0x47, 0x00, 0x00
};

PROGMEM uint8_t UpIcon_50x50[] = {
        0x42, 0x4D, 0xE8, 0x1D, 0x00, 0x00, 0x00, 0x00, 0x00, 0x00, 0x36, 0x00, 0x00, 0x00, 0x28, 0x00,
        0x00, 0x00, 0x32, 0x00, 0x00, 0x00, 0xCE, 0xFF, 0xFF, 0xFF, 0x01, 0x00, 0x18, 0x00, 0x00, 0x00,
        0x00, 0x00, 0xB2, 0x1D, 0x00, 0x00, 0x23, 0x2E, 0x00, 0x00, 0x23, 0x2E, 0x00, 0x00, 0x00, 0x00,
        0x00, 0x00, 0x00, 0x00, 0x00, 0x00, 0x7F, 0x7F, 0x7F, 0x7F, 0x7F, 0x7F, 0x7F, 0x7F, 0x7F, 0x7F,
        0x7F, 0x7F, 0x7F, 0x7F, 0x7F, 0x7F, 0x7F, 0x7F, 0x7F, 0x7F, 0x7F, 0x7F, 0x7F, 0x7F, 0x7F, 0x7F,
        0x7F, 0x7F, 0x7F, 0x7F, 0x7F, 0x7F, 0x7F, 0x7F, 0x7F, 0x7F, 0x7F, 0x7F, 0x7F, 0x7F, 0x7F, 0x7F,
        0x7F, 0x7F, 0x7F, 0x7F, 0x7F, 0x7F, 0x7F, 0x7F, 0x7F, 0x7F, 0x7F, 0x7F, 0x7F, 0x7F, 0x7F, 0x7F,
        0x7F, 0x7F, 0x7F, 0x7F, 0x7F, 0x7F, 0x7F, 0x7F, 0x7F, 0x7F, 0x7F, 0x7F, 0x7F, 0x7F, 0x7F, 0x7F,
        0x7F, 0x7F, 0x7F, 0x7F, 0x7F, 0x7F, 0x7F, 0x7F, 0x7F, 0x7F, 0x7F, 0x7F, 0x7F, 0x7F, 0x7F, 0x7F,
        0x7F, 0x7F, 0x7F, 0x7F, 0x7F, 0x7F, 0x7F, 0x7F, 0x7F, 0x7F, 0x7F, 0x7F, 0x7F, 0x7F, 0x7F, 0x7F,
        0x7F, 0x7F, 0x7F, 0x7F, 0x7F, 0x7F, 0x7F, 0x7F, 0x7F, 0x7F, 0x7F, 0x7F, 0x7F, 0x7F, 0x7F, 0x7F,
        0x7F, 0x7F, 0x7F, 0x7F, 0x7F, 0x7F, 0x7F, 0x7F, 0x7F, 0x7F, 0x7F, 0x7F, 0x7F, 0x7F, 0x7F, 0x7F,
        0x7F, 0x7F, 0x7F, 0x7F, 0x7F, 0x7F, 0x7F, 0x7F, 0x7F, 0x7F, 0x7F, 0x7F, 0x72, 0x73, 0x7F, 0x7F,
        0x7F, 0x7F, 0x7F, 0x7F, 0x7F, 0x7F, 0x7F, 0x7F, 0x7F, 0x7F, 0x7F, 0x7F, 0x7F, 0x7F, 0x7F, 0x7F,
        0x7F, 0x7F, 0x7F, 0x7F, 0x7F, 0x7F, 0x7F, 0x7F, 0x7F, 0x7F, 0x7F, 0x7F, 0x7F, 0x7F, 0x7F, 0x7F,
        0x7F, 0x7F, 0x7F, 0x7F, 0x7F, 0x7F, 0x7F, 0x7F, 0x7F, 0x7F, 0x7F, 0x7F, 0x7F, 0x7F, 0x7F, 0x7F,
        0x7F, 0x7F, 0x7F, 0x7F, 0x7F, 0x7F, 0x7F, 0x7F, 0x7F, 0x7F, 0x7F, 0x7F, 0x7F, 0x7F, 0x7F, 0x7F,
        0x7F, 0x7F, 0x7F, 0x7F, 0x7F, 0x7F, 0x7F, 0x7F, 0x7F, 0x7F, 0x7F, 0x7F, 0x7F, 0x7F, 0x7F, 0x7F,
        0x7F, 0x7F, 0x7F, 0x7F, 0x7F, 0x7F, 0x7F, 0x7F, 0x7F, 0x7F, 0x7F, 0x7F, 0x7F, 0x7F, 0x7F, 0x7F,
        0x7F, 0x7F, 0x7F, 0x7F, 0x7F, 0x7F, 0x7F, 0x7F, 0x7F, 0x7F, 0x7F, 0x7F, 0x7F, 0x7F, 0x7F, 0x7F,
        0x7F, 0x7F, 0x7F, 0x7F, 0x7F, 0x7F, 0x7F, 0x7F, 0x7F, 0x7F, 0x7F, 0x7F, 0x7F, 0x7F, 0x7F, 0x7F,
        0x7F, 0x7F, 0x7F, 0x7F, 0x7F, 0x7F, 0x7F, 0x7F, 0x7F, 0x7F, 0x7F, 0x7F, 0x7F, 0x7F, 0x7F, 0x7F,
        0x7F, 0x7F, 0x7F, 0x7F, 0x36, 0x30, 0x7F, 0x7F, 0x7F, 0x7F, 0x7F, 0x7F, 0x7F, 0x7F, 0x7F, 0x7F,
        0x7F, 0x7F, 0x7F, 0x7F, 0x7F, 0x7F, 0x7F, 0x7F, 0x7F, 0x7F, 0x7F, 0x7F, 0x7F, 0x7F, 0x7F, 0x7F,
        0x7F, 0x7F, 0x7F, 0x7F, 0x7F, 0x7F, 0x7F, 0x7F, 0x7F, 0x7F, 0x7F, 0x7F, 0x7F, 0x7F, 0x7F, 0x7F,
        0x7F, 0x7F, 0x7F, 0x7F, 0x7F, 0x7F, 0x7F, 0x7F, 0x7F, 0x7F, 0x7F, 0x7F, 0x7F, 0x7F, 0x7F, 0x7F,
        0x7F, 0x7F, 0x7F, 0x7F, 0x7F, 0x7F, 0x7F, 0x7F, 0x7F, 0x7F, 0x7F, 0x7F, 0x7F, 0x7F, 0x7F, 0x7F,
        0x7F, 0x7F, 0x7F, 0x7F, 0x7F, 0x7F, 0x7F, 0x7F, 0x7F, 0x7F, 0x7F, 0x7F, 0x7F, 0x7F, 0x7F, 0x7F,
        0x7F, 0x7F, 0x7F, 0x7F, 0x7F, 0x7F, 0x7F, 0x7F, 0x7F, 0x7F, 0x7F, 0x7F, 0x7F, 0x7F, 0x7F, 0x7F,
        0x7F, 0x7F, 0x7F, 0x7F, 0x7F, 0x7F, 0x7F, 0x7F, 0x7F, 0x7F, 0x7F, 0x7F, 0x7F, 0x7F, 0x7F, 0x7F,
        0x7F, 0x7F, 0x7F, 0x7F, 0x7F, 0x7F, 0x7F, 0x7F, 0x7F, 0x7F, 0x7F, 0x7F, 0x7F, 0x7F, 0x7F, 0x7F,
        0x7F, 0x7F, 0x7F, 0x7F, 0x7F, 0x7F, 0x7F, 0x7F, 0x7F, 0x7F, 0x7F, 0x7F, 0x69, 0x6E, 0x7F, 0x7F,
        0x7F, 0x7F, 0x7F, 0x7F, 0x7F, 0x7F, 0x7F, 0x7F, 0x7F, 0x7F, 0x7F, 0x7F, 0x7F, 0x7F, 0x7F, 0x7F,
        0x7F, 0x7F, 0x7F, 0x7F, 0x7F, 0x7F, 0x7F, 0x7F, 0x7F, 0x7F, 0x7F, 0x7F, 0x7F, 0x7F, 0x7F, 0x7F,
        0x7F, 0x7F, 0x7F, 0x7F, 0x7F, 0x7F, 0x7F, 0x7F, 0x7F, 0x7F, 0x7F, 0x7F, 0x7F, 0x7F, 0x7F, 0x7F,
        0x7F, 0x7F, 0x7F, 0x7F, 0x7F, 0x7F, 0x7F, 0x7F, 0x7F, 0x7F, 0x7F, 0x7F, 0x7F, 0x7F, 0x7F, 0x7F,
        0x7F, 0x7F, 0x7F, 0x7F, 0x7F, 0x7F, 0x7F, 0x7F, 0x7F, 0x7F, 0x7F, 0x7F, 0x7F, 0x7F, 0x7F, 0x7F,
        0x7F, 0x7F, 0x7F, 0x7F, 0x7F, 0x7F, 0x7F, 0x7F, 0x7F, 0x7F, 0x7F, 0x7F, 0x7F, 0x7F, 0x7F, 0x7F,
        0x7F, 0x7F, 0x7F, 0x7F, 0x7F, 0x7F, 0x7F, 0x7F, 0x7F, 0x7F, 0x7F, 0x7F, 0x7F, 0x7F, 0x7F, 0x7F,
        0x7F, 0x7F, 0x7F, 0x7F, 0x7F, 0x7F, 0x7F, 0x7F, 0x7F, 0x7F, 0x7F, 0x7F, 0x7F, 0x7F, 0x7F, 0x7F,
        0x7F, 0x7F, 0x7F, 0x7F, 0x7F, 0x7F, 0x7F, 0x7F, 0x7F, 0x7F, 0x7F, 0x7F, 0x7F, 0x7F, 0x7F, 0x7F,
        0x7F, 0x7F, 0x7F, 0x7F, 0x3A, 0x5B, 0x7F, 0x7F, 0x7F, 0x7F, 0x7F, 0x7F, 0x7F, 0x7F, 0x7F, 0x7F,
        0x7F, 0x7F, 0x7F, 0x7F, 0x7F, 0x7F, 0x7F, 0x7F, 0x7F, 0x7F, 0x7F, 0x7F, 0x7F, 0x7F, 0x7F, 0x7F,
        0x7F, 0x7F, 0x7F, 0x7F, 0x7F, 0x7F, 0x7F, 0x7F, 0x7F, 0x7F, 0x7F, 0x7F, 0x7F, 0x7F, 0x7F, 0x7F,
        0x7F, 0x7F, 0x7F, 0x7F, 0x7F, 0x7F, 0x7F, 0x7F, 0x7F, 0x7F, 0x7F, 0x7F, 0x7F, 0x7F, 0x7F, 0x7F,
        0x7F, 0x7F, 0x7F, 0x7F, 0x7F, 0x7F, 0x7F, 0x7F, 0x7F, 0x7F, 0x7F, 0x7F, 0x7F, 0x7F, 0x7F, 0x7F,
        0x7F, 0x7F, 0x7F, 0x7F, 0x7F, 0x7F, 0x7F, 0x7F, 0x7F, 0x7F, 0x7F, 0x7F, 0x7F, 0x7F, 0x7F, 0x7F,
        0x7F, 0x7F, 0x7F, 0x7F, 0x7F, 0x7F, 0x7F, 0x7F, 0x7F, 0x7F, 0x7F, 0x7F, 0x7F, 0x7F, 0x7F, 0x7F,
        0x7F, 0x7F, 0x7F, 0x7F, 0x7F, 0x7F, 0x7F, 0x7F, 0x7F, 0x7F, 0x7F, 0x7F, 0x7F, 0x7F, 0x7F, 0x7F,
        0x7F, 0x7F, 0x7F, 0x7F, 0x7F, 0x7F, 0x7F, 0x7F, 0x7F, 0x7F, 0x7F, 0x7F, 0x7F, 0x7F, 0x7F, 0x7F,
        0x7F, 0x7F, 0x7F, 0x7F, 0x7F, 0x7F, 0x7F, 0x7F, 0x7F, 0x7F, 0x7F, 0x7F, 0x22, 0x2C, 0x7F, 0x7F,
        0x7F, 0x7F, 0x7F, 0x7F, 0x7F, 0x7F, 0x7F, 0x7F, 0x7F, 0x7F, 0x7F, 0x7F, 0x7F, 0x7F, 0x7F, 0x7F,
        0x7F, 0x7F, 0x7F, 0x7F, 0x7F, 0x7F, 0x7F, 0x7F, 0x7F, 0x7F, 0x7F, 0x7F, 0x7F, 0x7F, 0x7F, 0x7F,
        0x7F, 0x7F, 0x7F, 0x7F, 0x7F, 0x7F, 0x7F, 0x7F, 0x7F, 0x7F, 0x7F, 0x7F, 0x7F, 0x7F, 0x7F, 0x7F,
        0x7F, 0x7F, 0x7F, 0x7F, 0x7F, 0x7F, 0x7F, 0x9F, 0x9F, 0x9F, 0xBF, 0xBF, 0xBF, 0xDF, 0xDF, 0xDF,
        0xE7, 0xE7, 0xE7, 0xFF, 0xFF, 0xFF, 0xFF, 0xFF, 0xFF, 0xFF, 0xFF, 0xFF, 0xFF, 0xFF, 0xFF, 0xE7,
        0xE7, 0xE7, 0xDF, 0xDF, 0xDF, 0xBF, 0xBF, 0xBF, 0x9F, 0x9F, 0x9F, 0x7F, 0x7F, 0x7F, 0x7F, 0x7F,
        0x7F, 0x7F, 0x7F, 0x7F, 0x7F, 0x7F, 0x7F, 0x7F, 0x7F, 0x7F, 0x7F, 0x7F, 0x7F, 0x7F, 0x7F, 0x7F,
        0x7F, 0x7F, 0x7F, 0x7F, 0x7F, 0x7F, 0x7F, 0x7F, 0x7F, 0x7F, 0x7F, 0x7F, 0x7F, 0x7F, 0x7F, 0x7F,
        0x7F, 0x7F, 0x7F, 0x7F, 0x7F, 0x7F, 0x7F, 0x7F, 0x7F, 0x7F, 0x7F, 0x7F, 0x7F, 0x7F, 0x7F, 0x7F,
        0x7F, 0x7F, 0x7F, 0x7F, 0x5F, 0x49, 0x7F, 0x7F, 0x7F, 0x7F, 0x7F, 0x7F, 0x7F, 0x7F, 0x7F, 0x7F,
        0x7F, 0x7F, 0x7F, 0x7F, 0x7F, 0x7F, 0x7F, 0x7F, 0x7F, 0x7F, 0x7F, 0x7F, 0x7F, 0x7F, 0x7F, 0x7F,
        0x7F, 0x7F, 0x7F, 0x7F, 0x7F, 0x7F, 0x7F, 0x7F, 0x7F, 0x7F, 0x7F, 0x7F, 0x7F, 0x7F, 0x7F, 0x7F,
        0x7F, 0x7F, 0x7F, 0x7F, 0x7F, 0x7F, 0x8F, 0x8F, 0x8F, 0xCF, 0xCF, 0xCF, 0xF7, 0xF7, 0xF7, 0xFF,
        0xFF, 0xFF, 0xFF, 0xFF, 0xFF, 0xFF, 0xFF, 0xFF, 0xFF, 0xFF, 0xFF, 0xFF, 0xFF, 0xFF, 0xFF, 0xFF,
        0xFF, 0xFF, 0xFF, 0xFF, 0xFF, 0xFF, 0xFF, 0xFF, 0xFF, 0xFF, 0xFF, 0xFF, 0xFF, 0xFF, 0xFF, 0xFF,
        0xFF, 0xFF, 0xFF, 0xF7, 0xF7, 0xF7, 0xCF, 0xCF, 0xCF, 0x8F, 0x8F, 0x8F, 0x7F, 0x7F, 0x7F, 0x7F,
        0x7F, 0x7F, 0x7F, 0x7F, 0x7F, 0x7F, 0x7F, 0x7F, 0x7F, 0x7F, 0x7F, 0x7F, 0x7F, 0x7F, 0x7F, 0x7F,
        0x7F, 0x7F, 0x7F, 0x7F, 0x7F, 0x7F, 0x7F, 0x7F, 0x7F, 0x7F, 0x7F, 0x7F, 0x7F, 0x7F, 0x7F, 0x7F,
        0x7F, 0x7F, 0x7F, 0x7F, 0x7F, 0x7F, 0x7F, 0x7F, 0x7F, 0x7F, 0x7F, 0x7F, 0x3A, 0x22, 0x7F, 0x7F,
        0x7F, 0x7F, 0x7F, 0x7F, 0x7F, 0x7F, 0x7F, 0x7F, 0x7F, 0x7F, 0x7F, 0x7F, 0x7F, 0x7F, 0x7F, 0x7F,
        0x7F, 0x7F, 0x7F, 0x7F, 0x7F, 0x7F, 0x7F, 0x7F, 0x7F, 0x7F, 0x7F, 0x7F, 0x7F, 0x7F, 0x7F, 0x7F,
        0x7F, 0x7F, 0x7F, 0x7F, 0x7F, 0x7F, 0x7F, 0x7F, 0x8F, 0x8F, 0x8F, 0xCF, 0xCF, 0xCF, 0xFF, 0xFF,
        0xFF, 0xFF, 0xFF, 0xFF, 0xFF, 0xFF, 0xFF, 0xFF, 0xFF, 0xFF, 0xFF, 0xFF, 0xFF, 0xFF, 0xFF, 0xFF,
        0xFF, 0xFF, 0xFF, 0xFF, 0xFF, 0xFF, 0xFF, 0xFF, 0xFF, 0xFF, 0xFF, 0xFF, 0xFF, 0xFF, 0xFF, 0xFF,
        0xFF, 0xFF, 0xFF, 0xFF, 0xFF, 0xFF, 0xFF, 0xFF, 0xFF, 0xFF, 0xFF, 0xFF, 0xFF, 0xFF, 0xFF, 0xFF,
        0xFF, 0xFF, 0xFF, 0xFF, 0xCF, 0xCF, 0xCF, 0x8F, 0x8F, 0x8F, 0x7F, 0x7F, 0x7F, 0x7F, 0x7F, 0x7F,
        0x7F, 0x7F, 0x7F, 0x7F, 0x7F, 0x7F, 0x7F, 0x7F, 0x7F, 0x7F, 0x7F, 0x7F, 0x7F, 0x7F, 0x7F, 0x7F,
        0x7F, 0x7F, 0x7F, 0x7F, 0x7F, 0x7F, 0x7F, 0x7F, 0x7F, 0x7F, 0x7F, 0x7F, 0x7F, 0x7F, 0x7F, 0x7F,
        0x7F, 0x7F, 0x7F, 0x7F, 0x2C, 0x22, 0x7F, 0x7F, 0x7F, 0x7F, 0x7F, 0x7F, 0x7F, 0x7F, 0x7F, 0x7F,
        0x7F, 0x7F, 0x7F, 0x7F, 0x7F, 0x7F, 0x7F, 0x7F, 0x7F, 0x7F, 0x7F, 0x7F, 0x7F, 0x7F, 0x7F, 0x7F,
        0x7F, 0x7F, 0x7F, 0x7F, 0x7F, 0x7F, 0x7F, 0x7F, 0x7F, 0x7F, 0x7F, 0x7F, 0x7F, 0xB7, 0xB7, 0xB7,
        0xF7, 0xF7, 0xF7, 0xFF, 0xFF, 0xFF, 0xFF, 0xFF, 0xFF, 0xFF, 0xFF, 0xFF, 0xFF, 0xFF, 0xFF, 0xFF,
        0xFF, 0xFF, 0xFF, 0xFF, 0xFF, 0xFF, 0xFF, 0xFF, 0xFF, 0xFF, 0xFF, 0xFF, 0xFF, 0xFF, 0xFF, 0xFF,
        0xFF, 0xFF, 0xFF, 0xFF, 0xFF, 0xFF, 0xFF, 0xFF, 0xFF, 0xFF, 0xFF, 0xFF, 0xFF, 0xFF, 0xFF, 0xFF,
        0xFF, 0xFF, 0xFF, 0xFF, 0xFF, 0xFF, 0xFF, 0xFF, 0xFF, 0xFF, 0xFF, 0xFF, 0xFF, 0xFF, 0xFF, 0xF7,
        0xF7, 0xF7, 0xB7, 0xB7, 0xB7, 0x7F, 0x7F, 0x7F, 0x7F, 0x7F, 0x7F, 0x7F, 0x7F, 0x7F, 0x7F, 0x7F,
        0x7F, 0x7F, 0x7F, 0x7F, 0x7F, 0x7F, 0x7F, 0x7F, 0x7F, 0x7F, 0x7F, 0x7F, 0x7F, 0x7F, 0x7F, 0x7F,
        0x7F, 0x7F, 0x7F, 0x7F, 0x7F, 0x7F, 0x7F, 0x7F, 0x7F, 0x7F, 0x7F, 0x7F, 0x37, 0x33, 0x7F, 0x7F,
        0x7F, 0x7F, 0x7F, 0x7F, 0x7F, 0x7F, 0x7F, 0x7F, 0x7F, 0x7F, 0x7F, 0x7F, 0x7F, 0x7F, 0x7F, 0x7F,
        0x7F, 0x7F, 0x7F, 0x7F, 0x7F, 0x7F, 0x7F, 0x7F, 0x7F, 0x7F, 0x7F, 0x7F, 0x7F, 0x7F, 0x7F, 0x87,
        0x87, 0x87, 0xCF, 0xCF, 0xCF, 0xFF, 0xFF, 0xFF, 0xFF, 0xFF, 0xFF, 0xFF, 0xFF, 0xFF, 0xFF, 0xFF,
        0xFF, 0xFF, 0xFF, 0xFF, 0xFF, 0xFF, 0xFF, 0xFF, 0xFF, 0xFF, 0xFF, 0xFF, 0xFF, 0xFF, 0xFF, 0xFF,
        0xFF, 0xFF, 0xFF, 0xFF, 0xFF, 0xFF, 0xFF, 0xFF, 0xFF, 0xFF, 0xFF, 0xFF, 0xFF, 0xFF, 0xFF, 0xFF,
        0xFF, 0xFF, 0xFF, 0xFF, 0xFF, 0xFF, 0xFF, 0xFF, 0xFF, 0xFF, 0xFF, 0xFF, 0xFF, 0xFF, 0xFF, 0xFF,
        0xFF, 0xFF, 0xFF, 0xFF, 0xFF, 0xFF, 0xFF, 0xFF, 0xFF, 0xFF, 0xFF, 0xFF, 0xFF, 0xCF, 0xCF, 0xCF,
        0x87, 0x87, 0x87, 0x7F, 0x7F, 0x7F, 0x7F, 0x7F, 0x7F, 0x7F, 0x7F, 0x7F, 0x7F, 0x7F, 0x7F, 0x7F,
        0x7F, 0x7F, 0x7F, 0x7F, 0x7F, 0x7F, 0x7F, 0x7F, 0x7F, 0x7F, 0x7F, 0x7F, 0x7F, 0x7F, 0x7F, 0x7F,
        0x7F, 0x7F, 0x7F, 0x7F, 0x20, 0x4D, 0x7F, 0x7F, 0x7F, 0x7F, 0x7F, 0x7F, 0x7F, 0x7F, 0x7F, 0x7F,
        0x7F, 0x7F, 0x7F, 0x7F, 0x7F, 0x7F, 0x7F, 0x7F, 0x7F, 0x7F, 0x7F, 0x7F, 0x7F, 0x7F, 0x7F, 0x7F,
        0x7F, 0x7F, 0x7F, 0x7F, 0x87, 0x87, 0x87, 0xE7, 0xE7, 0xE7, 0xFF, 0xFF, 0xFF, 0xFF, 0xFF, 0xFF,
        0xFF, 0xFF, 0xFF, 0xFF, 0xFF, 0xFF, 0xFF, 0xFF, 0xFF, 0xFF, 0xFF, 0xFF, 0xFF, 0xFF, 0xFF, 0xFF,
        0xFF, 0xFF, 0xFF, 0xFF, 0xFF, 0xFF, 0xFF, 0xFF, 0xFF, 0xFF, 0xFF, 0xFF, 0xFF, 0xFF, 0xFF, 0xFF,
        0xFF, 0xFF, 0xFF, 0xFF, 0xFF, 0xFF, 0xFF, 0xFF, 0xFF, 0xFF, 0xFF, 0xFF, 0xFF, 0xFF, 0xFF, 0xFF,
        0xFF, 0xFF, 0xFF, 0xFF, 0xFF, 0xFF, 0xFF, 0xFF, 0xFF, 0xFF, 0xFF, 0xFF, 0xFF, 0xFF, 0xFF, 0xFF,
        0xFF, 0xFF, 0xFF, 0xFF, 0xFF, 0xFF, 0xFF, 0xFF, 0xE7, 0xE7, 0xE7, 0x87, 0x87, 0x87, 0x7F, 0x7F,
        0x7F, 0x7F, 0x7F, 0x7F, 0x7F, 0x7F, 0x7F, 0x7F, 0x7F, 0x7F, 0x7F, 0x7F, 0x7F, 0x7F, 0x7F, 0x7F,
        0x7F, 0x7F, 0x7F, 0x7F, 0x7F, 0x7F, 0x7F, 0x7F, 0x7F, 0x7F, 0x7F, 0x7F, 0x64, 0x22, 0x7F, 0x7F,
        0x7F, 0x7F, 0x7F, 0x7F, 0x7F, 0x7F, 0x7F, 0x7F, 0x7F, 0x7F, 0x7F, 0x7F, 0x7F, 0x7F, 0x7F, 0x7F,
        0x7F, 0x7F, 0x7F, 0x7F, 0x7F, 0x7F, 0x7F, 0x7F, 0x7F, 0x87, 0x87, 0x87, 0xE7, 0xE7, 0xE7, 0xFF,
        0xFF, 0xFF, 0xFF, 0xFF, 0xFF, 0xFF, 0xFF, 0xFF, 0xFF, 0xFF, 0xFF, 0xFF, 0xFF, 0xFF, 0xFF, 0xFF,
        0xFF, 0xFF, 0xFF, 0xFF, 0xFF, 0xFF, 0xFF, 0xFF, 0xFF, 0xFF, 0xFF, 0xFF, 0xFF, 0xFF, 0xFF, 0xFF,
        0xFF, 0xFF, 0xFF, 0xFF, 0xFF, 0xFF, 0xFF, 0xFF, 0xFF, 0xFF, 0xFF, 0xFF, 0xFF, 0xFF, 0xFF, 0xFF,
        0xFF, 0xFF, 0xFF, 0xFF, 0xFF, 0xFF, 0xFF, 0xFF, 0xFF, 0xFF, 0xFF, 0xFF, 0xFF, 0xFF, 0xFF, 0xFF,
        0xFF, 0xFF, 0xFF, 0xFF, 0xFF, 0xFF, 0xFF, 0xFF, 0xFF, 0xFF, 0xFF, 0xFF, 0xFF, 0xFF, 0xFF, 0xFF,
        0xFF, 0xFF, 0xFF, 0xE7, 0xE7, 0xE7, 0x87, 0x87, 0x87, 0x7F, 0x7F, 0x7F, 0x7F, 0x7F, 0x7F, 0x7F,
        0x7F, 0x7F, 0x7F, 0x7F, 0x7F, 0x7F, 0x7F, 0x7F, 0x7F, 0x7F, 0x7F, 0x7F, 0x7F, 0x7F, 0x7F, 0x7F,
        0x7F, 0x7F, 0x7F, 0x7F, 0x64, 0x22, 0x7F, 0x7F, 0x7F, 0x7F, 0x7F, 0x7F, 0x7F, 0x7F, 0x7F, 0x7F,
        0x7F, 0x7F, 0x7F, 0x7F, 0x7F, 0x7F, 0x7F, 0x7F, 0x7F, 0x7F, 0x7F, 0x7F, 0x7F, 0x7F, 0x7F, 0x7F,
        0x7F, 0xCF, 0xCF, 0xCF, 0xFF, 0xFF, 0xFF, 0xFF, 0xFF, 0xFF, 0xFF, 0xFF, 0xFF, 0xFF, 0xFF, 0xFF,
        0xFF, 0xFF, 0xFF, 0xFF, 0xFF, 0xFF, 0xFF, 0xFF, 0xFF, 0xFF, 0xFF, 0xFF, 0xFF, 0xFF, 0xFF, 0xFF,
        0xFF, 0xFF, 0xFF, 0xFF, 0xFF, 0xFF, 0xFF, 0xFF, 0xFF, 0xFF, 0xFF, 0xFF, 0xFF, 0xFF, 0xE7, 0xE7,
        0xE7, 0xE7, 0xE7, 0xE7, 0xFF, 0xFF, 0xFF, 0xFF, 0xFF, 0xFF, 0xFF, 0xFF, 0xFF, 0xFF, 0xFF, 0xFF,
        0xFF, 0xFF, 0xFF, 0xFF, 0xFF, 0xFF, 0xFF, 0xFF, 0xFF, 0xFF, 0xFF, 0xFF, 0xFF, 0xFF, 0xFF, 0xFF,
        0xFF, 0xFF, 0xFF, 0xFF, 0xFF, 0xFF, 0xFF, 0xFF, 0xFF, 0xFF, 0xFF, 0xFF, 0xFF, 0xFF, 0xCF, 0xCF,
        0xCF, 0x7F, 0x7F, 0x7F, 0x7F, 0x7F, 0x7F, 0x7F, 0x7F, 0x7F, 0x7F, 0x7F, 0x7F, 0x7F, 0x7F, 0x7F,
        0x7F, 0x7F, 0x7F, 0x7F, 0x7F, 0x7F, 0x7F, 0x7F, 0x7F, 0x7F, 0x7F, 0x7F, 0x79, 0x70, 0x7F, 0x7F,
        0x7F, 0x7F, 0x7F, 0x7F, 0x7F, 0x7F, 0x7F, 0x7F, 0x7F, 0x7F, 0x7F, 0x7F, 0x7F, 0x7F, 0x7F, 0x7F,
        0x7F, 0x7F, 0x7F, 0x7F, 0x7F, 0x7F, 0xB7, 0xB7, 0xB7, 0xFF, 0xFF, 0xFF, 0xFF, 0xFF, 0xFF, 0xFF,
        0xFF, 0xFF, 0xFF, 0xFF, 0xFF, 0xFF, 0xFF, 0xFF, 0xFF, 0xFF, 0xFF, 0xFF, 0xFF, 0xFF, 0xFF, 0xFF,
        0xFF, 0xFF, 0xFF, 0xFF, 0xFF, 0xFF, 0xFF, 0xFF, 0xFF, 0xFF, 0xFF, 0xFF, 0xFF, 0xFF, 0xFF, 0xFF,
        0xFF, 0xFF, 0xFF, 0xF7, 0xF7, 0xF7, 0x97, 0x97, 0x97, 0x97, 0x97, 0x97, 0xF7, 0xF7, 0xF7, 0xFF,
        0xFF, 0xFF, 0xFF, 0xFF, 0xFF, 0xFF, 0xFF, 0xFF, 0xFF, 0xFF, 0xFF, 0xFF, 0xFF, 0xFF, 0xFF, 0xFF,
        0xFF, 0xFF, 0xFF, 0xFF, 0xFF, 0xFF, 0xFF, 0xFF, 0xFF, 0xFF, 0xFF, 0xFF, 0xFF, 0xFF, 0xFF, 0xFF,
        0xFF, 0xFF, 0xFF, 0xFF, 0xFF, 0xFF, 0xFF, 0xFF, 0xFF, 0xB7, 0xB7, 0xB7, 0x7F, 0x7F, 0x7F, 0x7F,
        0x7F, 0x7F, 0x7F, 0x7F, 0x7F, 0x7F, 0x7F, 0x7F, 0x7F, 0x7F, 0x7F, 0x7F, 0x7F, 0x7F, 0x7F, 0x7F,
        0x7F, 0x7F, 0x7F, 0x7F, 0x22, 0x74, 0x7F, 0x7F, 0x7F, 0x7F, 0x7F, 0x7F, 0x7F, 0x7F, 0x7F, 0x7F,
        0x7F, 0x7F, 0x7F, 0x7F, 0x7F, 0x7F, 0x7F, 0x7F, 0x7F, 0x7F, 0x7F, 0x8F, 0x8F, 0x8F, 0xF7, 0xF7,
        0xF7, 0xFF, 0xFF, 0xFF, 0xFF, 0xFF, 0xFF, 0xFF, 0xFF, 0xFF, 0xFF, 0xFF, 0xFF, 0xFF, 0xFF, 0xFF,
        0xFF, 0xFF, 0xFF, 0xFF, 0xFF, 0xFF, 0xFF, 0xFF, 0xFF, 0xFF, 0xFF, 0xFF, 0xFF, 0xFF, 0xFF, 0xFF,
        0xFF, 0xFF, 0xFF, 0xFF, 0xFF, 0xFF, 0xFF, 0xFF, 0xFF, 0xFF, 0xFF, 0xAF, 0xAF, 0xAF, 0x7F, 0x7F,
        0x7F, 0x7F, 0x7F, 0x7F, 0xAF, 0xAF, 0xAF, 0xFF, 0xFF, 0xFF, 0xFF, 0xFF, 0xFF, 0xFF, 0xFF, 0xFF,
        0xFF, 0xFF, 0xFF, 0xFF, 0xFF, 0xFF, 0xFF, 0xFF, 0xFF, 0xFF, 0xFF, 0xFF, 0xFF, 0xFF, 0xFF, 0xFF,
        0xFF, 0xFF, 0xFF, 0xFF, 0xFF, 0xFF, 0xFF, 0xFF, 0xFF, 0xFF, 0xFF, 0xFF, 0xFF, 0xFF, 0xFF, 0xFF,
        0xFF, 0xF7, 0xF7, 0xF7, 0x8F, 0x8F, 0x8F, 0x7F, 0x7F, 0x7F, 0x7F, 0x7F, 0x7F, 0x7F, 0x7F, 0x7F,
        0x7F, 0x7F, 0x7F, 0x7F, 0x7F, 0x7F, 0x7F, 0x7F, 0x7F, 0x7F, 0x7F, 0x7F, 0x61, 0x74, 0x7F, 0x7F,
        0x7F, 0x7F, 0x7F, 0x7F, 0x7F, 0x7F, 0x7F, 0x7F, 0x7F, 0x7F, 0x7F, 0x7F, 0x7F, 0x7F, 0x7F, 0x7F,
        0x7F, 0x7F, 0x7F, 0xCF, 0xCF, 0xCF, 0xFF, 0xFF, 0xFF, 0xFF, 0xFF, 0xFF, 0xFF, 0xFF, 0xFF, 0xFF,
        0xFF, 0xFF, 0xFF, 0xFF, 0xFF, 0xFF, 0xFF, 0xFF, 0xFF, 0xFF, 0xFF, 0xFF, 0xFF, 0xFF, 0xFF, 0xFF,
        0xFF, 0xFF, 0xFF, 0xFF, 0xFF, 0xFF, 0xFF, 0xFF, 0xFF, 0xFF, 0xFF, 0xFF, 0xFF, 0xFF, 0xFF, 0xFF,
        0xD7, 0xD7, 0xD7, 0x7F, 0x7F, 0x7F, 0x7F, 0x7F, 0x7F, 0x7F, 0x7F, 0x7F, 0x7F, 0x7F, 0x7F, 0xD7,
        0xD7, 0xD7, 0xFF, 0xFF, 0xFF, 0xFF, 0xFF, 0xFF, 0xFF, 0xFF, 0xFF, 0xFF, 0xFF, 0xFF, 0xFF, 0xFF,
        0xFF, 0xFF, 0xFF, 0xFF, 0xFF, 0xFF, 0xFF, 0xFF, 0xFF, 0xFF, 0xFF, 0xFF, 0xFF, 0xFF, 0xFF, 0xFF,
        0xFF, 0xFF, 0xFF, 0xFF, 0xFF, 0xFF, 0xFF, 0xFF, 0xFF, 0xFF, 0xFF, 0xFF, 0xCF, 0xCF, 0xCF, 0x7F,
        0x7F, 0x7F, 0x7F, 0x7F, 0x7F, 0x7F, 0x7F, 0x7F, 0x7F, 0x7F, 0x7F, 0x7F, 0x7F, 0x7F, 0x7F, 0x7F,
        0x7F, 0x7F, 0x7F, 0x7F, 0x6E, 0x67, 0x7F, 0x7F, 0x7F, 0x7F, 0x7F, 0x7F, 0x7F, 0x7F, 0x7F, 0x7F,
        0x7F, 0x7F, 0x7F, 0x7F, 0x7F, 0x7F, 0x7F, 0x7F, 0x8F, 0x8F, 0x8F, 0xFF, 0xFF, 0xFF, 0xFF, 0xFF,
        0xFF, 0xFF, 0xFF, 0xFF, 0xFF, 0xFF, 0xFF, 0xFF, 0xFF, 0xFF, 0xFF, 0xFF, 0xFF, 0xFF, 0xFF, 0xFF,
        0xFF, 0xFF, 0xFF, 0xFF, 0xFF, 0xFF, 0xFF, 0xFF, 0xFF, 0xFF, 0xFF, 0xFF, 0xFF, 0xFF, 0xFF, 0xFF,
        0xFF, 0xFF, 0xFF, 0xFF, 0xFF, 0xEF, 0xEF, 0xEF, 0x87, 0x87, 0x87, 0x7F, 0x7F, 0x7F, 0x7F, 0x7F,
        0x7F, 0x7F, 0x7F, 0x7F, 0x7F, 0x7F, 0x7F, 0x87, 0x87, 0x87, 0xEF, 0xEF, 0xEF, 0xFF, 0xFF, 0xFF,
        0xFF, 0xFF, 0xFF, 0xFF, 0xFF, 0xFF, 0xFF, 0xFF, 0xFF, 0xFF, 0xFF, 0xFF, 0xFF, 0xFF, 0xFF, 0xFF,
        0xFF, 0xFF, 0xFF, 0xFF, 0xFF, 0xFF, 0xFF, 0xFF, 0xFF, 0xFF, 0xFF, 0xFF, 0xFF, 0xFF, 0xFF, 0xFF,
        0xFF, 0xFF, 0xFF, 0xFF, 0xFF, 0xFF, 0xFF, 0x8F, 0x8F, 0x8F, 0x7F, 0x7F, 0x7F, 0x7F, 0x7F, 0x7F,
        0x7F, 0x7F, 0x7F, 0x7F, 0x7F, 0x7F, 0x7F, 0x7F, 0x7F, 0x7F, 0x7F, 0x7F, 0x54, 0x79, 0x7F, 0x7F,
        0x7F, 0x7F, 0x7F, 0x7F, 0x7F, 0x7F, 0x7F, 0x7F, 0x7F, 0x7F, 0x7F, 0x7F, 0x7F, 0x7F, 0x7F, 0x7F,
        0xCF, 0xCF, 0xCF, 0xFF, 0xFF, 0xFF, 0xFF, 0xFF, 0xFF, 0xFF, 0xFF, 0xFF, 0xFF, 0xFF, 0xFF, 0xFF,
        0xFF, 0xFF, 0xFF, 0xFF, 0xFF, 0xFF, 0xFF, 0xFF, 0xFF, 0xFF, 0xFF, 0xFF, 0xFF, 0xFF, 0xFF, 0xFF,
        0xFF, 0xFF, 0xFF, 0xFF, 0xFF, 0xFF, 0xFF, 0xFF, 0xFF, 0xFF, 0xFF, 0xFF, 0xFF, 0x9F, 0x9F, 0x9F,
        0x7F, 0x7F, 0x7F, 0x7F, 0x7F, 0x7F, 0x7F, 0x7F, 0x7F, 0x7F, 0x7F, 0x7F, 0x7F, 0x7F, 0x7F, 0x7F,
        0x7F, 0x7F, 0x9F, 0x9F, 0x9F, 0xFF, 0xFF, 0xFF, 0xFF, 0xFF, 0xFF, 0xFF, 0xFF, 0xFF, 0xFF, 0xFF,
        0xFF, 0xFF, 0xFF, 0xFF, 0xFF, 0xFF, 0xFF, 0xFF, 0xFF, 0xFF, 0xFF, 0xFF, 0xFF, 0xFF, 0xFF, 0xFF,
        0xFF, 0xFF, 0xFF, 0xFF, 0xFF, 0xFF, 0xFF, 0xFF, 0xFF, 0xFF, 0xFF, 0xFF, 0xFF, 0xFF, 0xFF, 0xCF,
        0xCF, 0xCF, 0x7F, 0x7F, 0x7F, 0x7F, 0x7F, 0x7F, 0x7F, 0x7F, 0x7F, 0x7F, 0x7F, 0x7F, 0x7F, 0x7F,
        0x7F, 0x7F, 0x7F, 0x7F, 0x31, 0x34, 0x7F, 0x7F, 0x7F, 0x7F, 0x7F, 0x7F, 0x7F, 0x7F, 0x7F, 0x7F,
        0x7F, 0x7F, 0x7F, 0x7F, 0x7F, 0x7F, 0x7F, 0x7F, 0xF7, 0xF7, 0xF7, 0xFF, 0xFF, 0xFF, 0xFF, 0xFF,
        0xFF, 0xFF, 0xFF, 0xFF, 0xFF, 0xFF, 0xFF, 0xFF, 0xFF, 0xFF, 0xFF, 0xFF, 0xFF, 0xFF, 0xFF, 0xFF,
        0xFF, 0xFF, 0xFF, 0xFF, 0xFF, 0xFF, 0xFF, 0xFF, 0xFF, 0xFF, 0xFF, 0xFF, 0xFF, 0xFF, 0xFF, 0xFF,
        0xFF, 0xFF, 0xBF, 0xBF, 0xBF, 0x7F, 0x7F, 0x7F, 0x7F, 0x7F, 0x7F, 0x7F, 0x7F, 0x7F, 0x7F, 0x7F,
        0x7F, 0x7F, 0x7F, 0x7F, 0x7F, 0x7F, 0x7F, 0x7F, 0x7F, 0x7F, 0x7F, 0x7F, 0x7F, 0xBF, 0xBF, 0xBF,
        0xFF, 0xFF, 0xFF, 0xFF, 0xFF, 0xFF, 0xFF, 0xFF, 0xFF, 0xFF, 0xFF, 0xFF, 0xFF, 0xFF, 0xFF, 0xFF,
        0xFF, 0xFF, 0xFF, 0xFF, 0xFF, 0xFF, 0xFF, 0xFF, 0xFF, 0xFF, 0xFF, 0xFF, 0xFF, 0xFF, 0xFF, 0xFF,
        0xFF, 0xFF, 0xFF, 0xFF, 0xFF, 0xFF, 0xFF, 0xF7, 0xF7, 0xF7, 0x7F, 0x7F, 0x7F, 0x7F, 0x7F, 0x7F,
        0x7F, 0x7F, 0x7F, 0x7F, 0x7F, 0x7F, 0x7F, 0x7F, 0x7F, 0x7F, 0x7F, 0x7F, 0x74, 0x65, 0x7F, 0x7F,
        0x7F, 0x7F, 0x7F, 0x7F, 0x7F, 0x7F, 0x7F, 0x7F, 0x7F, 0x7F, 0x7F, 0x7F, 0x7F, 0x9F, 0x9F, 0x9F,
        0xFF, 0xFF, 0xFF, 0xFF, 0xFF, 0xFF, 0xFF, 0xFF, 0xFF, 0xFF, 0xFF, 0xFF, 0xFF, 0xFF, 0xFF, 0xFF,
        0xFF, 0xFF, 0xFF, 0xFF, 0xFF, 0xFF, 0xFF, 0xFF, 0xFF, 0xFF, 0xFF, 0xFF, 0xFF, 0xFF, 0xFF, 0xFF,
        0xFF, 0xFF, 0xFF, 0xFF, 0xFF, 0xFF, 0xFF, 0xE7, 0xE7, 0xE7, 0x7F, 0x7F, 0x7F, 0x7F, 0x7F, 0x7F,
        0x7F, 0x7F, 0x7F, 0x7F, 0x7F, 0x7F, 0x7F, 0x7F, 0x7F, 0x7F, 0x7F, 0x7F, 0x7F, 0x7F, 0x7F, 0x7F,
        0x7F, 0x7F, 0x7F, 0x7F, 0x7F, 0x7F, 0x7F, 0x7F, 0xE7, 0xE7, 0xE7, 0xFF, 0xFF, 0xFF, 0xFF, 0xFF,
        0xFF, 0xFF, 0xFF, 0xFF, 0xFF, 0xFF, 0xFF, 0xFF, 0xFF, 0xFF, 0xFF, 0xFF, 0xFF, 0xFF, 0xFF, 0xFF,
        0xFF, 0xFF, 0xFF, 0xFF, 0xFF, 0xFF, 0xFF, 0xFF, 0xFF, 0xFF, 0xFF, 0xFF, 0xFF, 0xFF, 0xFF, 0xFF,
        0xFF, 0xFF, 0x9F, 0x9F, 0x9F, 0x7F, 0x7F, 0x7F, 0x7F, 0x7F, 0x7F, 0x7F, 0x7F, 0x7F, 0x7F, 0x7F,
        0x7F, 0x7F, 0x7F, 0x7F, 0x20, 0x3E, 0x7F, 0x7F, 0x7F, 0x7F, 0x7F, 0x7F, 0x7F, 0x7F, 0x7F, 0x7F,
        0x7F, 0x7F, 0x7F, 0x7F, 0x7F, 0xBF, 0xBF, 0xBF, 0xFF, 0xFF, 0xFF, 0xFF, 0xFF, 0xFF, 0xFF, 0xFF,
        0xFF, 0xFF, 0xFF, 0xFF, 0xFF, 0xFF, 0xFF, 0xFF, 0xFF, 0xFF, 0xFF, 0xFF, 0xFF, 0xFF, 0xFF, 0xFF,
        0xFF, 0xFF, 0xFF, 0xFF, 0xFF, 0xFF, 0xFF, 0xFF, 0xFF, 0xFF, 0xFF, 0xFF, 0xF7, 0xF7, 0xF7, 0x8F,
        0x8F, 0x8F, 0x7F, 0x7F, 0x7F, 0x7F, 0x7F, 0x7F, 0x7F, 0x7F, 0x7F, 0x7F, 0x7F, 0x7F, 0x7F, 0x7F,
        0x7F, 0x7F, 0x7F, 0x7F, 0x7F, 0x7F, 0x7F, 0x7F, 0x7F, 0x7F, 0x7F, 0x7F, 0x7F, 0x7F, 0x7F, 0x7F,
        0x8F, 0x8F, 0x8F, 0xF7, 0xF7, 0xF7, 0xFF, 0xFF, 0xFF, 0xFF, 0xFF, 0xFF, 0xFF, 0xFF, 0xFF, 0xFF,
        0xFF, 0xFF, 0xFF, 0xFF, 0xFF, 0xFF, 0xFF, 0xFF, 0xFF, 0xFF, 0xFF, 0xFF, 0xFF, 0xFF, 0xFF, 0xFF,
        0xFF, 0xFF, 0xFF, 0xFF, 0xFF, 0xFF, 0xFF, 0xFF, 0xFF, 0xFF, 0xBF, 0xBF, 0xBF, 0x7F, 0x7F, 0x7F,
        0x7F, 0x7F, 0x7F, 0x7F, 0x7F, 0x7F, 0x7F, 0x7F, 0x7F, 0x7F, 0x7F, 0x7F, 0x22, 0x56, 0x7F, 0x7F,
        0x7F, 0x7F, 0x7F, 0x7F, 0x7F, 0x7F, 0x7F, 0x7F, 0x7F, 0x7F, 0x7F, 0x7F, 0x7F, 0xDF, 0xDF, 0xDF,
        0xFF, 0xFF, 0xFF, 0xFF, 0xFF, 0xFF, 0xFF, 0xFF, 0xFF, 0xFF, 0xFF, 0xFF, 0xFF, 0xFF, 0xFF, 0xFF,
        0xFF, 0xFF, 0xFF, 0xFF, 0xFF, 0xFF, 0xFF, 0xFF, 0xFF, 0xFF, 0xFF, 0xFF, 0xFF, 0xFF, 0xFF, 0xFF,
        0xFF, 0xFF, 0xFF, 0xFF, 0xA7, 0xA7, 0xA7, 0x7F, 0x7F, 0x7F, 0x7F, 0x7F, 0x7F, 0x7F, 0x7F, 0x7F,
        0x7F, 0x7F, 0x7F, 0x7F, 0x7F, 0x7F, 0x7F, 0x7F, 0x7F, 0x7F, 0x7F, 0x7F, 0x7F, 0x7F, 0x7F, 0x7F,
        0x7F, 0x7F, 0x7F, 0x7F, 0x7F, 0x7F, 0x7F, 0x7F, 0x7F, 0x7F, 0x7F, 0xA7, 0xA7, 0xA7, 0xFF, 0xFF,
        0xFF, 0xFF, 0xFF, 0xFF, 0xFF, 0xFF, 0xFF, 0xFF, 0xFF, 0xFF, 0xFF, 0xFF, 0xFF, 0xFF, 0xFF, 0xFF,
        0xFF, 0xFF, 0xFF, 0xFF, 0xFF, 0xFF, 0xFF, 0xFF, 0xFF, 0xFF, 0xFF, 0xFF, 0xFF, 0xFF, 0xFF, 0xFF,
        0xFF, 0xFF, 0xDF, 0xDF, 0xDF, 0x7F, 0x7F, 0x7F, 0x7F, 0x7F, 0x7F, 0x7F, 0x7F, 0x7F, 0x7F, 0x7F,
        0x7F, 0x7F, 0x7F, 0x7F, 0x69, 0x74, 0x7F, 0x7F, 0x7F, 0x7F, 0x7F, 0x7F, 0x7F, 0x7F, 0x7F, 0x7F,
        0x7F, 0x7F, 0x7F, 0x7F, 0x7F, 0xE7, 0xE7, 0xE7, 0xFF, 0xFF, 0xFF, 0xFF, 0xFF, 0xFF, 0xFF, 0xFF,
        0xFF, 0xFF, 0xFF, 0xFF, 0xFF, 0xFF, 0xFF, 0xFF, 0xFF, 0xFF, 0xFF, 0xFF, 0xFF, 0xFF, 0xFF, 0xFF,
        0xFF, 0xFF, 0xFF, 0xFF, 0xFF, 0xFF, 0xFF, 0xFF, 0xFF, 0xCF, 0xCF, 0xCF, 0x7F, 0x7F, 0x7F, 0x7F,
        0x7F, 0x7F, 0x7F, 0x7F, 0x7F, 0x7F, 0x7F, 0x7F, 0x7F, 0x7F, 0x7F, 0x7F, 0x7F, 0x7F, 0x7F, 0x7F,
        0x7F, 0x7F, 0x7F, 0x7F, 0x7F, 0x7F, 0x7F, 0x7F, 0x7F, 0x7F, 0x7F, 0x7F, 0x7F, 0x7F, 0x7F, 0x7F,
        0x7F, 0x7F, 0x7F, 0x7F, 0x7F, 0x7F, 0xCF, 0xCF, 0xCF, 0xFF, 0xFF, 0xFF, 0xFF, 0xFF, 0xFF, 0xFF,
        0xFF, 0xFF, 0xFF, 0xFF, 0xFF, 0xFF, 0xFF, 0xFF, 0xFF, 0xFF, 0xFF, 0xFF, 0xFF, 0xFF, 0xFF, 0xFF,
        0xFF, 0xFF, 0xFF, 0xFF, 0xFF, 0xFF, 0xFF, 0xFF, 0xFF, 0xFF, 0xE7, 0xE7, 0xE7, 0x7F, 0x7F, 0x7F,
        0x7F, 0x7F, 0x7F, 0x7F, 0x7F, 0x7F, 0x7F, 0x7F, 0x7F, 0x7F, 0x7F, 0x7F, 0x6D, 0x70, 0x7F, 0x7F,
        0x7F, 0x7F, 0x7F, 0x7F, 0x7F, 0x7F, 0x7F, 0x7F, 0x7F, 0x7F, 0x7F, 0x7F, 0x7F, 0xFF, 0xFF, 0xFF,
        0xFF, 0xFF, 0xFF, 0xFF, 0xFF, 0xFF, 0xFF, 0xFF, 0xFF, 0xFF, 0xFF, 0xFF, 0xFF, 0xFF, 0xFF, 0xFF,
        0xFF, 0xFF, 0xFF, 0xFF, 0xFF, 0xFF, 0xFF, 0xFF, 0xFF, 0xFF, 0xFF, 0xFF, 0xFF, 0xFF, 0xEF, 0xEF,
        0xEF, 0x87, 0x87, 0x87, 0x7F, 0x7F, 0x7F, 0x7F, 0x7F, 0x7F, 0x7F, 0x7F, 0x7F, 0x7F, 0x7F, 0x7F,
        0x7F, 0x7F, 0x7F, 0x7F, 0x7F, 0x7F, 0x7F, 0x7F, 0x7F, 0x7F, 0x7F, 0x7F, 0x7F, 0x7F, 0x7F, 0x7F,
        0x7F, 0x7F, 0x7F, 0x7F, 0x7F, 0x7F, 0x7F, 0x7F, 0x7F, 0x7F, 0x7F, 0x7F, 0x7F, 0x7F, 0x87, 0x87,
        0x87, 0xEF, 0xEF, 0xEF, 0xFF, 0xFF, 0xFF, 0xFF, 0xFF, 0xFF, 0xFF, 0xFF, 0xFF, 0xFF, 0xFF, 0xFF,
        0xFF, 0xFF, 0xFF, 0xFF, 0xFF, 0xFF, 0xFF, 0xFF, 0xFF, 0xFF, 0xFF, 0xFF, 0xFF, 0xFF, 0xFF, 0xFF,
        0xFF, 0xFF, 0xFF, 0xFF, 0xFF, 0x7F, 0x7F, 0x7F, 0x7F, 0x7F, 0x7F, 0x7F, 0x7F, 0x7F, 0x7F, 0x7F,
        0x7F, 0x7F, 0x7F, 0x7F, 0x74, 0x74, 0x7F, 0x7F, 0x7F, 0x7F, 0x7F, 0x7F, 0x7F, 0x7F, 0x7F, 0x7F,
        0x7F, 0x7F, 0x7F, 0x7F, 0x7F, 0xFF, 0xFF, 0xFF, 0xFF, 0xFF, 0xFF, 0xFF, 0xFF, 0xFF, 0xFF, 0xFF,
        0xFF, 0xFF, 0xFF, 0xFF, 0xFF, 0xFF, 0xFF, 0xFF, 0xFF, 0xFF, 0xFF, 0xFF, 0xFF, 0xFF, 0xFF, 0xFF,
        0xFF, 0xFF, 0xFF, 0xFF, 0xFF, 0xFF, 0x97, 0x97, 0x97, 0x7F, 0x7F, 0x7F, 0x7F, 0x7F, 0x7F, 0x7F,
        0x7F, 0x7F, 0x7F, 0x7F, 0x7F, 0x7F, 0x7F, 0x7F, 0x7F, 0x7F, 0x7F, 0x7F, 0x7F, 0x7F, 0x7F, 0x7F,
        0x7F, 0x7F, 0x7F, 0x7F, 0x7F, 0x7F, 0x7F, 0x7F, 0x7F, 0x7F, 0x7F, 0x7F, 0x7F, 0x7F, 0x7F, 0x7F,
        0x7F, 0x7F, 0x7F, 0x7F, 0x7F, 0x7F, 0x7F, 0x7F, 0x7F, 0x97, 0x97, 0x97, 0xFF, 0xFF, 0xFF, 0xFF,
        0xFF, 0xFF, 0xFF, 0xFF, 0xFF, 0xFF, 0xFF, 0xFF, 0xFF, 0xFF, 0xFF, 0xFF, 0xFF, 0xFF, 0xFF, 0xFF,
        0xFF, 0xFF, 0xFF, 0xFF, 0xFF, 0xFF, 0xFF, 0xFF, 0xFF, 0xFF, 0xFF, 0xFF, 0xFF, 0x7F, 0x7F, 0x7F,
        0x7F, 0x7F, 0x7F, 0x7F, 0x7F, 0x7F, 0x7F, 0x7F, 0x7F, 0x7F, 0x7F, 0x7F, 0x3A, 0x22, 0x7F, 0x7F,
        0x7F, 0x7F, 0x7F, 0x7F, 0x7F, 0x7F, 0x7F, 0x7F, 0x7F, 0x7F, 0x7F, 0x7F, 0x7F, 0xFF, 0xFF, 0xFF,
        0xFF, 0xFF, 0xFF, 0xFF, 0xFF, 0xFF, 0xFF, 0xFF, 0xFF, 0xFF, 0xFF, 0xFF, 0xFF, 0xFF, 0xFF, 0xFF,
        0xFF, 0xFF, 0xFF, 0xFF, 0xFF, 0xFF, 0xFF, 0xFF, 0xFF, 0xFF, 0xFF, 0xBF, 0xBF, 0xBF, 0x7F, 0x7F,
        0x7F, 0x7F, 0x7F, 0x7F, 0x7F, 0x7F, 0x7F, 0x7F, 0x7F, 0x7F, 0x7F, 0x7F, 0x7F, 0x7F, 0x7F, 0x7F,
        0x7F, 0x7F, 0x7F, 0x7F, 0x7F, 0x7F, 0x7F, 0x7F, 0x7F, 0x7F, 0x7F, 0x7F, 0x7F, 0x7F, 0x7F, 0x7F,
        0x7F, 0x7F, 0x7F, 0x7F, 0x7F, 0x7F, 0x7F, 0x7F, 0x7F, 0x7F, 0x7F, 0x7F, 0x7F, 0x7F, 0x7F, 0x7F,
        0x7F, 0x7F, 0x7F, 0x7F, 0xBF, 0xBF, 0xBF, 0xFF, 0xFF, 0xFF, 0xFF, 0xFF, 0xFF, 0xFF, 0xFF, 0xFF,
        0xFF, 0xFF, 0xFF, 0xFF, 0xFF, 0xFF, 0xFF, 0xFF, 0xFF, 0xFF, 0xFF, 0xFF, 0xFF, 0xFF, 0xFF, 0xFF,
        0xFF, 0xFF, 0xFF, 0xFF, 0xFF, 0x7F, 0x7F, 0x7F, 0x7F, 0x7F, 0x7F, 0x7F, 0x7F, 0x7F, 0x7F, 0x7F,
        0x7F, 0x7F, 0x7F, 0x7F, 0x79, 0x54, 0x7F, 0x7F, 0x7F, 0x7F, 0x7F, 0x7F, 0x7F, 0x7F, 0x7F, 0x7F,
        0x7F, 0x7F, 0x7F, 0x7F, 0x7F, 0xFF, 0xFF, 0xFF, 0xFF, 0xFF, 0xFF, 0xFF, 0xFF, 0xFF, 0xFF, 0xFF,
        0xFF, 0xFF, 0xFF, 0xFF, 0xFF, 0xFF, 0xFF, 0xFF, 0xFF, 0xFF, 0xFF, 0xFF, 0xFF, 0xFF, 0xFF, 0xFF,
        0xDF, 0xDF, 0xDF, 0x7F, 0x7F, 0x7F, 0x7F, 0x7F, 0x7F, 0x7F, 0x7F, 0x7F, 0x7F, 0x7F, 0x7F, 0x7F,
        0x7F, 0x7F, 0x7F, 0x7F, 0x7F, 0x7F, 0x7F, 0x7F, 0x7F, 0x7F, 0x7F, 0x7F, 0x7F, 0x7F, 0x7F, 0x7F,
        0x7F, 0x7F, 0x7F, 0x7F, 0x7F, 0x7F, 0x7F, 0x7F, 0x7F, 0x7F, 0x7F, 0x7F, 0x7F, 0x7F, 0x7F, 0x7F,
        0x7F, 0x7F, 0x7F, 0x7F, 0x7F, 0x7F, 0x7F, 0x7F, 0x7F, 0x7F, 0x7F, 0x7F, 0x7F, 0x7F, 0x7F, 0xDF,
        0xDF, 0xDF, 0xFF, 0xFF, 0xFF, 0xFF, 0xFF, 0xFF, 0xFF, 0xFF, 0xFF, 0xFF, 0xFF, 0xFF, 0xFF, 0xFF,
        0xFF, 0xFF, 0xFF, 0xFF, 0xFF, 0xFF, 0xFF, 0xFF, 0xFF, 0xFF, 0xFF, 0xFF, 0xFF, 0x7F, 0x7F, 0x7F,
        0x7F, 0x7F, 0x7F, 0x7F, 0x7F, 0x7F, 0x7F, 0x7F, 0x7F, 0x7F, 0x7F, 0x7F, 0x22, 0x69, 0x7F, 0x7F,
        0x7F, 0x7F, 0x7F, 0x7F, 0x7F, 0x7F, 0x7F, 0x7F, 0x7F, 0x7F, 0x7F, 0x7F, 0x7F, 0xE7, 0xE7, 0xE7,
        0xFF, 0xFF, 0xFF, 0xFF, 0xFF, 0xFF, 0xFF, 0xFF, 0xFF, 0xFF, 0xFF, 0xFF, 0xFF, 0xFF, 0xFF, 0xFF,
        0xFF, 0xFF, 0xFF, 0xFF, 0xFF, 0xFF, 0xFF, 0xFF, 0xC7, 0xC7, 0xC7, 0xBF, 0xBF, 0xBF, 0xBF, 0xBF,
        0xBF, 0xBF, 0xBF, 0xBF, 0xBF, 0xBF, 0xBF, 0xBF, 0xBF, 0xBF, 0x7F, 0x7F, 0x7F, 0x7F, 0x7F, 0x7F,
        0x7F, 0x7F, 0x7F, 0x7F, 0x7F, 0x7F, 0x7F, 0x7F, 0x7F, 0x7F, 0x7F, 0x7F, 0x7F, 0x7F, 0x7F, 0x7F,
        0x7F, 0x7F, 0x7F, 0x7F, 0x7F, 0x7F, 0x7F, 0x7F, 0xAF, 0xAF, 0xAF, 0xBF, 0xBF, 0xBF, 0xBF, 0xBF,
        0xBF, 0xBF, 0xBF, 0xBF, 0xBF, 0xBF, 0xBF, 0xC7, 0xC7, 0xC7, 0xFF, 0xFF, 0xFF, 0xFF, 0xFF, 0xFF,
        0xFF, 0xFF, 0xFF, 0xFF, 0xFF, 0xFF, 0xFF, 0xFF, 0xFF, 0xFF, 0xFF, 0xFF, 0xFF, 0xFF, 0xFF, 0xFF,
        0xFF, 0xFF, 0xE7, 0xE7, 0xE7, 0x7F, 0x7F, 0x7F, 0x7F, 0x7F, 0x7F, 0x7F, 0x7F, 0x7F, 0x7F, 0x7F,
        0x7F, 0x7F, 0x7F, 0x7F, 0x73, 0x74, 0x7F, 0x7F, 0x7F, 0x7F, 0x7F, 0x7F, 0x7F, 0x7F, 0x7F, 0x7F,
        0x7F, 0x7F, 0x7F, 0x7F, 0x7F, 0xDF, 0xDF, 0xDF, 0xFF, 0xFF, 0xFF, 0xFF, 0xFF, 0xFF, 0xFF, 0xFF,
        0xFF, 0xFF, 0xFF, 0xFF, 0xFF, 0xFF, 0xFF, 0xFF, 0xFF, 0xFF, 0xFF, 0xFF, 0xFF, 0xFF, 0xFF, 0xFF,
        0xFF, 0xFF, 0xFF, 0xFF, 0xFF, 0xFF, 0xFF, 0xFF, 0xFF, 0xFF, 0xFF, 0xFF, 0xFF, 0xFF, 0xFF, 0xFF,
        0xFF, 0xFF, 0x7F, 0x7F, 0x7F, 0x7F, 0x7F, 0x7F, 0x7F, 0x7F, 0x7F, 0x7F, 0x7F, 0x7F, 0x7F, 0x7F,
        0x7F, 0x7F, 0x7F, 0x7F, 0x7F, 0x7F, 0x7F, 0x7F, 0x7F, 0x7F, 0x7F, 0x7F, 0x7F, 0x7F, 0x7F, 0x7F,
        0xDF, 0xDF, 0xDF, 0xFF, 0xFF, 0xFF, 0xFF, 0xFF, 0xFF, 0xFF, 0xFF, 0xFF, 0xFF, 0xFF, 0xFF, 0xFF,
        0xFF, 0xFF, 0xFF, 0xFF, 0xFF, 0xFF, 0xFF, 0xFF, 0xFF, 0xFF, 0xFF, 0xFF, 0xFF, 0xFF, 0xFF, 0xFF,
        0xFF, 0xFF, 0xFF, 0xFF, 0xFF, 0xFF, 0xFF, 0xFF, 0xFF, 0xFF, 0xDF, 0xDF, 0xDF, 0x7F, 0x7F, 0x7F,
        0x7F, 0x7F, 0x7F, 0x7F, 0x7F, 0x7F, 0x7F, 0x7F, 0x7F, 0x7F, 0x7F, 0x7F, 0x79, 0x70, 0x7F, 0x7F,
        0x7F, 0x7F, 0x7F, 0x7F, 0x7F, 0x7F, 0x7F, 0x7F, 0x7F, 0x7F, 0x7F, 0x7F, 0x7F, 0xBF, 0xBF, 0xBF,
        0xFF, 0xFF, 0xFF, 0xFF, 0xFF, 0xFF, 0xFF, 0xFF, 0xFF, 0xFF, 0xFF, 0xFF, 0xFF, 0xFF, 0xFF, 0xFF,
        0xFF, 0xFF, 0xFF, 0xFF, 0xFF, 0xFF, 0xFF, 0xFF, 0xFF, 0xFF, 0xFF, 0xFF, 0xFF, 0xFF, 0xFF, 0xFF,
        0xFF, 0xFF, 0xFF, 0xFF, 0xFF, 0xFF, 0xFF, 0xFF, 0xFF, 0xFF, 0x7F, 0x7F, 0x7F, 0x7F, 0x7F, 0x7F,
        0x7F, 0x7F, 0x7F, 0x7F, 0x7F, 0x7F, 0x7F, 0x7F, 0x7F, 0x7F, 0x7F, 0x7F, 0x7F, 0x7F, 0x7F, 0x7F,
        0x7F, 0x7F, 0x7F, 0x7F, 0x7F, 0x7F, 0x7F, 0x7F, 0xDF, 0xDF, 0xDF, 0xFF, 0xFF, 0xFF, 0xFF, 0xFF,
        0xFF, 0xFF, 0xFF, 0xFF, 0xFF, 0xFF, 0xFF, 0xFF, 0xFF, 0xFF, 0xFF, 0xFF, 0xFF, 0xFF, 0xFF, 0xFF,
        0xFF, 0xFF, 0xFF, 0xFF, 0xFF, 0xFF, 0xFF, 0xFF, 0xFF, 0xFF, 0xFF, 0xFF, 0xFF, 0xFF, 0xFF, 0xFF,
        0xFF, 0xFF, 0xBF, 0xBF, 0xBF, 0x7F, 0x7F, 0x7F, 0x7F, 0x7F, 0x7F, 0x7F, 0x7F, 0x7F, 0x7F, 0x7F,
        0x7F, 0x7F, 0x7F, 0x7F, 0x74, 0x69, 0x7F, 0x7F, 0x7F, 0x7F, 0x7F, 0x7F, 0x7F, 0x7F, 0x7F, 0x7F,
        0x7F, 0x7F, 0x7F, 0x7F, 0x7F, 0x9F, 0x9F, 0x9F, 0xFF, 0xFF, 0xFF, 0xFF, 0xFF, 0xFF, 0xFF, 0xFF,
        0xFF, 0xFF, 0xFF, 0xFF, 0xFF, 0xFF, 0xFF, 0xFF, 0xFF, 0xFF, 0xFF, 0xFF, 0xFF, 0xFF, 0xFF, 0xFF,
        0xFF, 0xFF, 0xFF, 0xFF, 0xFF, 0xFF, 0xFF, 0xFF, 0xFF, 0xFF, 0xFF, 0xFF, 0xFF, 0xFF, 0xFF, 0xFF,
        0xFF, 0xFF, 0x7F, 0x7F, 0x7F, 0x7F, 0x7F, 0x7F, 0x7F, 0x7F, 0x7F, 0x7F, 0x7F, 0x7F, 0x7F, 0x7F,
        0x7F, 0x7F, 0x7F, 0x7F, 0x7F, 0x7F, 0x7F, 0x7F, 0x7F, 0x7F, 0x7F, 0x7F, 0x7F, 0x7F, 0x7F, 0x7F,
        0xDF, 0xDF, 0xDF, 0xFF, 0xFF, 0xFF, 0xFF, 0xFF, 0xFF, 0xFF, 0xFF, 0xFF, 0xFF, 0xFF, 0xFF, 0xFF,
        0xFF, 0xFF, 0xFF, 0xFF, 0xFF, 0xFF, 0xFF, 0xFF, 0xFF, 0xFF, 0xFF, 0xFF, 0xFF, 0xFF, 0xFF, 0xFF,
        0xFF, 0xFF, 0xFF, 0xFF, 0xFF, 0xFF, 0xFF, 0xFF, 0xFF, 0xFF, 0x9F, 0x9F, 0x9F, 0x7F, 0x7F, 0x7F,
        0x7F, 0x7F, 0x7F, 0x7F, 0x7F, 0x7F, 0x7F, 0x7F, 0x7F, 0x7F, 0x7F, 0x7F, 0x74, 0x54, 0x7F, 0x7F,
        0x7F, 0x7F, 0x7F, 0x7F, 0x7F, 0x7F, 0x7F, 0x7F, 0x7F, 0x7F, 0x7F, 0x7F, 0x7F, 0x7F, 0x7F, 0x7F,
        0xF7, 0xF7, 0xF7, 0xFF, 0xFF, 0xFF, 0xFF, 0xFF, 0xFF, 0xFF, 0xFF, 0xFF, 0xFF, 0xFF, 0xFF, 0xFF,
        0xFF, 0xFF, 0xFF, 0xFF, 0xFF, 0xFF, 0xFF, 0xFF, 0xFF, 0xFF, 0xFF, 0xFF, 0xFF, 0xFF, 0xFF, 0xFF,
        0xFF, 0xFF, 0xFF, 0xFF, 0xFF, 0xFF, 0xFF, 0xFF, 0xFF, 0xFF, 0x7F, 0x7F, 0x7F, 0x7F, 0x7F, 0x7F,
        0x7F, 0x7F, 0x7F, 0x7F, 0x7F, 0x7F, 0x7F, 0x7F, 0x7F, 0x7F, 0x7F, 0x7F, 0x7F, 0x7F, 0x7F, 0x7F,
        0x7F, 0x7F, 0x7F, 0x7F, 0x7F, 0x7F, 0x7F, 0x7F, 0xDF, 0xDF, 0xDF, 0xFF, 0xFF, 0xFF, 0xFF, 0xFF,
        0xFF, 0xFF, 0xFF, 0xFF, 0xFF, 0xFF, 0xFF, 0xFF, 0xFF, 0xFF, 0xFF, 0xFF, 0xFF, 0xFF, 0xFF, 0xFF,
        0xFF, 0xFF, 0xFF, 0xFF, 0xFF, 0xFF, 0xFF, 0xFF, 0xFF, 0xFF, 0xFF, 0xFF, 0xFF, 0xFF, 0xFF, 0xF7,
        0xF7, 0xF7, 0x7F, 0x7F, 0x7F, 0x7F, 0x7F, 0x7F, 0x7F, 0x7F, 0x7F, 0x7F, 0x7F, 0x7F, 0x7F, 0x7F,
        0x7F, 0x7F, 0x7F, 0x7F, 0x22, 0x61, 0x7F, 0x7F, 0x7F, 0x7F, 0x7F, 0x7F, 0x7F, 0x7F, 0x7F, 0x7F,
        0x7F, 0x7F, 0x7F, 0x7F, 0x7F, 0x7F, 0x7F, 0x7F, 0xCF, 0xCF, 0xCF, 0xFF, 0xFF, 0xFF, 0xFF, 0xFF,
        0xFF, 0xFF, 0xFF, 0xFF, 0xFF, 0xFF, 0xFF, 0xFF, 0xFF, 0xFF, 0xFF, 0xFF, 0xFF, 0xFF, 0xFF, 0xFF,
        0xFF, 0xFF, 0xFF, 0xFF, 0xFF, 0xFF, 0xFF, 0xFF, 0xFF, 0xFF, 0xFF, 0xFF, 0xFF, 0xFF, 0xFF, 0xFF,
        0xFF, 0xFF, 0x7F, 0x7F, 0x7F, 0x7F, 0x7F, 0x7F, 0x7F, 0x7F, 0x7F, 0x7F, 0x7F, 0x7F, 0x7F, 0x7F,
        0x7F, 0x7F, 0x7F, 0x7F, 0x7F, 0x7F, 0x7F, 0x7F, 0x7F, 0x7F, 0x7F, 0x7F, 0x7F, 0x7F, 0x7F, 0x7F,
        0xDF, 0xDF, 0xDF, 0xFF, 0xFF, 0xFF, 0xFF, 0xFF, 0xFF, 0xFF, 0xFF, 0xFF, 0xFF, 0xFF, 0xFF, 0xFF,
        0xFF, 0xFF, 0xFF, 0xFF, 0xFF, 0xFF, 0xFF, 0xFF, 0xFF, 0xFF, 0xFF, 0xFF, 0xFF, 0xFF, 0xFF, 0xFF,
        0xFF, 0xFF, 0xFF, 0xFF, 0xFF, 0xFF, 0xFF, 0xCF, 0xCF, 0xCF, 0x7F, 0x7F, 0x7F, 0x7F, 0x7F, 0x7F,
        0x7F, 0x7F, 0x7F, 0x7F, 0x7F, 0x7F, 0x7F, 0x7F, 0x7F, 0x7F, 0x7F, 0x7F, 0x22, 0x7D, 0x7F, 0x7F,
        0x7F, 0x7F, 0x7F, 0x7F, 0x7F, 0x7F, 0x7F, 0x7F, 0x7F, 0x7F, 0x7F, 0x7F, 0x7F, 0x7F, 0x7F, 0x7F,
        0x8F, 0x8F, 0x8F, 0xFF, 0xFF, 0xFF, 0xFF, 0xFF, 0xFF, 0xFF, 0xFF, 0xFF, 0xFF, 0xFF, 0xFF, 0xFF,
        0xFF, 0xFF, 0xFF, 0xFF, 0xFF, 0xFF, 0xFF, 0xFF, 0xFF, 0xFF, 0xFF, 0xFF, 0xFF, 0xFF, 0xFF, 0xFF,
        0xFF, 0xFF, 0xFF, 0xFF, 0xFF, 0xFF, 0xFF, 0xFF, 0xFF, 0xFF, 0x7F, 0x7F, 0x7F, 0x7F, 0x7F, 0x7F,
        0x7F, 0x7F, 0x7F, 0x7F, 0x7F, 0x7F, 0x7F, 0x7F, 0x7F, 0x7F, 0x7F, 0x7F, 0x7F, 0x7F, 0x7F, 0x7F,
        0x7F, 0x7F, 0x7F, 0x7F, 0x7F, 0x7F, 0x7F, 0x7F, 0xDF, 0xDF, 0xDF, 0xFF, 0xFF, 0xFF, 0xFF, 0xFF,
        0xFF, 0xFF, 0xFF, 0xFF, 0xFF, 0xFF, 0xFF, 0xFF, 0xFF, 0xFF, 0xFF, 0xFF, 0xFF, 0xFF, 0xFF, 0xFF,
        0xFF, 0xFF, 0xFF, 0xFF, 0xFF, 0xFF, 0xFF, 0xFF, 0xFF, 0xFF, 0xFF, 0xFF, 0xFF, 0xFF, 0xFF, 0x8F,
        0x8F, 0x8F, 0x7F, 0x7F, 0x7F, 0x7F, 0x7F, 0x7F, 0x7F, 0x7F, 0x7F, 0x7F, 0x7F, 0x7F, 0x7F, 0x7F,
        0x7F, 0x7F, 0x7F, 0x7F, 0x74, 0x72, 0x7F, 0x7F, 0x7F, 0x7F, 0x7F, 0x7F, 0x7F, 0x7F, 0x7F, 0x7F,
        0x7F, 0x7F, 0x7F, 0x7F, 0x7F, 0x7F, 0x7F, 0x7F, 0x7F, 0x7F, 0x7F, 0xCF, 0xCF, 0xCF, 0xFF, 0xFF,
        0xFF, 0xFF, 0xFF, 0xFF, 0xFF, 0xFF, 0xFF, 0xFF, 0xFF, 0xFF, 0xFF, 0xFF, 0xFF, 0xFF, 0xFF, 0xFF,
        0xFF, 0xFF, 0xFF, 0xFF, 0xFF, 0xFF, 0xFF, 0xFF, 0xFF, 0xFF, 0xFF, 0xFF, 0xFF, 0xFF, 0xFF, 0xFF,
        0xFF, 0xFF, 0xFF, 0xFF, 0xFF, 0xFF, 0xFF, 0xFF, 0xFF, 0xFF, 0xFF, 0xFF, 0xFF, 0xFF, 0xFF, 0xFF,
        0xFF, 0xFF, 0xFF, 0xFF, 0xFF, 0xFF, 0xFF, 0xFF, 0xFF, 0xFF, 0xFF, 0xFF, 0xFF, 0xFF, 0xFF, 0xFF,
        0xFF, 0xFF, 0xFF, 0xFF, 0xFF, 0xFF, 0xFF, 0xFF, 0xFF, 0xFF, 0xFF, 0xFF, 0xFF, 0xFF, 0xFF, 0xFF,
        0xFF, 0xFF, 0xFF, 0xFF, 0xFF, 0xFF, 0xFF, 0xFF, 0xFF, 0xFF, 0xFF, 0xFF, 0xFF, 0xFF, 0xFF, 0xFF,
        0xFF, 0xFF, 0xFF, 0xFF, 0xCF, 0xCF, 0xCF, 0x7F, 0x7F, 0x7F, 0x7F, 0x7F, 0x7F, 0x7F, 0x7F, 0x7F,
        0x7F, 0x7F, 0x7F, 0x7F, 0x7F, 0x7F, 0x7F, 0x7F, 0x7F, 0x7F, 0x7F, 0x7F, 0x75, 0x6C, 0x7F, 0x7F,
        0x7F, 0x7F, 0x7F, 0x7F, 0x7F, 0x7F, 0x7F, 0x7F, 0x7F, 0x7F, 0x7F, 0x7F, 0x7F, 0x7F, 0x7F, 0x7F,
        0x7F, 0x7F, 0x7F, 0x8F, 0x8F, 0x8F, 0xF7, 0xF7, 0xF7, 0xFF, 0xFF, 0xFF, 0xFF, 0xFF, 0xFF, 0xFF,
        0xFF, 0xFF, 0xFF, 0xFF, 0xFF, 0xFF, 0xFF, 0xFF, 0xFF, 0xFF, 0xFF, 0xFF, 0xFF, 0xFF, 0xFF, 0xFF,
        0xFF, 0xFF, 0xFF, 0xFF, 0xFF, 0xFF, 0xFF, 0xFF, 0xFF, 0xFF, 0xDF, 0xDF, 0xDF, 0xDF, 0xDF, 0xDF,
        0xDF, 0xDF, 0xDF, 0xDF, 0xDF, 0xDF, 0xDF, 0xDF, 0xDF, 0xDF, 0xDF, 0xDF, 0xDF, 0xDF, 0xDF, 0xDF,
        0xDF, 0xDF, 0xDF, 0xDF, 0xDF, 0xDF, 0xDF, 0xDF, 0xF7, 0xF7, 0xF7, 0xFF, 0xFF, 0xFF, 0xFF, 0xFF,
        0xFF, 0xFF, 0xFF, 0xFF, 0xFF, 0xFF, 0xFF, 0xFF, 0xFF, 0xFF, 0xFF, 0xFF, 0xFF, 0xFF, 0xFF, 0xFF,
        0xFF, 0xFF, 0xFF, 0xFF, 0xFF, 0xFF, 0xFF, 0xFF, 0xFF, 0xF7, 0xF7, 0xF7, 0x8F, 0x8F, 0x8F, 0x7F,
        0x7F, 0x7F, 0x7F, 0x7F, 0x7F, 0x7F, 0x7F, 0x7F, 0x7F, 0x7F, 0x7F, 0x7F, 0x7F, 0x7F, 0x7F, 0x7F,
        0x7F, 0x7F, 0x7F, 0x7F, 0x70, 0x65, 0x7F, 0x7F, 0x7F, 0x7F, 0x7F, 0x7F, 0x7F, 0x7F, 0x7F, 0x7F,
        0x7F, 0x7F, 0x7F, 0x7F, 0x7F, 0x7F, 0x7F, 0x7F, 0x7F, 0x7F, 0x7F, 0x7F, 0x7F, 0x7F, 0xB7, 0xB7,
        0xB7, 0xFF, 0xFF, 0xFF, 0xFF, 0xFF, 0xFF, 0xFF, 0xFF, 0xFF, 0xFF, 0xFF, 0xFF, 0xFF, 0xFF, 0xFF,
        0xFF, 0xFF, 0xFF, 0xFF, 0xFF, 0xFF, 0xFF, 0xFF, 0xFF, 0xFF, 0xFF, 0xFF, 0xFF, 0xFF, 0xFF, 0xFF,
        0xFF, 0xFF, 0x7F, 0x7F, 0x7F, 0x7F, 0x7F, 0x7F, 0x7F, 0x7F, 0x7F, 0x7F, 0x7F, 0x7F, 0x7F, 0x7F,
        0x7F, 0x7F, 0x7F, 0x7F, 0x7F, 0x7F, 0x7F, 0x7F, 0x7F, 0x7F, 0x7F, 0x7F, 0x7F, 0x7F, 0x7F, 0x7F,
        0xDF, 0xDF, 0xDF, 0xFF, 0xFF, 0xFF, 0xFF, 0xFF, 0xFF, 0xFF, 0xFF, 0xFF, 0xFF, 0xFF, 0xFF, 0xFF,
        0xFF, 0xFF, 0xFF, 0xFF, 0xFF, 0xFF, 0xFF, 0xFF, 0xFF, 0xFF, 0xFF, 0xFF, 0xFF, 0xFF, 0xFF, 0xFF,
        0xFF, 0xB7, 0xB7, 0xB7, 0x7F, 0x7F, 0x7F, 0x7F, 0x7F, 0x7F, 0x7F, 0x7F, 0x7F, 0x7F, 0x7F, 0x7F,
        0x7F, 0x7F, 0x7F, 0x7F, 0x7F, 0x7F, 0x7F, 0x7F, 0x7F, 0x7F, 0x7F, 0x7F, 0x72, 0x43, 0x7F, 0x7F,
        0x7F, 0x7F, 0x7F, 0x7F, 0x7F, 0x7F, 0x7F, 0x7F, 0x7F, 0x7F, 0x7F, 0x7F, 0x7F, 0x7F, 0x7F, 0x7F,
        0x7F, 0x7F, 0x7F, 0x7F, 0x7F, 0x7F, 0x7F, 0x7F, 0x7F, 0xCF, 0xCF, 0xCF, 0xFF, 0xFF, 0xFF, 0xFF,
        0xFF, 0xFF, 0xFF, 0xFF, 0xFF, 0xFF, 0xFF, 0xFF, 0xFF, 0xFF, 0xFF, 0xFF, 0xFF, 0xFF, 0xFF, 0xFF,
        0xFF, 0xFF, 0xFF, 0xFF, 0xFF, 0xFF, 0xFF, 0xFF, 0xFF, 0xFF, 0x7F, 0x7F, 0x7F, 0x7F, 0x7F, 0x7F,
        0x7F, 0x7F, 0x7F, 0x7F, 0x7F, 0x7F, 0x7F, 0x7F, 0x7F, 0x7F, 0x7F, 0x7F, 0x7F, 0x7F, 0x7F, 0x7F,
        0x7F, 0x7F, 0x7F, 0x7F, 0x7F, 0x7F, 0x7F, 0x7F, 0xDF, 0xDF, 0xDF, 0xFF, 0xFF, 0xFF, 0xFF, 0xFF,
        0xFF, 0xFF, 0xFF, 0xFF, 0xFF, 0xFF, 0xFF, 0xFF, 0xFF, 0xFF, 0xFF, 0xFF, 0xFF, 0xFF, 0xFF, 0xFF,
        0xFF, 0xFF, 0xFF, 0xFF, 0xFF, 0xFF, 0xCF, 0xCF, 0xCF, 0x7F, 0x7F, 0x7F, 0x7F, 0x7F, 0x7F, 0x7F,
        0x7F, 0x7F, 0x7F, 0x7F, 0x7F, 0x7F, 0x7F, 0x7F, 0x7F, 0x7F, 0x7F, 0x7F, 0x7F, 0x7F, 0x7F, 0x7F,
        0x7F, 0x7F, 0x7F, 0x7F, 0x35, 0x32, 0x7F, 0x7F, 0x7F, 0x7F, 0x7F, 0x7F, 0x7F, 0x7F, 0x7F, 0x7F,
        0x7F, 0x7F, 0x7F, 0x7F, 0x7F, 0x7F, 0x7F, 0x7F, 0x7F, 0x7F, 0x7F, 0x7F, 0x7F, 0x7F, 0x7F, 0x7F,
        0x7F, 0x87, 0x87, 0x87, 0xE7, 0xE7, 0xE7, 0xFF, 0xFF, 0xFF, 0xFF, 0xFF, 0xFF, 0xFF, 0xFF, 0xFF,
        0xFF, 0xFF, 0xFF, 0xFF, 0xFF, 0xFF, 0xFF, 0xFF, 0xFF, 0xFF, 0xFF, 0xFF, 0xFF, 0xFF, 0xFF, 0xFF,
        0xFF, 0xFF, 0xFF, 0xFF, 0xFF, 0xFF, 0xFF, 0xFF, 0xFF, 0xFF, 0xFF, 0xFF, 0xFF, 0xFF, 0xFF, 0xFF,
        0xFF, 0xFF, 0xFF, 0xFF, 0xFF, 0xFF, 0xFF, 0xFF, 0xFF, 0xFF, 0xFF, 0xFF, 0xFF, 0xFF, 0xFF, 0xFF,
        0xFF, 0xFF, 0xFF, 0xFF, 0xFF, 0xFF, 0xFF, 0xFF, 0xFF, 0xFF, 0xFF, 0xFF, 0xFF, 0xFF, 0xFF, 0xFF,
        0xFF, 0xFF, 0xFF, 0xFF, 0xFF, 0xFF, 0xFF, 0xFF, 0xFF, 0xFF, 0xFF, 0xE7, 0xE7, 0xE7, 0x87, 0x87,
        0x87, 0x7F, 0x7F, 0x7F, 0x7F, 0x7F, 0x7F, 0x7F, 0x7F, 0x7F, 0x7F, 0x7F, 0x7F, 0x7F, 0x7F, 0x7F,
        0x7F, 0x7F, 0x7F, 0x7F, 0x7F, 0x7F, 0x7F, 0x7F, 0x7F, 0x7F, 0x7F, 0x7F, 0x3A, 0x22, 0x7F, 0x7F,
        0x7F, 0x7F, 0x7F, 0x7F, 0x7F, 0x7F, 0x7F, 0x7F, 0x7F, 0x7F, 0x7F, 0x7F, 0x7F, 0x7F, 0x7F, 0x7F,
        0x7F, 0x7F, 0x7F, 0x7F, 0x7F, 0x7F, 0x7F, 0x7F, 0x7F, 0x7F, 0x7F, 0x7F, 0x87, 0x87, 0x87, 0xE7,
        0xE7, 0xE7, 0xFF, 0xFF, 0xFF, 0xFF, 0xFF, 0xFF, 0xFF, 0xFF, 0xFF, 0xFF, 0xFF, 0xFF, 0xFF, 0xFF,
        0xFF, 0xFF, 0xFF, 0xFF, 0xFF, 0xFF, 0xFF, 0xFF, 0xFF, 0xFF, 0xFF, 0xFF, 0xFF, 0xFF, 0xFF, 0xFF,
        0xFF, 0xFF, 0xFF, 0xFF, 0xFF, 0xFF, 0xFF, 0xFF, 0xFF, 0xFF, 0xFF, 0xFF, 0xFF, 0xFF, 0xFF, 0xFF,
        0xFF, 0xFF, 0xFF, 0xFF, 0xFF, 0xFF, 0xFF, 0xFF, 0xFF, 0xFF, 0xFF, 0xFF, 0xFF, 0xFF, 0xFF, 0xFF,
        0xFF, 0xFF, 0xFF, 0xFF, 0xFF, 0xFF, 0xFF, 0xFF, 0xFF, 0xFF, 0xFF, 0xFF, 0xFF, 0xFF, 0xFF, 0xFF,
        0xE7, 0xE7, 0xE7, 0x87, 0x87, 0x87, 0x7F, 0x7F, 0x7F, 0x7F, 0x7F, 0x7F, 0x7F, 0x7F, 0x7F, 0x7F,
        0x7F, 0x7F, 0x7F, 0x7F, 0x7F, 0x7F, 0x7F, 0x7F, 0x7F, 0x7F, 0x7F, 0x7F, 0x7F, 0x7F, 0x7F, 0x7F,
        0x7F, 0x7F, 0x7F, 0x7F, 0x2C, 0x22, 0x7F, 0x7F, 0x7F, 0x7F, 0x7F, 0x7F, 0x7F, 0x7F, 0x7F, 0x7F,
        0x7F, 0x7F, 0x7F, 0x7F, 0x7F, 0x7F, 0x7F, 0x7F, 0x7F, 0x7F, 0x7F, 0x7F, 0x7F, 0x7F, 0x7F, 0x7F,
        0x7F, 0x7F, 0x7F, 0x7F, 0x7F, 0x7F, 0x7F, 0x87, 0x87, 0x87, 0xCF, 0xCF, 0xCF, 0xFF, 0xFF, 0xFF,
        0xFF, 0xFF, 0xFF, 0xFF, 0xFF, 0xFF, 0xFF, 0xFF, 0xFF, 0xFF, 0xFF, 0xFF, 0xFF, 0xFF, 0xFF, 0xFF,
        0xFF, 0xFF, 0xFF, 0xFF, 0xFF, 0xFF, 0xFF, 0xFF, 0xFF, 0xFF, 0xFF, 0xFF, 0xFF, 0xFF, 0xFF, 0xFF,
        0xFF, 0xFF, 0xFF, 0xFF, 0xFF, 0xFF, 0xFF, 0xFF, 0xFF, 0xFF, 0xFF, 0xFF, 0xFF, 0xFF, 0xFF, 0xFF,
        0xFF, 0xFF, 0xFF, 0xFF, 0xFF, 0xFF, 0xFF, 0xFF, 0xFF, 0xFF, 0xFF, 0xFF, 0xFF, 0xFF, 0xFF, 0xFF,
        0xFF, 0xFF, 0xFF, 0xFF, 0xFF, 0xCF, 0xCF, 0xCF, 0x87, 0x87, 0x87, 0x7F, 0x7F, 0x7F, 0x7F, 0x7F,
        0x7F, 0x7F, 0x7F, 0x7F, 0x7F, 0x7F, 0x7F, 0x7F, 0x7F, 0x7F, 0x7F, 0x7F, 0x7F, 0x7F, 0x7F, 0x7F,
        0x7F, 0x7F, 0x7F, 0x7F, 0x7F, 0x7F, 0x7F, 0x7F, 0x7F, 0x7F, 0x7F, 0x7F, 0x2C, 0x22, 0x7F, 0x7F,
        0x7F, 0x7F, 0x7F, 0x7F, 0x7F, 0x7F, 0x7F, 0x7F, 0x7F, 0x7F, 0x7F, 0x7F, 0x7F, 0x7F, 0x7F, 0x7F,
        0x7F, 0x7F, 0x7F, 0x7F, 0x7F, 0x7F, 0x7F, 0x7F, 0x7F, 0x7F, 0x7F, 0x7F, 0x7F, 0x7F, 0x7F, 0x7F,
        0x7F, 0x7F, 0x7F, 0x7F, 0x7F, 0xB7, 0xB7, 0xB7, 0xF7, 0xF7, 0xF7, 0xFF, 0xFF, 0xFF, 0xFF, 0xFF,
        0xFF, 0xFF, 0xFF, 0xFF, 0xFF, 0xFF, 0xFF, 0xFF, 0xFF, 0xFF, 0xFF, 0xFF, 0xFF, 0xFF, 0xFF, 0xFF,
        0xFF, 0xFF, 0xFF, 0xFF, 0xFF, 0xFF, 0xFF, 0xFF, 0xFF, 0xFF, 0xFF, 0xFF, 0xFF, 0xFF, 0xFF, 0xFF,
        0xFF, 0xFF, 0xFF, 0xFF, 0xFF, 0xFF, 0xFF, 0xFF, 0xFF, 0xFF, 0xFF, 0xFF, 0xFF, 0xFF, 0xFF, 0xFF,
        0xFF, 0xFF, 0xFF, 0xFF, 0xFF, 0xFF, 0xFF, 0xF7, 0xF7, 0xF7, 0xB7, 0xB7, 0xB7, 0x7F, 0x7F, 0x7F,
        0x7F, 0x7F, 0x7F, 0x7F, 0x7F, 0x7F, 0x7F, 0x7F, 0x7F, 0x7F, 0x7F, 0x7F, 0x7F, 0x7F, 0x7F, 0x7F,
        0x7F, 0x7F, 0x7F, 0x7F, 0x7F, 0x7F, 0x7F, 0x7F, 0x7F, 0x7F, 0x7F, 0x7F, 0x7F, 0x7F, 0x7F, 0x7F,
        0x7F, 0x7F, 0x7F, 0x7F, 0x33, 0x30, 0x7F, 0x7F, 0x7F, 0x7F, 0x7F, 0x7F, 0x7F, 0x7F, 0x7F, 0x7F,
        0x7F, 0x7F, 0x7F, 0x7F, 0x7F, 0x7F, 0x7F, 0x7F, 0x7F, 0x7F, 0x7F, 0x7F, 0x7F, 0x7F, 0x7F, 0x7F,
        0x7F, 0x7F, 0x7F, 0x7F, 0x7F, 0x7F, 0x7F, 0x7F, 0x7F, 0x7F, 0x7F, 0x7F, 0x7F, 0x7F, 0x7F, 0x7F,
        0x8F, 0x8F, 0x8F, 0xCF, 0xCF, 0xCF, 0xFF, 0xFF, 0xFF, 0xFF, 0xFF, 0xFF, 0xFF, 0xFF, 0xFF, 0xFF,
        0xFF, 0xFF, 0xFF, 0xFF, 0xFF, 0xFF, 0xFF, 0xFF, 0xFF, 0xFF, 0xFF, 0xFF, 0xFF, 0xFF, 0xFF, 0xFF,
        0xFF, 0xFF, 0xFF, 0xFF, 0xFF, 0xFF, 0xFF, 0xFF, 0xFF, 0xFF, 0xFF, 0xFF, 0xFF, 0xFF, 0xFF, 0xFF,
        0xFF, 0xFF, 0xFF, 0xFF, 0xFF, 0xFF, 0xFF, 0xFF, 0xFF, 0xFF, 0xFF, 0xFF, 0xCF, 0xCF, 0xCF, 0x8F,
        0x8F, 0x8F, 0x7F, 0x7F, 0x7F, 0x7F, 0x7F, 0x7F, 0x7F, 0x7F, 0x7F, 0x7F, 0x7F, 0x7F, 0x7F, 0x7F,
        0x7F, 0x7F, 0x7F, 0x7F, 0x7F, 0x7F, 0x7F, 0x7F, 0x7F, 0x7F, 0x7F, 0x7F, 0x7F, 0x7F, 0x7F, 0x7F,
        0x7F, 0x7F, 0x7F, 0x7F, 0x7F, 0x7F, 0x7F, 0x7F, 0x7F, 0x7F, 0x7F, 0x7F, 0x72, 0x65, 0x7F, 0x7F,
        0x7F, 0x7F, 0x7F, 0x7F, 0x7F, 0x7F, 0x7F, 0x7F, 0x7F, 0x7F, 0x7F, 0x7F, 0x7F, 0x7F, 0x7F, 0x7F,
        0x7F, 0x7F, 0x7F, 0x7F, 0x7F, 0x7F, 0x7F, 0x7F, 0x7F, 0x7F, 0x7F, 0x7F, 0x7F, 0x7F, 0x7F, 0x7F,
        0x7F, 0x7F, 0x7F, 0x7F, 0x7F, 0x7F, 0x7F, 0x7F, 0x7F, 0x7F, 0x7F, 0x7F, 0x7F, 0x7F, 0x8F, 0x8F,
        0x8F, 0xCF, 0xCF, 0xCF, 0xF7, 0xF7, 0xF7, 0xFF, 0xFF, 0xFF, 0xFF, 0xFF, 0xFF, 0xFF, 0xFF, 0xFF,
        0xFF, 0xFF, 0xFF, 0xFF, 0xFF, 0xFF, 0xFF, 0xFF, 0xFF, 0xFF, 0xFF, 0xFF, 0xFF, 0xFF, 0xFF, 0xFF,
        0xFF, 0xFF, 0xFF, 0xFF, 0xFF, 0xFF, 0xFF, 0xFF, 0xFF, 0xFF, 0xFF, 0xF7, 0xF7, 0xF7, 0xCF, 0xCF,
        0xCF, 0x8F, 0x8F, 0x8F, 0x7F, 0x7F, 0x7F, 0x7F, 0x7F, 0x7F, 0x7F, 0x7F, 0x7F, 0x7F, 0x7F, 0x7F,
        0x7F, 0x7F, 0x7F, 0x7F, 0x7F, 0x7F, 0x7F, 0x7F, 0x7F, 0x7F, 0x7F, 0x7F, 0x7F, 0x7F, 0x7F, 0x7F,
        0x7F, 0x7F, 0x7F, 0x7F, 0x7F, 0x7F, 0x7F, 0x7F, 0x7F, 0x7F, 0x7F, 0x7F, 0x7F, 0x7F, 0x7F, 0x7F,
        0x7F, 0x7F, 0x7F, 0x7F, 0x2C, 0x22, 0x7F, 0x7F, 0x7F, 0x7F, 0x7F, 0x7F, 0x7F, 0x7F, 0x7F, 0x7F,
        0x7F, 0x7F, 0x7F, 0x7F, 0x7F, 0x7F, 0x7F, 0x7F, 0x7F, 0x7F, 0x7F, 0x7F, 0x7F, 0x7F, 0x7F, 0x7F,
        0x7F, 0x7F, 0x7F, 0x7F, 0x7F, 0x7F, 0x7F, 0x7F, 0x7F, 0x7F, 0x7F, 0x7F, 0x7F, 0x7F, 0x7F, 0x7F,
        0x7F, 0x7F, 0x7F, 0x7F, 0x7F, 0x7F, 0x7F, 0x7F, 0x7F, 0x7F, 0x7F, 0x7F, 0x7F, 0x7F, 0x7F, 0x9F,
        0x9F, 0x9F, 0xBF, 0xBF, 0xBF, 0xDF, 0xDF, 0xDF, 0xE7, 0xE7, 0xE7, 0xFF, 0xFF, 0xFF, 0xFF, 0xFF,
        0xFF, 0xFF, 0xFF, 0xFF, 0xFF, 0xFF, 0xFF, 0xE7, 0xE7, 0xE7, 0xDF, 0xDF, 0xDF, 0xBF, 0xBF, 0xBF,
        0x9F, 0x9F, 0x9F, 0x7F, 0x7F, 0x7F, 0x7F, 0x7F, 0x7F, 0x7F, 0x7F, 0x7F, 0x7F, 0x7F, 0x7F, 0x7F,
        0x7F, 0x7F, 0x7F, 0x7F, 0x7F, 0x7F, 0x7F, 0x7F, 0x7F, 0x7F, 0x7F, 0x7F, 0x7F, 0x7F, 0x7F, 0x7F,
        0x7F, 0x7F, 0x7F, 0x7F, 0x7F, 0x7F, 0x7F, 0x7F, 0x7F, 0x7F, 0x7F, 0x7F, 0x7F, 0x7F, 0x7F, 0x7F,
        0x7F, 0x7F, 0x7F, 0x7F, 0x7F, 0x7F, 0x7F, 0x7F, 0x7F, 0x7F, 0x7F, 0x7F, 0x6C, 0x61, 0x7F, 0x7F,
        0x7F, 0x7F, 0x7F, 0x7F, 0x7F, 0x7F, 0x7F, 0x7F, 0x7F, 0x7F, 0x7F, 0x7F, 0x7F, 0x7F, 0x7F, 0x7F,
        0x7F, 0x7F, 0x7F, 0x7F, 0x7F, 0x7F, 0x7F, 0x7F, 0x7F, 0x7F, 0x7F, 0x7F, 0x7F, 0x7F, 0x7F, 0x7F,
        0x7F, 0x7F, 0x7F, 0x7F, 0x7F, 0x7F, 0x7F, 0x7F, 0x7F, 0x7F, 0x7F, 0x7F, 0x7F, 0x7F, 0x7F, 0x7F,
        0x7F, 0x7F, 0x7F, 0x7F, 0x7F, 0x7F, 0x7F, 0x7F, 0x7F, 0x7F, 0x7F, 0x7F, 0x7F, 0x7F, 0x7F, 0x7F,
        0x7F, 0x7F, 0x7F, 0x7F, 0x7F, 0x7F, 0x7F, 0x7F, 0x7F, 0x7F, 0x7F, 0x7F, 0x7F, 0x7F, 0x7F, 0x7F,
        0x7F, 0x7F, 0x7F, 0x7F, 0x7F, 0x7F, 0x7F, 0x7F, 0x7F, 0x7F, 0x7F, 0x7F, 0x7F, 0x7F, 0x7F, 0x7F,
        0x7F, 0x7F, 0x7F, 0x7F, 0x7F, 0x7F, 0x7F, 0x7F, 0x7F, 0x7F, 0x7F, 0x7F, 0x7F, 0x7F, 0x7F, 0x7F,
        0x7F, 0x7F, 0x7F, 0x7F, 0x7F, 0x7F, 0x7F, 0x7F, 0x7F, 0x7F, 0x7F, 0x7F, 0x7F, 0x7F, 0x7F, 0x7F,
        0x7F, 0x7F, 0x7F, 0x7F, 0x7F, 0x7F, 0x7F, 0x7F, 0x7F, 0x7F, 0x7F, 0x7F, 0x7F, 0x7F, 0x7F, 0x7F,
        0x7F, 0x7F, 0x7F, 0x7F, 0x36, 0x39, 0x7F, 0x7F, 0x7F, 0x7F, 0x7F, 0x7F, 0x7F, 0x7F, 0x7F, 0x7F,
        0x7F, 0x7F, 0x7F, 0x7F, 0x7F, 0x7F, 0x7F, 0x7F, 0x7F, 0x7F, 0x7F, 0x7F, 0x7F, 0x7F, 0x7F, 0x7F,
        0x7F, 0x7F, 0x7F, 0x7F, 0x7F, 0x7F, 0x7F, 0x7F, 0x7F, 0x7F, 0x7F, 0x7F, 0x7F, 0x7F, 0x7F, 0x7F,
        0x7F, 0x7F, 0x7F, 0x7F, 0x7F, 0x7F, 0x7F, 0x7F, 0x7F, 0x7F, 0x7F, 0x7F, 0x7F, 0x7F, 0x7F, 0x7F,
        0x7F, 0x7F, 0x7F, 0x7F, 0x7F, 0x7F, 0x7F, 0x7F, 0x7F, 0x7F, 0x7F, 0x7F, 0x7F, 0x7F, 0x7F, 0x7F,
        0x7F, 0x7F, 0x7F, 0x7F, 0x7F, 0x7F, 0x7F, 0x7F, 0x7F, 0x7F, 0x7F, 0x7F, 0x7F, 0x7F, 0x7F, 0x7F,
        0x7F, 0x7F, 0x7F, 0x7F, 0x7F, 0x7F, 0x7F, 0x7F, 0x7F, 0x7F, 0x7F, 0x7F, 0x7F, 0x7F, 0x7F, 0x7F,
        0x7F, 0x7F, 0x7F, 0x7F, 0x7F, 0x7F, 0x7F, 0x7F, 0x7F, 0x7F, 0x7F, 0x7F, 0x7F, 0x7F, 0x7F, 0x7F,
        0x7F, 0x7F, 0x7F, 0x7F, 0x7F, 0x7F, 0x7F, 0x7F, 0x7F, 0x7F, 0x7F, 0x7F, 0x7F, 0x7F, 0x7F, 0x7F,
        0x7F, 0x7F, 0x7F, 0x7F, 0x7F, 0x7F, 0x7F, 0x7F, 0x7F, 0x7F, 0x7F, 0x7F, 0x6E, 0x22, 0x7F, 0x7F,
        0x7F, 0x7F, 0x7F, 0x7F, 0x7F, 0x7F, 0x7F, 0x7F, 0x7F, 0x7F, 0x7F, 0x7F, 0x7F, 0x7F, 0x7F, 0x7F,
        0x7F, 0x7F, 0x7F, 0x7F, 0x7F, 0x7F, 0x7F, 0x7F, 0x7F, 0x7F, 0x7F, 0x7F, 0x7F, 0x7F, 0x7F, 0x7F,
        0x7F, 0x7F, 0x7F, 0x7F, 0x7F, 0x7F, 0x7F, 0x7F, 0x7F, 0x7F, 0x7F, 0x7F, 0x7F, 0x7F, 0x7F, 0x7F,
        0x7F, 0x7F, 0x7F, 0x7F, 0x7F, 0x7F, 0x7F, 0x7F, 0x7F, 0x7F, 0x7F, 0x7F, 0x7F, 0x7F, 0x7F, 0x7F,
        0x7F, 0x7F, 0x7F, 0x7F, 0x7F, 0x7F, 0x7F, 0x7F, 0x7F, 0x7F, 0x7F, 0x7F, 0x7F, 0x7F, 0x7F, 0x7F,
        0x7F, 0x7F, 0x7F, 0x7F, 0x7F, 0x7F, 0x7F, 0x7F, 0x7F, 0x7F, 0x7F, 0x7F, 0x7F, 0x7F, 0x7F, 0x7F,
        0x7F, 0x7F, 0x7F, 0x7F, 0x7F, 0x7F, 0x7F, 0x7F, 0x7F, 0x7F, 0x7F, 0x7F, 0x7F, 0x7F, 0x7F, 0x7F,
        0x7F, 0x7F, 0x7F, 0x7F, 0x7F, 0x7F, 0x7F, 0x7F, 0x7F, 0x7F, 0x7F, 0x7F, 0x7F, 0x7F, 0x7F, 0x7F,
        0x7F, 0x7F, 0x7F, 0x7F, 0x7F, 0x7F, 0x7F, 0x7F, 0x7F, 0x7F, 0x7F, 0x7F, 0x7F, 0x7F, 0x7F, 0x7F,
        0x7F, 0x7F, 0x7F, 0x7F, 0x73, 0x63, 0x7F, 0x7F, 0x7F, 0x7F, 0x7F, 0x7F, 0x7F, 0x7F, 0x7F, 0x7F,
        0x7F, 0x7F, 0x7F, 0x7F, 0x7F, 0x7F, 0x7F, 0x7F, 0x7F, 0x7F, 0x7F, 0x7F, 0x7F, 0x7F, 0x7F, 0x7F,
        0x7F, 0x7F, 0x7F, 0x7F, 0x7F, 0x7F, 0x7F, 0x7F, 0x7F, 0x7F, 0x7F, 0x7F, 0x7F, 0x7F, 0x7F, 0x7F,
        0x7F, 0x7F, 0x7F, 0x7F, 0x7F, 0x7F, 0x7F, 0x7F, 0x7F, 0x7F, 0x7F, 0x7F, 0x7F, 0x7F, 0x7F, 0x7F,
        0x7F, 0x7F, 0x7F, 0x7F, 0x7F, 0x7F, 0x7F, 0x7F, 0x7F, 0x7F, 0x7F, 0x7F, 0x7F, 0x7F, 0x7F, 0x7F,
        0x7F, 0x7F, 0x7F, 0x7F, 0x7F, 0x7F, 0x7F, 0x7F, 0x7F, 0x7F, 0x7F, 0x7F, 0x7F, 0x7F, 0x7F, 0x7F,
        0x7F, 0x7F, 0x7F, 0x7F, 0x7F, 0x7F, 0x7F, 0x7F, 0x7F, 0x7F, 0x7F, 0x7F, 0x7F, 0x7F, 0x7F, 0x7F,
        0x7F, 0x7F, 0x7F, 0x7F, 0x7F, 0x7F, 0x7F, 0x7F, 0x7F, 0x7F, 0x7F, 0x7F, 0x7F, 0x7F, 0x7F, 0x7F,
        0x7F, 0x7F, 0x7F, 0x7F, 0x7F, 0x7F, 0x7F, 0x7F, 0x7F, 0x7F, 0x7F, 0x7F, 0x7F, 0x7F, 0x7F, 0x7F,
        0x7F, 0x7F, 0x7F, 0x7F, 0x7F, 0x7F, 0x7F, 0x7F, 0x7F, 0x7F, 0x7F, 0x7F, 0x2C, 0x22, 0x7F, 0x7F,
        0x7F, 0x7F, 0x7F, 0x7F, 0x7F, 0x7F, 0x7F, 0x7F, 0x7F, 0x7F, 0x7F, 0x7F, 0x7F, 0x7F, 0x7F, 0x7F,
        0x7F, 0x7F, 0x7F, 0x7F, 0x7F, 0x7F, 0x7F, 0x7F, 0x7F, 0x7F, 0x7F, 0x7F, 0x7F, 0x7F, 0x7F, 0x7F,
        0x7F, 0x7F, 0x7F, 0x7F, 0x7F, 0x7F, 0x7F, 0x7F, 0x7F, 0x7F, 0x7F, 0x7F, 0x7F, 0x7F, 0x7F, 0x7F,
        0x7F, 0x7F, 0x7F, 0x7F, 0x7F, 0x7F, 0x7F, 0x7F, 0x7F, 0x7F, 0x7F, 0x7F, 0x7F, 0x7F, 0x7F, 0x7F,
        0x7F, 0x7F, 0x7F, 0x7F, 0x7F, 0x7F, 0x7F, 0x7F, 0x7F, 0x7F, 0x7F, 0x7F, 0x7F, 0x7F, 0x7F, 0x7F,
        0x7F, 0x7F, 0x7F, 0x7F, 0x7F, 0x7F, 0x7F, 0x7F, 0x7F, 0x7F, 0x7F, 0x7F, 0x7F, 0x7F, 0x7F, 0x7F,
        0x7F, 0x7F, 0x7F, 0x7F, 0x7F, 0x7F, 0x7F, 0x7F, 0x7F, 0x7F, 0x7F, 0x7F, 0x7F, 0x7F, 0x7F, 0x7F,
        0x7F, 0x7F, 0x7F, 0x7F, 0x7F, 0x7F, 0x7F, 0x7F, 0x7F, 0x7F, 0x7F, 0x7F, 0x7F, 0x7F, 0x7F, 0x7F,
        0x7F, 0x7F, 0x7F, 0x7F, 0x7F, 0x7F, 0x7F, 0x7F, 0x7F, 0x7F, 0x7F, 0x7F, 0x7F, 0x7F, 0x7F, 0x7F,
        0x7F, 0x7F, 0x7F, 0x7F, 0x30, 0x42, 0x00, 0x00
};

PROGMEM uint8_t DownIcon_50x50[] = {
        0x42, 0x4D, 0xE8, 0x1D, 0x00, 0x00, 0x00, 0x00, 0x00, 0x00, 0x36, 0x00, 0x00, 0x00, 0x28, 0x00,
        0x00, 0x00, 0x32, 0x00, 0x00, 0x00, 0xCE, 0xFF, 0xFF, 0xFF, 0x01, 0x00, 0x18, 0x00, 0x00, 0x00,
        0x00, 0x00, 0xB2, 0x1D, 0x00, 0x00, 0x23, 0x2E, 0x00, 0x00, 0x23, 0x2E, 0x00, 0x00, 0x00, 0x00,
        0x00, 0x00, 0x00, 0x00, 0x00, 0x00, 0x7F, 0x7F, 0x7F, 0x7F, 0x7F, 0x7F, 0x7F, 0x7F, 0x7F, 0x7F,
        0x7F, 0x7F, 0x7F, 0x7F, 0x7F, 0x7F, 0x7F, 0x7F, 0x7F, 0x7F, 0x7F, 0x7F, 0x7F, 0x7F, 0x7F, 0x7F,
        0x7F, 0x7F, 0x7F, 0x7F, 0x7F, 0x7F, 0x7F, 0x7F, 0x7F, 0x7F, 0x7F, 0x7F, 0x7F, 0x7F, 0x7F, 0x7F,
        0x7F, 0x7F, 0x7F, 0x7F, 0x7F, 0x7F, 0x7F, 0x7F, 0x7F, 0x7F, 0x7F, 0x7F, 0x7F, 0x7F, 0x7F, 0x7F,
        0x7F, 0x7F, 0x7F, 0x7F, 0x7F, 0x7F, 0x7F, 0x7F, 0x7F, 0x7F, 0x7F, 0x7F, 0x7F, 0x7F, 0x7F, 0x7F,
        0x7F, 0x7F, 0x7F, 0x7F, 0x7F, 0x7F, 0x7F, 0x7F, 0x7F, 0x7F, 0x7F, 0x7F, 0x7F, 0x7F, 0x7F, 0x7F,
        0x7F, 0x7F, 0x7F, 0x7F, 0x7F, 0x7F, 0x7F, 0x7F, 0x7F, 0x7F, 0x7F, 0x7F, 0x7F, 0x7F, 0x7F, 0x7F,
        0x7F, 0x7F, 0x7F, 0x7F, 0x7F, 0x7F, 0x7F, 0x7F, 0x7F, 0x7F, 0x7F, 0x7F, 0x7F, 0x7F, 0x7F, 0x7F,
        0x7F, 0x7F, 0x7F, 0x7F, 0x7F, 0x7F, 0x7F, 0x7F, 0x7F, 0x7F, 0x7F, 0x7F, 0x7F, 0x7F, 0x7F, 0x7F,
        0x7F, 0x7F, 0x7F, 0x7F, 0x7F, 0x7F, 0x7F, 0x7F, 0x7F, 0x7F, 0x7F, 0x7F, 0x00, 0x00, 0x7F, 0x7F,
        0x7F, 0x7F, 0x7F, 0x7F, 0x7F, 0x7F, 0x7F, 0x7F, 0x7F, 0x7F, 0x7F, 0x7F, 0x7F, 0x7F, 0x7F, 0x7F,
        0x7F, 0x7F, 0x7F, 0x7F, 0x7F, 0x7F, 0x7F, 0x7F, 0x7F, 0x7F, 0x7F, 0x7F, 0x7F, 0x7F, 0x7F, 0x7F,
        0x7F, 0x7F, 0x7F, 0x7F, 0x7F, 0x7F, 0x7F, 0x7F, 0x7F, 0x7F, 0x7F, 0x7F, 0x7F, 0x7F, 0x7F, 0x7F,
        0x7F, 0x7F, 0x7F, 0x7F, 0x7F, 0x7F, 0x7F, 0x7F, 0x7F, 0x7F, 0x7F, 0x7F, 0x7F, 0x7F, 0x7F, 0x7F,
        0x7F, 0x7F, 0x7F, 0x7F, 0x7F, 0x7F, 0x7F, 0x7F, 0x7F, 0x7F, 0x7F, 0x7F, 0x7F, 0x7F, 0x7F, 0x7F,
        0x7F, 0x7F, 0x7F, 0x7F, 0x7F, 0x7F, 0x7F, 0x7F, 0x7F, 0x7F, 0x7F, 0x7F, 0x7F, 0x7F, 0x7F, 0x7F,
        0x7F, 0x7F, 0x7F, 0x7F, 0x7F, 0x7F, 0x7F, 0x7F, 0x7F, 0x7F, 0x7F, 0x7F, 0x7F, 0x7F, 0x7F, 0x7F,
        0x7F, 0x7F, 0x7F, 0x7F, 0x7F, 0x7F, 0x7F, 0x7F, 0x7F, 0x7F, 0x7F, 0x7F, 0x7F, 0x7F, 0x7F, 0x7F,
        0x7F, 0x7F, 0x7F, 0x7F, 0x7F, 0x7F, 0x7F, 0x7F, 0x7F, 0x7F, 0x7F, 0x7F, 0x7F, 0x7F, 0x7F, 0x7F,
        0x7F, 0x7F, 0x7F, 0x7F, 0x00, 0x00, 0x7F, 0x7F, 0x7F, 0x7F, 0x7F, 0x7F, 0x7F, 0x7F, 0x7F, 0x7F,
        0x7F, 0x7F, 0x7F, 0x7F, 0x7F, 0x7F, 0x7F, 0x7F, 0x7F, 0x7F, 0x7F, 0x7F, 0x7F, 0x7F, 0x7F, 0x7F,
        0x7F, 0x7F, 0x7F, 0x7F, 0x7F, 0x7F, 0x7F, 0x7F, 0x7F, 0x7F, 0x7F, 0x7F, 0x7F, 0x7F, 0x7F, 0x7F,
        0x7F, 0x7F, 0x7F, 0x7F, 0x7F, 0x7F, 0x7F, 0x7F, 0x7F, 0x7F, 0x7F, 0x7F, 0x7F, 0x7F, 0x7F, 0x7F,
        0x7F, 0x7F, 0x7F, 0x7F, 0x7F, 0x7F, 0x7F, 0x7F, 0x7F, 0x7F, 0x7F, 0x7F, 0x7F, 0x7F, 0x7F, 0x7F,
        0x7F, 0x7F, 0x7F, 0x7F, 0x7F, 0x7F, 0x7F, 0x7F, 0x7F, 0x7F, 0x7F, 0x7F, 0x7F, 0x7F, 0x7F, 0x7F,
        0x7F, 0x7F, 0x7F, 0x7F, 0x7F, 0x7F, 0x7F, 0x7F, 0x7F, 0x7F, 0x7F, 0x7F, 0x7F, 0x7F, 0x7F, 0x7F,
        0x7F, 0x7F, 0x7F, 0x7F, 0x7F, 0x7F, 0x7F, 0x7F, 0x7F, 0x7F, 0x7F, 0x7F, 0x7F, 0x7F, 0x7F, 0x7F,
        0x7F, 0x7F, 0x7F, 0x7F, 0x7F, 0x7F, 0x7F, 0x7F, 0x7F, 0x7F, 0x7F, 0x7F, 0x7F, 0x7F, 0x7F, 0x7F,
        0x7F, 0x7F, 0x7F, 0x7F, 0x7F, 0x7F, 0x7F, 0x7F, 0x7F, 0x7F, 0x7F, 0x7F, 0x00, 0x00, 0x7F, 0x7F,
        0x7F, 0x7F, 0x7F, 0x7F, 0x7F, 0x7F, 0x7F, 0x7F, 0x7F, 0x7F, 0x7F, 0x7F, 0x7F, 0x7F, 0x7F, 0x7F,
        0x7F, 0x7F, 0x7F, 0x7F, 0x7F, 0x7F, 0x7F, 0x7F, 0x7F, 0x7F, 0x7F, 0x7F, 0x7F, 0x7F, 0x7F, 0x7F,
        0x7F, 0x7F, 0x7F, 0x7F, 0x7F, 0x7F, 0x7F, 0x7F, 0x7F, 0x7F, 0x7F, 0x7F, 0x7F, 0x7F, 0x7F, 0x7F,
        0x7F, 0x7F, 0x7F, 0x7F, 0x7F, 0x7F, 0x7F, 0x7F, 0x7F, 0x7F, 0x7F, 0x7F, 0x7F, 0x7F, 0x7F, 0x7F,
        0x7F, 0x7F, 0x7F, 0x7F, 0x7F, 0x7F, 0x7F, 0x7F, 0x7F, 0x7F, 0x7F, 0x7F, 0x7F, 0x7F, 0x7F, 0x7F,
        0x7F, 0x7F, 0x7F, 0x7F, 0x7F, 0x7F, 0x7F, 0x7F, 0x7F, 0x7F, 0x7F, 0x7F, 0x7F, 0x7F, 0x7F, 0x7F,
        0x7F, 0x7F, 0x7F, 0x7F, 0x7F, 0x7F, 0x7F, 0x7F, 0x7F, 0x7F, 0x7F, 0x7F, 0x7F, 0x7F, 0x7F, 0x7F,
        0x7F, 0x7F, 0x7F, 0x7F, 0x7F, 0x7F, 0x7F, 0x7F, 0x7F, 0x7F, 0x7F, 0x7F, 0x7F, 0x7F, 0x7F, 0x7F,
        0x7F, 0x7F, 0x7F, 0x7F, 0x7F, 0x7F, 0x7F, 0x7F, 0x7F, 0x7F, 0x7F, 0x7F, 0x7F, 0x7F, 0x7F, 0x7F,
        0x7F, 0x7F, 0x7F, 0x7F, 0x00, 0x00, 0x7F, 0x7F, 0x7F, 0x7F, 0x7F, 0x7F, 0x7F, 0x7F, 0x7F, 0x7F,
        0x7F, 0x7F, 0x7F, 0x7F, 0x7F, 0x7F, 0x7F, 0x7F, 0x7F, 0x7F, 0x7F, 0x7F, 0x7F, 0x7F, 0x7F, 0x7F,
        0x7F, 0x7F, 0x7F, 0x7F, 0x7F, 0x7F, 0x7F, 0x7F, 0x7F, 0x7F, 0x7F, 0x7F, 0x7F, 0x7F, 0x7F, 0x7F,
        0x7F, 0x7F, 0x7F, 0x7F, 0x7F, 0x7F, 0x7F, 0x7F, 0x7F, 0x7F, 0x7F, 0x7F, 0x7F, 0x7F, 0x7F, 0x7F,
        0x7F, 0x7F, 0x7F, 0x7F, 0x7F, 0x7F, 0x7F, 0x7F, 0x7F, 0x7F, 0x7F, 0x7F, 0x7F, 0x7F, 0x7F, 0x7F,
        0x7F, 0x7F, 0x7F, 0x7F, 0x7F, 0x7F, 0x7F, 0x7F, 0x7F, 0x7F, 0x7F, 0x7F, 0x7F, 0x7F, 0x7F, 0x7F,
        0x7F, 0x7F, 0x7F, 0x7F, 0x7F, 0x7F, 0x7F, 0x7F, 0x7F, 0x7F, 0x7F, 0x7F, 0x7F, 0x7F, 0x7F, 0x7F,
        0x7F, 0x7F, 0x7F, 0x7F, 0x7F, 0x7F, 0x7F, 0x7F, 0x7F, 0x7F, 0x7F, 0x7F, 0x7F, 0x7F, 0x7F, 0x7F,
        0x7F, 0x7F, 0x7F, 0x7F, 0x7F, 0x7F, 0x7F, 0x7F, 0x7F, 0x7F, 0x7F, 0x7F, 0x7F, 0x7F, 0x7F, 0x7F,
        0x7F, 0x7F, 0x7F, 0x7F, 0x7F, 0x7F, 0x7F, 0x7F, 0x7F, 0x7F, 0x7F, 0x7F, 0x00, 0x00, 0x7F, 0x7F,
        0x7F, 0x7F, 0x7F, 0x7F, 0x7F, 0x7F, 0x7F, 0x7F, 0x7F, 0x7F, 0x7F, 0x7F, 0x7F, 0x7F, 0x7F, 0x7F,
        0x7F, 0x7F, 0x7F, 0x7F, 0x7F, 0x7F, 0x7F, 0x7F, 0x7F, 0x7F, 0x7F, 0x7F, 0x7F, 0x7F, 0x7F, 0x7F,
        0x7F, 0x7F, 0x7F, 0x7F, 0x7F, 0x7F, 0x7F, 0x7F, 0x7F, 0x7F, 0x7F, 0x7F, 0x7F, 0x7F, 0x7F, 0x7F,
        0x7F, 0x7F, 0x7F, 0x7F, 0x7F, 0x7F, 0x7F, 0x9F, 0x9F, 0x9F, 0xBF, 0xBF, 0xBF, 0xDF, 0xDF, 0xDF,
        0xE7, 0xE7, 0xE7, 0xFF, 0xFF, 0xFF, 0xFF, 0xFF, 0xFF, 0xFF, 0xFF, 0xFF, 0xFF, 0xFF, 0xFF, 0xE7,
        0xE7, 0xE7, 0xDF, 0xDF, 0xDF, 0xBF, 0xBF, 0xBF, 0x9F, 0x9F, 0x9F, 0x7F, 0x7F, 0x7F, 0x7F, 0x7F,
        0x7F, 0x7F, 0x7F, 0x7F, 0x7F, 0x7F, 0x7F, 0x7F, 0x7F, 0x7F, 0x7F, 0x7F, 0x7F, 0x7F, 0x7F, 0x7F,
        0x7F, 0x7F, 0x7F, 0x7F, 0x7F, 0x7F, 0x7F, 0x7F, 0x7F, 0x7F, 0x7F, 0x7F, 0x7F, 0x7F, 0x7F, 0x7F,
        0x7F, 0x7F, 0x7F, 0x7F, 0x7F, 0x7F, 0x7F, 0x7F, 0x7F, 0x7F, 0x7F, 0x7F, 0x7F, 0x7F, 0x7F, 0x7F,
        0x7F, 0x7F, 0x7F, 0x7F, 0x00, 0x00, 0x7F, 0x7F, 0x7F, 0x7F, 0x7F, 0x7F, 0x7F, 0x7F, 0x7F, 0x7F,
        0x7F, 0x7F, 0x7F, 0x7F, 0x7F, 0x7F, 0x7F, 0x7F, 0x7F, 0x7F, 0x7F, 0x7F, 0x7F, 0x7F, 0x7F, 0x7F,
        0x7F, 0x7F, 0x7F, 0x7F, 0x7F, 0x7F, 0x7F, 0x7F, 0x7F, 0x7F, 0x7F, 0x7F, 0x7F, 0x7F, 0x7F, 0x7F,
        0x7F, 0x7F, 0x7F, 0x7F, 0x7F, 0x7F, 0x8F, 0x8F, 0x8F, 0xCF, 0xCF, 0xCF, 0xF7, 0xF7, 0xF7, 0xFF,
        0xFF, 0xFF, 0xFF, 0xFF, 0xFF, 0xFF, 0xFF, 0xFF, 0xFF, 0xFF, 0xFF, 0xFF, 0xFF, 0xFF, 0xFF, 0xFF,
        0xFF, 0xFF, 0xFF, 0xFF, 0xFF, 0xFF, 0xFF, 0xFF, 0xFF, 0xFF, 0xFF, 0xFF, 0xFF, 0xFF, 0xFF, 0xFF,
        0xFF, 0xFF, 0xFF, 0xF7, 0xF7, 0xF7, 0xCF, 0xCF, 0xCF, 0x8F, 0x8F, 0x8F, 0x7F, 0x7F, 0x7F, 0x7F,
        0x7F, 0x7F, 0x7F, 0x7F, 0x7F, 0x7F, 0x7F, 0x7F, 0x7F, 0x7F, 0x7F, 0x7F, 0x7F, 0x7F, 0x7F, 0x7F,
        0x7F, 0x7F, 0x7F, 0x7F, 0x7F, 0x7F, 0x7F, 0x7F, 0x7F, 0x7F, 0x7F, 0x7F, 0x7F, 0x7F, 0x7F, 0x7F,
        0x7F, 0x7F, 0x7F, 0x7F, 0x7F, 0x7F, 0x7F, 0x7F, 0x7F, 0x7F, 0x7F, 0x7F, 0x00, 0x00, 0x7F, 0x7F,
        0x7F, 0x7F, 0x7F, 0x7F, 0x7F, 0x7F, 0x7F, 0x7F, 0x7F, 0x7F, 0x7F, 0x7F, 0x7F, 0x7F, 0x7F, 0x7F,
        0x7F, 0x7F, 0x7F, 0x7F, 0x7F, 0x7F, 0x7F, 0x7F, 0x7F, 0x7F, 0x7F, 0x7F, 0x7F, 0x7F, 0x7F, 0x7F,
        0x7F, 0x7F, 0x7F, 0x7F, 0x7F, 0x7F, 0x7F, 0x7F, 0x8F, 0x8F, 0x8F, 0xCF, 0xCF, 0xCF, 0xFF, 0xFF,
        0xFF, 0xFF, 0xFF, 0xFF, 0xFF, 0xFF, 0xFF, 0xFF, 0xFF, 0xFF, 0xFF, 0xFF, 0xFF, 0xFF, 0xFF, 0xFF,
        0xFF, 0xFF, 0xFF, 0xFF, 0xFF, 0xFF, 0xFF, 0xFF, 0xFF, 0xFF, 0xFF, 0xFF, 0xFF, 0xFF, 0xFF, 0xFF,
        0xFF, 0xFF, 0xFF, 0xFF, 0xFF, 0xFF, 0xFF, 0xFF, 0xFF, 0xFF, 0xFF, 0xFF, 0xFF, 0xFF, 0xFF, 0xFF,
        0xFF, 0xFF, 0xFF, 0xFF, 0xCF, 0xCF, 0xCF, 0x8F, 0x8F, 0x8F, 0x7F, 0x7F, 0x7F, 0x7F, 0x7F, 0x7F,
        0x7F, 0x7F, 0x7F, 0x7F, 0x7F, 0x7F, 0x7F, 0x7F, 0x7F, 0x7F, 0x7F, 0x7F, 0x7F, 0x7F, 0x7F, 0x7F,
        0x7F, 0x7F, 0x7F, 0x7F, 0x7F, 0x7F, 0x7F, 0x7F, 0x7F, 0x7F, 0x7F, 0x7F, 0x7F, 0x7F, 0x7F, 0x7F,
        0x7F, 0x7F, 0x7F, 0x7F, 0x00, 0x00, 0x7F, 0x7F, 0x7F, 0x7F, 0x7F, 0x7F, 0x7F, 0x7F, 0x7F, 0x7F,
        0x7F, 0x7F, 0x7F, 0x7F, 0x7F, 0x7F, 0x7F, 0x7F, 0x7F, 0x7F, 0x7F, 0x7F, 0x7F, 0x7F, 0x7F, 0x7F,
        0x7F, 0x7F, 0x7F, 0x7F, 0x7F, 0x7F, 0x7F, 0x7F, 0x7F, 0x7F, 0x7F, 0x7F, 0x7F, 0xB7, 0xB7, 0xB7,
        0xF7, 0xF7, 0xF7, 0xFF, 0xFF, 0xFF, 0xFF, 0xFF, 0xFF, 0xFF, 0xFF, 0xFF, 0xFF, 0xFF, 0xFF, 0xFF,
        0xFF, 0xFF, 0xFF, 0xFF, 0xFF, 0xFF, 0xFF, 0xFF, 0xFF, 0xFF, 0xFF, 0xFF, 0xFF, 0xFF, 0xFF, 0xFF,
        0xFF, 0xFF, 0xFF, 0xFF, 0xFF, 0xFF, 0xFF, 0xFF, 0xFF, 0xFF, 0xFF, 0xFF, 0xFF, 0xFF, 0xFF, 0xFF,
        0xFF, 0xFF, 0xFF, 0xFF, 0xFF, 0xFF, 0xFF, 0xFF, 0xFF, 0xFF, 0xFF, 0xFF, 0xFF, 0xFF, 0xFF, 0xF7,
        0xF7, 0xF7, 0xB7, 0xB7, 0xB7, 0x7F, 0x7F, 0x7F, 0x7F, 0x7F, 0x7F, 0x7F, 0x7F, 0x7F, 0x7F, 0x7F,
        0x7F, 0x7F, 0x7F, 0x7F, 0x7F, 0x7F, 0x7F, 0x7F, 0x7F, 0x7F, 0x7F, 0x7F, 0x7F, 0x7F, 0x7F, 0x7F,
        0x7F, 0x7F, 0x7F, 0x7F, 0x7F, 0x7F, 0x7F, 0x7F, 0x7F, 0x7F, 0x7F, 0x7F, 0x00, 0x00, 0x7F, 0x7F,
        0x7F, 0x7F, 0x7F, 0x7F, 0x7F, 0x7F, 0x7F, 0x7F, 0x7F, 0x7F, 0x7F, 0x7F, 0x7F, 0x7F, 0x7F, 0x7F,
        0x7F, 0x7F, 0x7F, 0x7F, 0x7F, 0x7F, 0x7F, 0x7F, 0x7F, 0x7F, 0x7F, 0x7F, 0x7F, 0x7F, 0x7F, 0x87,
        0x87, 0x87, 0xCF, 0xCF, 0xCF, 0xFF, 0xFF, 0xFF, 0xFF, 0xFF, 0xFF, 0xFF, 0xFF, 0xFF, 0xFF, 0xFF,
        0xFF, 0xFF, 0xFF, 0xFF, 0xFF, 0xFF, 0xFF, 0xFF, 0xFF, 0xFF, 0xFF, 0xFF, 0xFF, 0xFF, 0xFF, 0xFF,
        0xFF, 0xFF, 0xFF, 0xFF, 0xFF, 0xFF, 0xFF, 0xFF, 0xFF, 0xFF, 0xFF, 0xFF, 0xFF, 0xFF, 0xFF, 0xFF,
        0xFF, 0xFF, 0xFF, 0xFF, 0xFF, 0xFF, 0xFF, 0xFF, 0xFF, 0xFF, 0xFF, 0xFF, 0xFF, 0xFF, 0xFF, 0xFF,
        0xFF, 0xFF, 0xFF, 0xFF, 0xFF, 0xFF, 0xFF, 0xFF, 0xFF, 0xFF, 0xFF, 0xFF, 0xFF, 0xCF, 0xCF, 0xCF,
        0x87, 0x87, 0x87, 0x7F, 0x7F, 0x7F, 0x7F, 0x7F, 0x7F, 0x7F, 0x7F, 0x7F, 0x7F, 0x7F, 0x7F, 0x7F,
        0x7F, 0x7F, 0x7F, 0x7F, 0x7F, 0x7F, 0x7F, 0x7F, 0x7F, 0x7F, 0x7F, 0x7F, 0x7F, 0x7F, 0x7F, 0x7F,
        0x7F, 0x7F, 0x7F, 0x7F, 0x00, 0x00, 0x7F, 0x7F, 0x7F, 0x7F, 0x7F, 0x7F, 0x7F, 0x7F, 0x7F, 0x7F,
        0x7F, 0x7F, 0x7F, 0x7F, 0x7F, 0x7F, 0x7F, 0x7F, 0x7F, 0x7F, 0x7F, 0x7F, 0x7F, 0x7F, 0x7F, 0x7F,
        0x7F, 0x7F, 0x7F, 0x7F, 0x87, 0x87, 0x87, 0xE7, 0xE7, 0xE7, 0xFF, 0xFF, 0xFF, 0xFF, 0xFF, 0xFF,
        0xFF, 0xFF, 0xFF, 0xFF, 0xFF, 0xFF, 0xFF, 0xFF, 0xFF, 0xFF, 0xFF, 0xFF, 0xFF, 0xFF, 0xFF, 0xFF,
        0xFF, 0xFF, 0xFF, 0xFF, 0xFF, 0xFF, 0xFF, 0xFF, 0xFF, 0xFF, 0xFF, 0xFF, 0xFF, 0xFF, 0xFF, 0xFF,
        0xFF, 0xFF, 0xFF, 0xFF, 0xFF, 0xFF, 0xFF, 0xFF, 0xFF, 0xFF, 0xFF, 0xFF, 0xFF, 0xFF, 0xFF, 0xFF,
        0xFF, 0xFF, 0xFF, 0xFF, 0xFF, 0xFF, 0xFF, 0xFF, 0xFF, 0xFF, 0xFF, 0xFF, 0xFF, 0xFF, 0xFF, 0xFF,
        0xFF, 0xFF, 0xFF, 0xFF, 0xFF, 0xFF, 0xFF, 0xFF, 0xE7, 0xE7, 0xE7, 0x87, 0x87, 0x87, 0x7F, 0x7F,
        0x7F, 0x7F, 0x7F, 0x7F, 0x7F, 0x7F, 0x7F, 0x7F, 0x7F, 0x7F, 0x7F, 0x7F, 0x7F, 0x7F, 0x7F, 0x7F,
        0x7F, 0x7F, 0x7F, 0x7F, 0x7F, 0x7F, 0x7F, 0x7F, 0x7F, 0x7F, 0x7F, 0x7F, 0x00, 0x00, 0x7F, 0x7F,
        0x7F, 0x7F, 0x7F, 0x7F, 0x7F, 0x7F, 0x7F, 0x7F, 0x7F, 0x7F, 0x7F, 0x7F, 0x7F, 0x7F, 0x7F, 0x7F,
        0x7F, 0x7F, 0x7F, 0x7F, 0x7F, 0x7F, 0x7F, 0x7F, 0x7F, 0x87, 0x87, 0x87, 0xE7, 0xE7, 0xE7, 0xFF,
        0xFF, 0xFF, 0xFF, 0xFF, 0xFF, 0xFF, 0xFF, 0xFF, 0xFF, 0xFF, 0xFF, 0xFF, 0xFF, 0xFF, 0xFF, 0xFF,
        0xFF, 0xFF, 0xFF, 0xFF, 0xFF, 0xFF, 0xFF, 0xFF, 0xFF, 0xFF, 0xFF, 0xFF, 0xFF, 0xFF, 0xFF, 0xFF,
        0xFF, 0xFF, 0xFF, 0xFF, 0xFF, 0xFF, 0xFF, 0xFF, 0xFF, 0xFF, 0xFF, 0xFF, 0xFF, 0xFF, 0xFF, 0xFF,
        0xFF, 0xFF, 0xFF, 0xFF, 0xFF, 0xFF, 0xFF, 0xFF, 0xFF, 0xFF, 0xFF, 0xFF, 0xFF, 0xFF, 0xFF, 0xFF,
        0xFF, 0xFF, 0xFF, 0xFF, 0xFF, 0xFF, 0xFF, 0xFF, 0xFF, 0xFF, 0xFF, 0xFF, 0xFF, 0xFF, 0xFF, 0xFF,
        0xFF, 0xFF, 0xFF, 0xE7, 0xE7, 0xE7, 0x87, 0x87, 0x87, 0x7F, 0x7F, 0x7F, 0x7F, 0x7F, 0x7F, 0x7F,
        0x7F, 0x7F, 0x7F, 0x7F, 0x7F, 0x7F, 0x7F, 0x7F, 0x7F, 0x7F, 0x7F, 0x7F, 0x7F, 0x7F, 0x7F, 0x7F,
        0x7F, 0x7F, 0x7F, 0x7F, 0x00, 0x00, 0x7F, 0x7F, 0x7F, 0x7F, 0x7F, 0x7F, 0x7F, 0x7F, 0x7F, 0x7F,
        0x7F, 0x7F, 0x7F, 0x7F, 0x7F, 0x7F, 0x7F, 0x7F, 0x7F, 0x7F, 0x7F, 0x7F, 0x7F, 0x7F, 0x7F, 0x7F,
        0x7F, 0xCF, 0xCF, 0xCF, 0xFF, 0xFF, 0xFF, 0xFF, 0xFF, 0xFF, 0xFF, 0xFF, 0xFF, 0xFF, 0xFF, 0xFF,
        0xFF, 0xFF, 0xFF, 0xFF, 0xFF, 0xFF, 0xFF, 0xFF, 0xFF, 0xFF, 0xFF, 0xFF, 0xFF, 0xFF, 0xFF, 0xDF,
        0xDF, 0xDF, 0x7F, 0x7F, 0x7F, 0x7F, 0x7F, 0x7F, 0x7F, 0x7F, 0x7F, 0x7F, 0x7F, 0x7F, 0x7F, 0x7F,
        0x7F, 0x7F, 0x7F, 0x7F, 0x7F, 0x7F, 0x7F, 0x7F, 0x7F, 0x7F, 0x7F, 0x7F, 0x7F, 0x7F, 0x7F, 0x7F,
        0xFF, 0xFF, 0xFF, 0xFF, 0xFF, 0xFF, 0xFF, 0xFF, 0xFF, 0xFF, 0xFF, 0xFF, 0xFF, 0xFF, 0xFF, 0xFF,
        0xFF, 0xFF, 0xFF, 0xFF, 0xFF, 0xFF, 0xFF, 0xFF, 0xFF, 0xFF, 0xFF, 0xFF, 0xFF, 0xFF, 0xCF, 0xCF,
        0xCF, 0x7F, 0x7F, 0x7F, 0x7F, 0x7F, 0x7F, 0x7F, 0x7F, 0x7F, 0x7F, 0x7F, 0x7F, 0x7F, 0x7F, 0x7F,
        0x7F, 0x7F, 0x7F, 0x7F, 0x7F, 0x7F, 0x7F, 0x7F, 0x7F, 0x7F, 0x7F, 0x7F, 0x00, 0x00, 0x7F, 0x7F,
        0x7F, 0x7F, 0x7F, 0x7F, 0x7F, 0x7F, 0x7F, 0x7F, 0x7F, 0x7F, 0x7F, 0x7F, 0x7F, 0x7F, 0x7F, 0x7F,
        0x7F, 0x7F, 0x7F, 0x7F, 0x7F, 0x7F, 0xB7, 0xB7, 0xB7, 0xFF, 0xFF, 0xFF, 0xFF, 0xFF, 0xFF, 0xFF,
        0xFF, 0xFF, 0xFF, 0xFF, 0xFF, 0xFF, 0xFF, 0xFF, 0xFF, 0xFF, 0xFF, 0xFF, 0xFF, 0xFF, 0xFF, 0xFF,
        0xFF, 0xFF, 0xFF, 0xFF, 0xFF, 0xFF, 0xFF, 0xDF, 0xDF, 0xDF, 0x7F, 0x7F, 0x7F, 0x7F, 0x7F, 0x7F,
        0x7F, 0x7F, 0x7F, 0x7F, 0x7F, 0x7F, 0x7F, 0x7F, 0x7F, 0x7F, 0x7F, 0x7F, 0x7F, 0x7F, 0x7F, 0x7F,
        0x7F, 0x7F, 0x7F, 0x7F, 0x7F, 0x7F, 0x7F, 0x7F, 0xFF, 0xFF, 0xFF, 0xFF, 0xFF, 0xFF, 0xFF, 0xFF,
        0xFF, 0xFF, 0xFF, 0xFF, 0xFF, 0xFF, 0xFF, 0xFF, 0xFF, 0xFF, 0xFF, 0xFF, 0xFF, 0xFF, 0xFF, 0xFF,
        0xFF, 0xFF, 0xFF, 0xFF, 0xFF, 0xFF, 0xFF, 0xFF, 0xFF, 0xB7, 0xB7, 0xB7, 0x7F, 0x7F, 0x7F, 0x7F,
        0x7F, 0x7F, 0x7F, 0x7F, 0x7F, 0x7F, 0x7F, 0x7F, 0x7F, 0x7F, 0x7F, 0x7F, 0x7F, 0x7F, 0x7F, 0x7F,
        0x7F, 0x7F, 0x7F, 0x7F, 0x00, 0x00, 0x7F, 0x7F, 0x7F, 0x7F, 0x7F, 0x7F, 0x7F, 0x7F, 0x7F, 0x7F,
        0x7F, 0x7F, 0x7F, 0x7F, 0x7F, 0x7F, 0x7F, 0x7F, 0x7F, 0x7F, 0x7F, 0x8F, 0x8F, 0x8F, 0xF7, 0xF7,
        0xF7, 0xFF, 0xFF, 0xFF, 0xFF, 0xFF, 0xFF, 0xFF, 0xFF, 0xFF, 0xFF, 0xFF, 0xFF, 0xFF, 0xFF, 0xFF,
        0xFF, 0xFF, 0xFF, 0xFF, 0xFF, 0xFF, 0xFF, 0xFF, 0xFF, 0xFF, 0xFF, 0xFF, 0xFF, 0xFF, 0xFF, 0xF7,
        0xF7, 0xF7, 0xDF, 0xDF, 0xDF, 0xDF, 0xDF, 0xDF, 0xDF, 0xDF, 0xDF, 0xDF, 0xDF, 0xDF, 0xDF, 0xDF,
        0xDF, 0xDF, 0xDF, 0xDF, 0xDF, 0xDF, 0xDF, 0xDF, 0xDF, 0xDF, 0xDF, 0xDF, 0xDF, 0xDF, 0xDF, 0xDF,
        0xFF, 0xFF, 0xFF, 0xFF, 0xFF, 0xFF, 0xFF, 0xFF, 0xFF, 0xFF, 0xFF, 0xFF, 0xFF, 0xFF, 0xFF, 0xFF,
        0xFF, 0xFF, 0xFF, 0xFF, 0xFF, 0xFF, 0xFF, 0xFF, 0xFF, 0xFF, 0xFF, 0xFF, 0xFF, 0xFF, 0xFF, 0xFF,
        0xFF, 0xF7, 0xF7, 0xF7, 0x8F, 0x8F, 0x8F, 0x7F, 0x7F, 0x7F, 0x7F, 0x7F, 0x7F, 0x7F, 0x7F, 0x7F,
        0x7F, 0x7F, 0x7F, 0x7F, 0x7F, 0x7F, 0x7F, 0x7F, 0x7F, 0x7F, 0x7F, 0x7F, 0x00, 0x00, 0x7F, 0x7F,
        0x7F, 0x7F, 0x7F, 0x7F, 0x7F, 0x7F, 0x7F, 0x7F, 0x7F, 0x7F, 0x7F, 0x7F, 0x7F, 0x7F, 0x7F, 0x7F,
        0x7F, 0x7F, 0x7F, 0xCF, 0xCF, 0xCF, 0xFF, 0xFF, 0xFF, 0xFF, 0xFF, 0xFF, 0xFF, 0xFF, 0xFF, 0xFF,
        0xFF, 0xFF, 0xFF, 0xFF, 0xFF, 0xFF, 0xFF, 0xFF, 0xFF, 0xFF, 0xFF, 0xFF, 0xFF, 0xFF, 0xFF, 0xFF,
        0xFF, 0xFF, 0xFF, 0xFF, 0xFF, 0xFF, 0xFF, 0xFF, 0xFF, 0xFF, 0xFF, 0xFF, 0xFF, 0xFF, 0xFF, 0xFF,
        0xFF, 0xFF, 0xFF, 0xFF, 0xFF, 0xFF, 0xFF, 0xFF, 0xFF, 0xFF, 0xFF, 0xFF, 0xFF, 0xFF, 0xFF, 0xFF,
        0xFF, 0xFF, 0xFF, 0xFF, 0xFF, 0xFF, 0xFF, 0xFF, 0xFF, 0xFF, 0xFF, 0xFF, 0xFF, 0xFF, 0xFF, 0xFF,
        0xFF, 0xFF, 0xFF, 0xFF, 0xFF, 0xFF, 0xFF, 0xFF, 0xFF, 0xFF, 0xFF, 0xFF, 0xFF, 0xFF, 0xFF, 0xFF,
        0xFF, 0xFF, 0xFF, 0xFF, 0xFF, 0xFF, 0xFF, 0xFF, 0xFF, 0xFF, 0xFF, 0xFF, 0xCF, 0xCF, 0xCF, 0x7F,
        0x7F, 0x7F, 0x7F, 0x7F, 0x7F, 0x7F, 0x7F, 0x7F, 0x7F, 0x7F, 0x7F, 0x7F, 0x7F, 0x7F, 0x7F, 0x7F,
        0x7F, 0x7F, 0x7F, 0x7F, 0x00, 0x00, 0x7F, 0x7F, 0x7F, 0x7F, 0x7F, 0x7F, 0x7F, 0x7F, 0x7F, 0x7F,
        0x7F, 0x7F, 0x7F, 0x7F, 0x7F, 0x7F, 0x7F, 0x7F, 0x8F, 0x8F, 0x8F, 0xFF, 0xFF, 0xFF, 0xFF, 0xFF,
        0xFF, 0xFF, 0xFF, 0xFF, 0xFF, 0xFF, 0xFF, 0xFF, 0xFF, 0xFF, 0xFF, 0xFF, 0xFF, 0xFF, 0xFF, 0xFF,
        0xFF, 0xFF, 0xFF, 0xFF, 0xFF, 0xFF, 0xFF, 0xFF, 0xFF, 0xFF, 0xFF, 0xFF, 0xFF, 0xFF, 0xFF, 0xDF,
        0xDF, 0xDF, 0x7F, 0x7F, 0x7F, 0x7F, 0x7F, 0x7F, 0x7F, 0x7F, 0x7F, 0x7F, 0x7F, 0x7F, 0x7F, 0x7F,
        0x7F, 0x7F, 0x7F, 0x7F, 0x7F, 0x7F, 0x7F, 0x7F, 0x7F, 0x7F, 0x7F, 0x7F, 0x7F, 0x7F, 0x7F, 0x7F,
        0xFF, 0xFF, 0xFF, 0xFF, 0xFF, 0xFF, 0xFF, 0xFF, 0xFF, 0xFF, 0xFF, 0xFF, 0xFF, 0xFF, 0xFF, 0xFF,
        0xFF, 0xFF, 0xFF, 0xFF, 0xFF, 0xFF, 0xFF, 0xFF, 0xFF, 0xFF, 0xFF, 0xFF, 0xFF, 0xFF, 0xFF, 0xFF,
        0xFF, 0xFF, 0xFF, 0xFF, 0xFF, 0xFF, 0xFF, 0x8F, 0x8F, 0x8F, 0x7F, 0x7F, 0x7F, 0x7F, 0x7F, 0x7F,
        0x7F, 0x7F, 0x7F, 0x7F, 0x7F, 0x7F, 0x7F, 0x7F, 0x7F, 0x7F, 0x7F, 0x7F, 0x00, 0x00, 0x7F, 0x7F,
        0x7F, 0x7F, 0x7F, 0x7F, 0x7F, 0x7F, 0x7F, 0x7F, 0x7F, 0x7F, 0x7F, 0x7F, 0x7F, 0x7F, 0x7F, 0x7F,
        0xCF, 0xCF, 0xCF, 0xFF, 0xFF, 0xFF, 0xFF, 0xFF, 0xFF, 0xFF, 0xFF, 0xFF, 0xFF, 0xFF, 0xFF, 0xFF,
        0xFF, 0xFF, 0xFF, 0xFF, 0xFF, 0xFF, 0xFF, 0xFF, 0xFF, 0xFF, 0xFF, 0xFF, 0xFF, 0xFF, 0xFF, 0xFF,
        0xFF, 0xFF, 0xFF, 0xFF, 0xFF, 0xFF, 0xFF, 0xDF, 0xDF, 0xDF, 0x7F, 0x7F, 0x7F, 0x7F, 0x7F, 0x7F,
        0x7F, 0x7F, 0x7F, 0x7F, 0x7F, 0x7F, 0x7F, 0x7F, 0x7F, 0x7F, 0x7F, 0x7F, 0x7F, 0x7F, 0x7F, 0x7F,
        0x7F, 0x7F, 0x7F, 0x7F, 0x7F, 0x7F, 0x7F, 0x7F, 0xFF, 0xFF, 0xFF, 0xFF, 0xFF, 0xFF, 0xFF, 0xFF,
        0xFF, 0xFF, 0xFF, 0xFF, 0xFF, 0xFF, 0xFF, 0xFF, 0xFF, 0xFF, 0xFF, 0xFF, 0xFF, 0xFF, 0xFF, 0xFF,
        0xFF, 0xFF, 0xFF, 0xFF, 0xFF, 0xFF, 0xFF, 0xFF, 0xFF, 0xFF, 0xFF, 0xFF, 0xFF, 0xFF, 0xFF, 0xCF,
        0xCF, 0xCF, 0x7F, 0x7F, 0x7F, 0x7F, 0x7F, 0x7F, 0x7F, 0x7F, 0x7F, 0x7F, 0x7F, 0x7F, 0x7F, 0x7F,
        0x7F, 0x7F, 0x7F, 0x7F, 0x00, 0x00, 0x7F, 0x7F, 0x7F, 0x7F, 0x7F, 0x7F, 0x7F, 0x7F, 0x7F, 0x7F,
        0x7F, 0x7F, 0x7F, 0x7F, 0x7F, 0x7F, 0x7F, 0x7F, 0xF7, 0xF7, 0xF7, 0xFF, 0xFF, 0xFF, 0xFF, 0xFF,
        0xFF, 0xFF, 0xFF, 0xFF, 0xFF, 0xFF, 0xFF, 0xFF, 0xFF, 0xFF, 0xFF, 0xFF, 0xFF, 0xFF, 0xFF, 0xFF,
        0xFF, 0xFF, 0xFF, 0xFF, 0xFF, 0xFF, 0xFF, 0xFF, 0xFF, 0xFF, 0xFF, 0xFF, 0xFF, 0xFF, 0xFF, 0xDF,
        0xDF, 0xDF, 0x7F, 0x7F, 0x7F, 0x7F, 0x7F, 0x7F, 0x7F, 0x7F, 0x7F, 0x7F, 0x7F, 0x7F, 0x7F, 0x7F,
        0x7F, 0x7F, 0x7F, 0x7F, 0x7F, 0x7F, 0x7F, 0x7F, 0x7F, 0x7F, 0x7F, 0x7F, 0x7F, 0x7F, 0x7F, 0x7F,
        0xFF, 0xFF, 0xFF, 0xFF, 0xFF, 0xFF, 0xFF, 0xFF, 0xFF, 0xFF, 0xFF, 0xFF, 0xFF, 0xFF, 0xFF, 0xFF,
        0xFF, 0xFF, 0xFF, 0xFF, 0xFF, 0xFF, 0xFF, 0xFF, 0xFF, 0xFF, 0xFF, 0xFF, 0xFF, 0xFF, 0xFF, 0xFF,
        0xFF, 0xFF, 0xFF, 0xFF, 0xFF, 0xFF, 0xFF, 0xF7, 0xF7, 0xF7, 0x7F, 0x7F, 0x7F, 0x7F, 0x7F, 0x7F,
        0x7F, 0x7F, 0x7F, 0x7F, 0x7F, 0x7F, 0x7F, 0x7F, 0x7F, 0x7F, 0x7F, 0x7F, 0x00, 0x00, 0x7F, 0x7F,
        0x7F, 0x7F, 0x7F, 0x7F, 0x7F, 0x7F, 0x7F, 0x7F, 0x7F, 0x7F, 0x7F, 0x7F, 0x7F, 0x9F, 0x9F, 0x9F,
        0xFF, 0xFF, 0xFF, 0xFF, 0xFF, 0xFF, 0xFF, 0xFF, 0xFF, 0xFF, 0xFF, 0xFF, 0xFF, 0xFF, 0xFF, 0xFF,
        0xFF, 0xFF, 0xFF, 0xFF, 0xFF, 0xFF, 0xFF, 0xFF, 0xFF, 0xFF, 0xFF, 0xFF, 0xFF, 0xFF, 0xFF, 0xFF,
        0xFF, 0xFF, 0xFF, 0xFF, 0xFF, 0xFF, 0xFF, 0xDF, 0xDF, 0xDF, 0x7F, 0x7F, 0x7F, 0x7F, 0x7F, 0x7F,
        0x7F, 0x7F, 0x7F, 0x7F, 0x7F, 0x7F, 0x7F, 0x7F, 0x7F, 0x7F, 0x7F, 0x7F, 0x7F, 0x7F, 0x7F, 0x7F,
        0x7F, 0x7F, 0x7F, 0x7F, 0x7F, 0x7F, 0x7F, 0x7F, 0xFF, 0xFF, 0xFF, 0xFF, 0xFF, 0xFF, 0xFF, 0xFF,
        0xFF, 0xFF, 0xFF, 0xFF, 0xFF, 0xFF, 0xFF, 0xFF, 0xFF, 0xFF, 0xFF, 0xFF, 0xFF, 0xFF, 0xFF, 0xFF,
        0xFF, 0xFF, 0xFF, 0xFF, 0xFF, 0xFF, 0xFF, 0xFF, 0xFF, 0xFF, 0xFF, 0xFF, 0xFF, 0xFF, 0xFF, 0xFF,
        0xFF, 0xFF, 0x9F, 0x9F, 0x9F, 0x7F, 0x7F, 0x7F, 0x7F, 0x7F, 0x7F, 0x7F, 0x7F, 0x7F, 0x7F, 0x7F,
        0x7F, 0x7F, 0x7F, 0x7F, 0x00, 0x00, 0x7F, 0x7F, 0x7F, 0x7F, 0x7F, 0x7F, 0x7F, 0x7F, 0x7F, 0x7F,
        0x7F, 0x7F, 0x7F, 0x7F, 0x7F, 0xBF, 0xBF, 0xBF, 0xFF, 0xFF, 0xFF, 0xFF, 0xFF, 0xFF, 0xFF, 0xFF,
        0xFF, 0xFF, 0xFF, 0xFF, 0xFF, 0xFF, 0xFF, 0xFF, 0xFF, 0xFF, 0xFF, 0xFF, 0xFF, 0xFF, 0xFF, 0xFF,
        0xFF, 0xFF, 0xFF, 0xFF, 0xFF, 0xFF, 0xFF, 0xFF, 0xFF, 0xFF, 0xFF, 0xFF, 0xFF, 0xFF, 0xFF, 0xDF,
        0xDF, 0xDF, 0x7F, 0x7F, 0x7F, 0x7F, 0x7F, 0x7F, 0x7F, 0x7F, 0x7F, 0x7F, 0x7F, 0x7F, 0x7F, 0x7F,
        0x7F, 0x7F, 0x7F, 0x7F, 0x7F, 0x7F, 0x7F, 0x7F, 0x7F, 0x7F, 0x7F, 0x7F, 0x7F, 0x7F, 0x7F, 0x7F,
        0xFF, 0xFF, 0xFF, 0xFF, 0xFF, 0xFF, 0xFF, 0xFF, 0xFF, 0xFF, 0xFF, 0xFF, 0xFF, 0xFF, 0xFF, 0xFF,
        0xFF, 0xFF, 0xFF, 0xFF, 0xFF, 0xFF, 0xFF, 0xFF, 0xFF, 0xFF, 0xFF, 0xFF, 0xFF, 0xFF, 0xFF, 0xFF,
        0xFF, 0xFF, 0xFF, 0xFF, 0xFF, 0xFF, 0xFF, 0xFF, 0xFF, 0xFF, 0xBF, 0xBF, 0xBF, 0x7F, 0x7F, 0x7F,
        0x7F, 0x7F, 0x7F, 0x7F, 0x7F, 0x7F, 0x7F, 0x7F, 0x7F, 0x7F, 0x7F, 0x7F, 0x00, 0x00, 0x7F, 0x7F,
        0x7F, 0x7F, 0x7F, 0x7F, 0x7F, 0x7F, 0x7F, 0x7F, 0x7F, 0x7F, 0x7F, 0x7F, 0x7F, 0xDF, 0xDF, 0xDF,
        0xFF, 0xFF, 0xFF, 0xFF, 0xFF, 0xFF, 0xFF, 0xFF, 0xFF, 0xFF, 0xFF, 0xFF, 0xFF, 0xFF, 0xFF, 0xFF,
        0xFF, 0xFF, 0xFF, 0xFF, 0xFF, 0xFF, 0xFF, 0xFF, 0xFF, 0xFF, 0xFF, 0xFF, 0xFF, 0xFF, 0xFF, 0xFF,
        0xFF, 0xFF, 0xFF, 0xFF, 0xFF, 0xFF, 0xFF, 0xDF, 0xDF, 0xDF, 0x7F, 0x7F, 0x7F, 0x7F, 0x7F, 0x7F,
        0x7F, 0x7F, 0x7F, 0x7F, 0x7F, 0x7F, 0x7F, 0x7F, 0x7F, 0x7F, 0x7F, 0x7F, 0x7F, 0x7F, 0x7F, 0x7F,
        0x7F, 0x7F, 0x7F, 0x7F, 0x7F, 0x7F, 0x7F, 0x7F, 0xFF, 0xFF, 0xFF, 0xFF, 0xFF, 0xFF, 0xFF, 0xFF,
        0xFF, 0xFF, 0xFF, 0xFF, 0xFF, 0xFF, 0xFF, 0xFF, 0xFF, 0xFF, 0xFF, 0xFF, 0xFF, 0xFF, 0xFF, 0xFF,
        0xFF, 0xFF, 0xFF, 0xFF, 0xFF, 0xFF, 0xFF, 0xFF, 0xFF, 0xFF, 0xFF, 0xFF, 0xFF, 0xFF, 0xFF, 0xFF,
        0xFF, 0xFF, 0xDF, 0xDF, 0xDF, 0x7F, 0x7F, 0x7F, 0x7F, 0x7F, 0x7F, 0x7F, 0x7F, 0x7F, 0x7F, 0x7F,
        0x7F, 0x7F, 0x7F, 0x7F, 0x00, 0x00, 0x7F, 0x7F, 0x7F, 0x7F, 0x7F, 0x7F, 0x7F, 0x7F, 0x7F, 0x7F,
        0x7F, 0x7F, 0x7F, 0x7F, 0x7F, 0xE7, 0xE7, 0xE7, 0xFF, 0xFF, 0xFF, 0xFF, 0xFF, 0xFF, 0xFF, 0xFF,
        0xFF, 0xFF, 0xFF, 0xFF, 0xFF, 0xFF, 0xFF, 0xFF, 0xFF, 0xFF, 0xFF, 0xFF, 0xFF, 0xFF, 0xFF, 0xFF,
        0xC7, 0xC7, 0xC7, 0xBF, 0xBF, 0xBF, 0xBF, 0xBF, 0xBF, 0xBF, 0xBF, 0xBF, 0xBF, 0xBF, 0xBF, 0xAF,
        0xAF, 0xAF, 0x7F, 0x7F, 0x7F, 0x7F, 0x7F, 0x7F, 0x7F, 0x7F, 0x7F, 0x7F, 0x7F, 0x7F, 0x7F, 0x7F,
        0x7F, 0x7F, 0x7F, 0x7F, 0x7F, 0x7F, 0x7F, 0x7F, 0x7F, 0x7F, 0x7F, 0x7F, 0x7F, 0x7F, 0x7F, 0x7F,
        0xBF, 0xBF, 0xBF, 0xBF, 0xBF, 0xBF, 0xBF, 0xBF, 0xBF, 0xBF, 0xBF, 0xBF, 0xBF, 0xBF, 0xBF, 0xC7,
        0xC7, 0xC7, 0xFF, 0xFF, 0xFF, 0xFF, 0xFF, 0xFF, 0xFF, 0xFF, 0xFF, 0xFF, 0xFF, 0xFF, 0xFF, 0xFF,
        0xFF, 0xFF, 0xFF, 0xFF, 0xFF, 0xFF, 0xFF, 0xFF, 0xFF, 0xFF, 0xE7, 0xE7, 0xE7, 0x7F, 0x7F, 0x7F,
        0x7F, 0x7F, 0x7F, 0x7F, 0x7F, 0x7F, 0x7F, 0x7F, 0x7F, 0x7F, 0x7F, 0x7F, 0x00, 0x00, 0x7F, 0x7F,
        0x7F, 0x7F, 0x7F, 0x7F, 0x7F, 0x7F, 0x7F, 0x7F, 0x7F, 0x7F, 0x7F, 0x7F, 0x7F, 0xFF, 0xFF, 0xFF,
        0xFF, 0xFF, 0xFF, 0xFF, 0xFF, 0xFF, 0xFF, 0xFF, 0xFF, 0xFF, 0xFF, 0xFF, 0xFF, 0xFF, 0xFF, 0xFF,
        0xFF, 0xFF, 0xFF, 0xFF, 0xFF, 0xFF, 0xFF, 0xFF, 0xDF, 0xDF, 0xDF, 0x7F, 0x7F, 0x7F, 0x7F, 0x7F,
        0x7F, 0x7F, 0x7F, 0x7F, 0x7F, 0x7F, 0x7F, 0x7F, 0x7F, 0x7F, 0x7F, 0x7F, 0x7F, 0x7F, 0x7F, 0x7F,
        0x7F, 0x7F, 0x7F, 0x7F, 0x7F, 0x7F, 0x7F, 0x7F, 0x7F, 0x7F, 0x7F, 0x7F, 0x7F, 0x7F, 0x7F, 0x7F,
        0x7F, 0x7F, 0x7F, 0x7F, 0x7F, 0x7F, 0x7F, 0x7F, 0x7F, 0x7F, 0x7F, 0x7F, 0x7F, 0x7F, 0x7F, 0x7F,
        0x7F, 0x7F, 0x7F, 0x7F, 0x7F, 0x7F, 0x7F, 0xDF, 0xDF, 0xDF, 0xFF, 0xFF, 0xFF, 0xFF, 0xFF, 0xFF,
        0xFF, 0xFF, 0xFF, 0xFF, 0xFF, 0xFF, 0xFF, 0xFF, 0xFF, 0xFF, 0xFF, 0xFF, 0xFF, 0xFF, 0xFF, 0xFF,
        0xFF, 0xFF, 0xFF, 0xFF, 0xFF, 0x7F, 0x7F, 0x7F, 0x7F, 0x7F, 0x7F, 0x7F, 0x7F, 0x7F, 0x7F, 0x7F,
        0x7F, 0x7F, 0x7F, 0x7F, 0x00, 0x00, 0x7F, 0x7F, 0x7F, 0x7F, 0x7F, 0x7F, 0x7F, 0x7F, 0x7F, 0x7F,
        0x7F, 0x7F, 0x7F, 0x7F, 0x7F, 0xFF, 0xFF, 0xFF, 0xFF, 0xFF, 0xFF, 0xFF, 0xFF, 0xFF, 0xFF, 0xFF,
        0xFF, 0xFF, 0xFF, 0xFF, 0xFF, 0xFF, 0xFF, 0xFF, 0xFF, 0xFF, 0xFF, 0xFF, 0xFF, 0xFF, 0xFF, 0xFF,
        0xFF, 0xFF, 0xFF, 0xBF, 0xBF, 0xBF, 0x7F, 0x7F, 0x7F, 0x7F, 0x7F, 0x7F, 0x7F, 0x7F, 0x7F, 0x7F,
        0x7F, 0x7F, 0x7F, 0x7F, 0x7F, 0x7F, 0x7F, 0x7F, 0x7F, 0x7F, 0x7F, 0x7F, 0x7F, 0x7F, 0x7F, 0x7F,
        0x7F, 0x7F, 0x7F, 0x7F, 0x7F, 0x7F, 0x7F, 0x7F, 0x7F, 0x7F, 0x7F, 0x7F, 0x7F, 0x7F, 0x7F, 0x7F,
        0x7F, 0x7F, 0x7F, 0x7F, 0x7F, 0x7F, 0x7F, 0x7F, 0x7F, 0x7F, 0x7F, 0x7F, 0xBF, 0xBF, 0xBF, 0xFF,
        0xFF, 0xFF, 0xFF, 0xFF, 0xFF, 0xFF, 0xFF, 0xFF, 0xFF, 0xFF, 0xFF, 0xFF, 0xFF, 0xFF, 0xFF, 0xFF,
        0xFF, 0xFF, 0xFF, 0xFF, 0xFF, 0xFF, 0xFF, 0xFF, 0xFF, 0xFF, 0xFF, 0xFF, 0xFF, 0x7F, 0x7F, 0x7F,
        0x7F, 0x7F, 0x7F, 0x7F, 0x7F, 0x7F, 0x7F, 0x7F, 0x7F, 0x7F, 0x7F, 0x7F, 0x00, 0x00, 0x7F, 0x7F,
        0x7F, 0x7F, 0x7F, 0x7F, 0x7F, 0x7F, 0x7F, 0x7F, 0x7F, 0x7F, 0x7F, 0x7F, 0x7F, 0xFF, 0xFF, 0xFF,
        0xFF, 0xFF, 0xFF, 0xFF, 0xFF, 0xFF, 0xFF, 0xFF, 0xFF, 0xFF, 0xFF, 0xFF, 0xFF, 0xFF, 0xFF, 0xFF,
        0xFF, 0xFF, 0xFF, 0xFF, 0xFF, 0xFF, 0xFF, 0xFF, 0xFF, 0xFF, 0xFF, 0xFF, 0xFF, 0xFF, 0x97, 0x97,
        0x97, 0x7F, 0x7F, 0x7F, 0x7F, 0x7F, 0x7F, 0x7F, 0x7F, 0x7F, 0x7F, 0x7F, 0x7F, 0x7F, 0x7F, 0x7F,
        0x7F, 0x7F, 0x7F, 0x7F, 0x7F, 0x7F, 0x7F, 0x7F, 0x7F, 0x7F, 0x7F, 0x7F, 0x7F, 0x7F, 0x7F, 0x7F,
        0x7F, 0x7F, 0x7F, 0x7F, 0x7F, 0x7F, 0x7F, 0x7F, 0x7F, 0x7F, 0x7F, 0x7F, 0x7F, 0x7F, 0x7F, 0x7F,
        0x7F, 0x97, 0x97, 0x97, 0xFF, 0xFF, 0xFF, 0xFF, 0xFF, 0xFF, 0xFF, 0xFF, 0xFF, 0xFF, 0xFF, 0xFF,
        0xFF, 0xFF, 0xFF, 0xFF, 0xFF, 0xFF, 0xFF, 0xFF, 0xFF, 0xFF, 0xFF, 0xFF, 0xFF, 0xFF, 0xFF, 0xFF,
        0xFF, 0xFF, 0xFF, 0xFF, 0xFF, 0x7F, 0x7F, 0x7F, 0x7F, 0x7F, 0x7F, 0x7F, 0x7F, 0x7F, 0x7F, 0x7F,
        0x7F, 0x7F, 0x7F, 0x7F, 0x00, 0x00, 0x7F, 0x7F, 0x7F, 0x7F, 0x7F, 0x7F, 0x7F, 0x7F, 0x7F, 0x7F,
        0x7F, 0x7F, 0x7F, 0x7F, 0x7F, 0xFF, 0xFF, 0xFF, 0xFF, 0xFF, 0xFF, 0xFF, 0xFF, 0xFF, 0xFF, 0xFF,
        0xFF, 0xFF, 0xFF, 0xFF, 0xFF, 0xFF, 0xFF, 0xFF, 0xFF, 0xFF, 0xFF, 0xFF, 0xFF, 0xFF, 0xFF, 0xFF,
        0xFF, 0xFF, 0xFF, 0xFF, 0xFF, 0xFF, 0xEF, 0xEF, 0xEF, 0x87, 0x87, 0x87, 0x7F, 0x7F, 0x7F, 0x7F,
        0x7F, 0x7F, 0x7F, 0x7F, 0x7F, 0x7F, 0x7F, 0x7F, 0x7F, 0x7F, 0x7F, 0x7F, 0x7F, 0x7F, 0x7F, 0x7F,
        0x7F, 0x7F, 0x7F, 0x7F, 0x7F, 0x7F, 0x7F, 0x7F, 0x7F, 0x7F, 0x7F, 0x7F, 0x7F, 0x7F, 0x7F, 0x7F,
        0x7F, 0x7F, 0x7F, 0x7F, 0x7F, 0x7F, 0x87, 0x87, 0x87, 0xEF, 0xEF, 0xEF, 0xFF, 0xFF, 0xFF, 0xFF,
        0xFF, 0xFF, 0xFF, 0xFF, 0xFF, 0xFF, 0xFF, 0xFF, 0xFF, 0xFF, 0xFF, 0xFF, 0xFF, 0xFF, 0xFF, 0xFF,
        0xFF, 0xFF, 0xFF, 0xFF, 0xFF, 0xFF, 0xFF, 0xFF, 0xFF, 0xFF, 0xFF, 0xFF, 0xFF, 0x7F, 0x7F, 0x7F,
        0x7F, 0x7F, 0x7F, 0x7F, 0x7F, 0x7F, 0x7F, 0x7F, 0x7F, 0x7F, 0x7F, 0x7F, 0x00, 0x00, 0x7F, 0x7F,
        0x7F, 0x7F, 0x7F, 0x7F, 0x7F, 0x7F, 0x7F, 0x7F, 0x7F, 0x7F, 0x7F, 0x7F, 0x7F, 0xE7, 0xE7, 0xE7,
        0xFF, 0xFF, 0xFF, 0xFF, 0xFF, 0xFF, 0xFF, 0xFF, 0xFF, 0xFF, 0xFF, 0xFF, 0xFF, 0xFF, 0xFF, 0xFF,
        0xFF, 0xFF, 0xFF, 0xFF, 0xFF, 0xFF, 0xFF, 0xFF, 0xFF, 0xFF, 0xFF, 0xFF, 0xFF, 0xFF, 0xFF, 0xFF,
        0xFF, 0xCF, 0xCF, 0xCF, 0x7F, 0x7F, 0x7F, 0x7F, 0x7F, 0x7F, 0x7F, 0x7F, 0x7F, 0x7F, 0x7F, 0x7F,
        0x7F, 0x7F, 0x7F, 0x7F, 0x7F, 0x7F, 0x7F, 0x7F, 0x7F, 0x7F, 0x7F, 0x7F, 0x7F, 0x7F, 0x7F, 0x7F,
        0x7F, 0x7F, 0x7F, 0x7F, 0x7F, 0x7F, 0x7F, 0x7F, 0x7F, 0x7F, 0x7F, 0x7F, 0x7F, 0x7F, 0xCF, 0xCF,
        0xCF, 0xFF, 0xFF, 0xFF, 0xFF, 0xFF, 0xFF, 0xFF, 0xFF, 0xFF, 0xFF, 0xFF, 0xFF, 0xFF, 0xFF, 0xFF,
        0xFF, 0xFF, 0xFF, 0xFF, 0xFF, 0xFF, 0xFF, 0xFF, 0xFF, 0xFF, 0xFF, 0xFF, 0xFF, 0xFF, 0xFF, 0xFF,
        0xFF, 0xFF, 0xE7, 0xE7, 0xE7, 0x7F, 0x7F, 0x7F, 0x7F, 0x7F, 0x7F, 0x7F, 0x7F, 0x7F, 0x7F, 0x7F,
        0x7F, 0x7F, 0x7F, 0x7F, 0x00, 0x00, 0x7F, 0x7F, 0x7F, 0x7F, 0x7F, 0x7F, 0x7F, 0x7F, 0x7F, 0x7F,
        0x7F, 0x7F, 0x7F, 0x7F, 0x7F, 0xDF, 0xDF, 0xDF, 0xFF, 0xFF, 0xFF, 0xFF, 0xFF, 0xFF, 0xFF, 0xFF,
        0xFF, 0xFF, 0xFF, 0xFF, 0xFF, 0xFF, 0xFF, 0xFF, 0xFF, 0xFF, 0xFF, 0xFF, 0xFF, 0xFF, 0xFF, 0xFF,
        0xFF, 0xFF, 0xFF, 0xFF, 0xFF, 0xFF, 0xFF, 0xFF, 0xFF, 0xFF, 0xFF, 0xFF, 0xA7, 0xA7, 0xA7, 0x7F,
        0x7F, 0x7F, 0x7F, 0x7F, 0x7F, 0x7F, 0x7F, 0x7F, 0x7F, 0x7F, 0x7F, 0x7F, 0x7F, 0x7F, 0x7F, 0x7F,
        0x7F, 0x7F, 0x7F, 0x7F, 0x7F, 0x7F, 0x7F, 0x7F, 0x7F, 0x7F, 0x7F, 0x7F, 0x7F, 0x7F, 0x7F, 0x7F,
        0x7F, 0x7F, 0x7F, 0xA7, 0xA7, 0xA7, 0xFF, 0xFF, 0xFF, 0xFF, 0xFF, 0xFF, 0xFF, 0xFF, 0xFF, 0xFF,
        0xFF, 0xFF, 0xFF, 0xFF, 0xFF, 0xFF, 0xFF, 0xFF, 0xFF, 0xFF, 0xFF, 0xFF, 0xFF, 0xFF, 0xFF, 0xFF,
        0xFF, 0xFF, 0xFF, 0xFF, 0xFF, 0xFF, 0xFF, 0xFF, 0xFF, 0xFF, 0xDF, 0xDF, 0xDF, 0x7F, 0x7F, 0x7F,
        0x7F, 0x7F, 0x7F, 0x7F, 0x7F, 0x7F, 0x7F, 0x7F, 0x7F, 0x7F, 0x7F, 0x7F, 0x00, 0x00, 0x7F, 0x7F,
        0x7F, 0x7F, 0x7F, 0x7F, 0x7F, 0x7F, 0x7F, 0x7F, 0x7F, 0x7F, 0x7F, 0x7F, 0x7F, 0xBF, 0xBF, 0xBF,
        0xFF, 0xFF, 0xFF, 0xFF, 0xFF, 0xFF, 0xFF, 0xFF, 0xFF, 0xFF, 0xFF, 0xFF, 0xFF, 0xFF, 0xFF, 0xFF,
        0xFF, 0xFF, 0xFF, 0xFF, 0xFF, 0xFF, 0xFF, 0xFF, 0xFF, 0xFF, 0xFF, 0xFF, 0xFF, 0xFF, 0xFF, 0xFF,
        0xFF, 0xFF, 0xFF, 0xFF, 0xF7, 0xF7, 0xF7, 0x8F, 0x8F, 0x8F, 0x7F, 0x7F, 0x7F, 0x7F, 0x7F, 0x7F,
        0x7F, 0x7F, 0x7F, 0x7F, 0x7F, 0x7F, 0x7F, 0x7F, 0x7F, 0x7F, 0x7F, 0x7F, 0x7F, 0x7F, 0x7F, 0x7F,
        0x7F, 0x7F, 0x7F, 0x7F, 0x7F, 0x7F, 0x7F, 0x7F, 0x8F, 0x8F, 0x8F, 0xF7, 0xF7, 0xF7, 0xFF, 0xFF,
        0xFF, 0xFF, 0xFF, 0xFF, 0xFF, 0xFF, 0xFF, 0xFF, 0xFF, 0xFF, 0xFF, 0xFF, 0xFF, 0xFF, 0xFF, 0xFF,
        0xFF, 0xFF, 0xFF, 0xFF, 0xFF, 0xFF, 0xFF, 0xFF, 0xFF, 0xFF, 0xFF, 0xFF, 0xFF, 0xFF, 0xFF, 0xFF,
        0xFF, 0xFF, 0xBF, 0xBF, 0xBF, 0x7F, 0x7F, 0x7F, 0x7F, 0x7F, 0x7F, 0x7F, 0x7F, 0x7F, 0x7F, 0x7F,
        0x7F, 0x7F, 0x7F, 0x7F, 0x00, 0x00, 0x7F, 0x7F, 0x7F, 0x7F, 0x7F, 0x7F, 0x7F, 0x7F, 0x7F, 0x7F,
        0x7F, 0x7F, 0x7F, 0x7F, 0x7F, 0x9F, 0x9F, 0x9F, 0xFF, 0xFF, 0xFF, 0xFF, 0xFF, 0xFF, 0xFF, 0xFF,
        0xFF, 0xFF, 0xFF, 0xFF, 0xFF, 0xFF, 0xFF, 0xFF, 0xFF, 0xFF, 0xFF, 0xFF, 0xFF, 0xFF, 0xFF, 0xFF,
        0xFF, 0xFF, 0xFF, 0xFF, 0xFF, 0xFF, 0xFF, 0xFF, 0xFF, 0xFF, 0xFF, 0xFF, 0xFF, 0xFF, 0xFF, 0xE7,
        0xE7, 0xE7, 0x7F, 0x7F, 0x7F, 0x7F, 0x7F, 0x7F, 0x7F, 0x7F, 0x7F, 0x7F, 0x7F, 0x7F, 0x7F, 0x7F,
        0x7F, 0x7F, 0x7F, 0x7F, 0x7F, 0x7F, 0x7F, 0x7F, 0x7F, 0x7F, 0x7F, 0x7F, 0x7F, 0x7F, 0x7F, 0x7F,
        0xE7, 0xE7, 0xE7, 0xFF, 0xFF, 0xFF, 0xFF, 0xFF, 0xFF, 0xFF, 0xFF, 0xFF, 0xFF, 0xFF, 0xFF, 0xFF,
        0xFF, 0xFF, 0xFF, 0xFF, 0xFF, 0xFF, 0xFF, 0xFF, 0xFF, 0xFF, 0xFF, 0xFF, 0xFF, 0xFF, 0xFF, 0xFF,
        0xFF, 0xFF, 0xFF, 0xFF, 0xFF, 0xFF, 0xFF, 0xFF, 0xFF, 0xFF, 0x9F, 0x9F, 0x9F, 0x7F, 0x7F, 0x7F,
        0x7F, 0x7F, 0x7F, 0x7F, 0x7F, 0x7F, 0x7F, 0x7F, 0x7F, 0x7F, 0x7F, 0x7F, 0x00, 0x00, 0x7F, 0x7F,
        0x7F, 0x7F, 0x7F, 0x7F, 0x7F, 0x7F, 0x7F, 0x7F, 0x7F, 0x7F, 0x7F, 0x7F, 0x7F, 0x7F, 0x7F, 0x7F,
        0xF7, 0xF7, 0xF7, 0xFF, 0xFF, 0xFF, 0xFF, 0xFF, 0xFF, 0xFF, 0xFF, 0xFF, 0xFF, 0xFF, 0xFF, 0xFF,
        0xFF, 0xFF, 0xFF, 0xFF, 0xFF, 0xFF, 0xFF, 0xFF, 0xFF, 0xFF, 0xFF, 0xFF, 0xFF, 0xFF, 0xFF, 0xFF,
        0xFF, 0xFF, 0xFF, 0xFF, 0xFF, 0xFF, 0xFF, 0xFF, 0xFF, 0xFF, 0xBF, 0xBF, 0xBF, 0x7F, 0x7F, 0x7F,
        0x7F, 0x7F, 0x7F, 0x7F, 0x7F, 0x7F, 0x7F, 0x7F, 0x7F, 0x7F, 0x7F, 0x7F, 0x7F, 0x7F, 0x7F, 0x7F,
        0x7F, 0x7F, 0x7F, 0x7F, 0x7F, 0xBF, 0xBF, 0xBF, 0xFF, 0xFF, 0xFF, 0xFF, 0xFF, 0xFF, 0xFF, 0xFF,
        0xFF, 0xFF, 0xFF, 0xFF, 0xFF, 0xFF, 0xFF, 0xFF, 0xFF, 0xFF, 0xFF, 0xFF, 0xFF, 0xFF, 0xFF, 0xFF,
        0xFF, 0xFF, 0xFF, 0xFF, 0xFF, 0xFF, 0xFF, 0xFF, 0xFF, 0xFF, 0xFF, 0xFF, 0xFF, 0xFF, 0xFF, 0xF7,
        0xF7, 0xF7, 0x7F, 0x7F, 0x7F, 0x7F, 0x7F, 0x7F, 0x7F, 0x7F, 0x7F, 0x7F, 0x7F, 0x7F, 0x7F, 0x7F,
        0x7F, 0x7F, 0x7F, 0x7F, 0x00, 0x00, 0x7F, 0x7F, 0x7F, 0x7F, 0x7F, 0x7F, 0x7F, 0x7F, 0x7F, 0x7F,
        0x7F, 0x7F, 0x7F, 0x7F, 0x7F, 0x7F, 0x7F, 0x7F, 0xCF, 0xCF, 0xCF, 0xFF, 0xFF, 0xFF, 0xFF, 0xFF,
        0xFF, 0xFF, 0xFF, 0xFF, 0xFF, 0xFF, 0xFF, 0xFF, 0xFF, 0xFF, 0xFF, 0xFF, 0xFF, 0xFF, 0xFF, 0xFF,
        0xFF, 0xFF, 0xFF, 0xFF, 0xFF, 0xFF, 0xFF, 0xFF, 0xFF, 0xFF, 0xFF, 0xFF, 0xFF, 0xFF, 0xFF, 0xFF,
        0xFF, 0xFF, 0xFF, 0xFF, 0xFF, 0x9F, 0x9F, 0x9F, 0x7F, 0x7F, 0x7F, 0x7F, 0x7F, 0x7F, 0x7F, 0x7F,
        0x7F, 0x7F, 0x7F, 0x7F, 0x7F, 0x7F, 0x7F, 0x7F, 0x7F, 0x7F, 0x9F, 0x9F, 0x9F, 0xFF, 0xFF, 0xFF,
        0xFF, 0xFF, 0xFF, 0xFF, 0xFF, 0xFF, 0xFF, 0xFF, 0xFF, 0xFF, 0xFF, 0xFF, 0xFF, 0xFF, 0xFF, 0xFF,
        0xFF, 0xFF, 0xFF, 0xFF, 0xFF, 0xFF, 0xFF, 0xFF, 0xFF, 0xFF, 0xFF, 0xFF, 0xFF, 0xFF, 0xFF, 0xFF,
        0xFF, 0xFF, 0xFF, 0xFF, 0xFF, 0xFF, 0xFF, 0xCF, 0xCF, 0xCF, 0x7F, 0x7F, 0x7F, 0x7F, 0x7F, 0x7F,
        0x7F, 0x7F, 0x7F, 0x7F, 0x7F, 0x7F, 0x7F, 0x7F, 0x7F, 0x7F, 0x7F, 0x7F, 0x00, 0x00, 0x7F, 0x7F,
        0x7F, 0x7F, 0x7F, 0x7F, 0x7F, 0x7F, 0x7F, 0x7F, 0x7F, 0x7F, 0x7F, 0x7F, 0x7F, 0x7F, 0x7F, 0x7F,
        0x8F, 0x8F, 0x8F, 0xFF, 0xFF, 0xFF, 0xFF, 0xFF, 0xFF, 0xFF, 0xFF, 0xFF, 0xFF, 0xFF, 0xFF, 0xFF,
        0xFF, 0xFF, 0xFF, 0xFF, 0xFF, 0xFF, 0xFF, 0xFF, 0xFF, 0xFF, 0xFF, 0xFF, 0xFF, 0xFF, 0xFF, 0xFF,
        0xFF, 0xFF, 0xFF, 0xFF, 0xFF, 0xFF, 0xFF, 0xFF, 0xFF, 0xFF, 0xFF, 0xFF, 0xFF, 0xEF, 0xEF, 0xEF,
        0x87, 0x87, 0x87, 0x7F, 0x7F, 0x7F, 0x7F, 0x7F, 0x7F, 0x7F, 0x7F, 0x7F, 0x7F, 0x7F, 0x7F, 0x87,
        0x87, 0x87, 0xEF, 0xEF, 0xEF, 0xFF, 0xFF, 0xFF, 0xFF, 0xFF, 0xFF, 0xFF, 0xFF, 0xFF, 0xFF, 0xFF,
        0xFF, 0xFF, 0xFF, 0xFF, 0xFF, 0xFF, 0xFF, 0xFF, 0xFF, 0xFF, 0xFF, 0xFF, 0xFF, 0xFF, 0xFF, 0xFF,
        0xFF, 0xFF, 0xFF, 0xFF, 0xFF, 0xFF, 0xFF, 0xFF, 0xFF, 0xFF, 0xFF, 0xFF, 0xFF, 0xFF, 0xFF, 0x8F,
        0x8F, 0x8F, 0x7F, 0x7F, 0x7F, 0x7F, 0x7F, 0x7F, 0x7F, 0x7F, 0x7F, 0x7F, 0x7F, 0x7F, 0x7F, 0x7F,
        0x7F, 0x7F, 0x7F, 0x7F, 0x00, 0x00, 0x7F, 0x7F, 0x7F, 0x7F, 0x7F, 0x7F, 0x7F, 0x7F, 0x7F, 0x7F,
        0x7F, 0x7F, 0x7F, 0x7F, 0x7F, 0x7F, 0x7F, 0x7F, 0x7F, 0x7F, 0x7F, 0xCF, 0xCF, 0xCF, 0xFF, 0xFF,
        0xFF, 0xFF, 0xFF, 0xFF, 0xFF, 0xFF, 0xFF, 0xFF, 0xFF, 0xFF, 0xFF, 0xFF, 0xFF, 0xFF, 0xFF, 0xFF,
        0xFF, 0xFF, 0xFF, 0xFF, 0xFF, 0xFF, 0xFF, 0xFF, 0xFF, 0xFF, 0xFF, 0xFF, 0xFF, 0xFF, 0xFF, 0xFF,
        0xFF, 0xFF, 0xFF, 0xFF, 0xFF, 0xFF, 0xFF, 0xFF, 0xD7, 0xD7, 0xD7, 0x7F, 0x7F, 0x7F, 0x7F, 0x7F,
        0x7F, 0x7F, 0x7F, 0x7F, 0x7F, 0x7F, 0x7F, 0xD7, 0xD7, 0xD7, 0xFF, 0xFF, 0xFF, 0xFF, 0xFF, 0xFF,
        0xFF, 0xFF, 0xFF, 0xFF, 0xFF, 0xFF, 0xFF, 0xFF, 0xFF, 0xFF, 0xFF, 0xFF, 0xFF, 0xFF, 0xFF, 0xFF,
        0xFF, 0xFF, 0xFF, 0xFF, 0xFF, 0xFF, 0xFF, 0xFF, 0xFF, 0xFF, 0xFF, 0xFF, 0xFF, 0xFF, 0xFF, 0xFF,
        0xFF, 0xFF, 0xFF, 0xFF, 0xCF, 0xCF, 0xCF, 0x7F, 0x7F, 0x7F, 0x7F, 0x7F, 0x7F, 0x7F, 0x7F, 0x7F,
        0x7F, 0x7F, 0x7F, 0x7F, 0x7F, 0x7F, 0x7F, 0x7F, 0x7F, 0x7F, 0x7F, 0x7F, 0x00, 0x00, 0x7F, 0x7F,
        0x7F, 0x7F, 0x7F, 0x7F, 0x7F, 0x7F, 0x7F, 0x7F, 0x7F, 0x7F, 0x7F, 0x7F, 0x7F, 0x7F, 0x7F, 0x7F,
        0x7F, 0x7F, 0x7F, 0x8F, 0x8F, 0x8F, 0xF7, 0xF7, 0xF7, 0xFF, 0xFF, 0xFF, 0xFF, 0xFF, 0xFF, 0xFF,
        0xFF, 0xFF, 0xFF, 0xFF, 0xFF, 0xFF, 0xFF, 0xFF, 0xFF, 0xFF, 0xFF, 0xFF, 0xFF, 0xFF, 0xFF, 0xFF,
        0xFF, 0xFF, 0xFF, 0xFF, 0xFF, 0xFF, 0xFF, 0xFF, 0xFF, 0xFF, 0xFF, 0xFF, 0xFF, 0xFF, 0xFF, 0xFF,
        0xFF, 0xFF, 0xFF, 0xAF, 0xAF, 0xAF, 0x7F, 0x7F, 0x7F, 0x7F, 0x7F, 0x7F, 0xAF, 0xAF, 0xAF, 0xFF,
        0xFF, 0xFF, 0xFF, 0xFF, 0xFF, 0xFF, 0xFF, 0xFF, 0xFF, 0xFF, 0xFF, 0xFF, 0xFF, 0xFF, 0xFF, 0xFF,
        0xFF, 0xFF, 0xFF, 0xFF, 0xFF, 0xFF, 0xFF, 0xFF, 0xFF, 0xFF, 0xFF, 0xFF, 0xFF, 0xFF, 0xFF, 0xFF,
        0xFF, 0xFF, 0xFF, 0xFF, 0xFF, 0xFF, 0xFF, 0xFF, 0xFF, 0xF7, 0xF7, 0xF7, 0x8F, 0x8F, 0x8F, 0x7F,
        0x7F, 0x7F, 0x7F, 0x7F, 0x7F, 0x7F, 0x7F, 0x7F, 0x7F, 0x7F, 0x7F, 0x7F, 0x7F, 0x7F, 0x7F, 0x7F,
        0x7F, 0x7F, 0x7F, 0x7F, 0x26, 0x00, 0x7F, 0x7F, 0x7F, 0x7F, 0x7F, 0x7F, 0x7F, 0x7F, 0x7F, 0x7F,
        0x7F, 0x7F, 0x7F, 0x7F, 0x7F, 0x7F, 0x7F, 0x7F, 0x7F, 0x7F, 0x7F, 0x7F, 0x7F, 0x7F, 0xB7, 0xB7,
        0xB7, 0xFF, 0xFF, 0xFF, 0xFF, 0xFF, 0xFF, 0xFF, 0xFF, 0xFF, 0xFF, 0xFF, 0xFF, 0xFF, 0xFF, 0xFF,
        0xFF, 0xFF, 0xFF, 0xFF, 0xFF, 0xFF, 0xFF, 0xFF, 0xFF, 0xFF, 0xFF, 0xFF, 0xFF, 0xFF, 0xFF, 0xFF,
        0xFF, 0xFF, 0xFF, 0xFF, 0xFF, 0xFF, 0xFF, 0xFF, 0xFF, 0xFF, 0xFF, 0xF7, 0xF7, 0xF7, 0x97, 0x97,
        0x97, 0x97, 0x97, 0x97, 0xF7, 0xF7, 0xF7, 0xFF, 0xFF, 0xFF, 0xFF, 0xFF, 0xFF, 0xFF, 0xFF, 0xFF,
        0xFF, 0xFF, 0xFF, 0xFF, 0xFF, 0xFF, 0xFF, 0xFF, 0xFF, 0xFF, 0xFF, 0xFF, 0xFF, 0xFF, 0xFF, 0xFF,
        0xFF, 0xFF, 0xFF, 0xFF, 0xFF, 0xFF, 0xFF, 0xFF, 0xFF, 0xFF, 0xFF, 0xFF, 0xFF, 0xFF, 0xFF, 0xFF,
        0xFF, 0xB7, 0xB7, 0xB7, 0x7F, 0x7F, 0x7F, 0x7F, 0x7F, 0x7F, 0x7F, 0x7F, 0x7F, 0x7F, 0x7F, 0x7F,
        0x7F, 0x7F, 0x7F, 0x7F, 0x7F, 0x7F, 0x7F, 0x7F, 0x7F, 0x7F, 0x7F, 0x7F, 0x22, 0x00, 0x7F, 0x7F,
        0x7F, 0x7F, 0x7F, 0x7F, 0x7F, 0x7F, 0x7F, 0x7F, 0x7F, 0x7F, 0x7F, 0x7F, 0x7F, 0x7F, 0x7F, 0x7F,
        0x7F, 0x7F, 0x7F, 0x7F, 0x7F, 0x7F, 0x7F, 0x7F, 0x7F, 0xCF, 0xCF, 0xCF, 0xFF, 0xFF, 0xFF, 0xFF,
        0xFF, 0xFF, 0xFF, 0xFF, 0xFF, 0xFF, 0xFF, 0xFF, 0xFF, 0xFF, 0xFF, 0xFF, 0xFF, 0xFF, 0xFF, 0xFF,
        0xFF, 0xFF, 0xFF, 0xFF, 0xFF, 0xFF, 0xFF, 0xFF, 0xFF, 0xFF, 0xFF, 0xFF, 0xFF, 0xFF, 0xFF, 0xFF,
        0xFF, 0xFF, 0xFF, 0xFF, 0xFF, 0xFF, 0xE7, 0xE7, 0xE7, 0xE7, 0xE7, 0xE7, 0xFF, 0xFF, 0xFF, 0xFF,
        0xFF, 0xFF, 0xFF, 0xFF, 0xFF, 0xFF, 0xFF, 0xFF, 0xFF, 0xFF, 0xFF, 0xFF, 0xFF, 0xFF, 0xFF, 0xFF,
        0xFF, 0xFF, 0xFF, 0xFF, 0xFF, 0xFF, 0xFF, 0xFF, 0xFF, 0xFF, 0xFF, 0xFF, 0xFF, 0xFF, 0xFF, 0xFF,
        0xFF, 0xFF, 0xFF, 0xFF, 0xFF, 0xFF, 0xCF, 0xCF, 0xCF, 0x7F, 0x7F, 0x7F, 0x7F, 0x7F, 0x7F, 0x7F,
        0x7F, 0x7F, 0x7F, 0x7F, 0x7F, 0x7F, 0x7F, 0x7F, 0x7F, 0x7F, 0x7F, 0x7F, 0x7F, 0x7F, 0x7F, 0x7F,
        0x7F, 0x7F, 0x7F, 0x7F, 0x0A, 0x00, 0x7F, 0x7F, 0x7F, 0x7F, 0x7F, 0x7F, 0x7F, 0x7F, 0x7F, 0x7F,
        0x7F, 0x7F, 0x7F, 0x7F, 0x7F, 0x7F, 0x7F, 0x7F, 0x7F, 0x7F, 0x7F, 0x7F, 0x7F, 0x7F, 0x7F, 0x7F,
        0x7F, 0x87, 0x87, 0x87, 0xE7, 0xE7, 0xE7, 0xFF, 0xFF, 0xFF, 0xFF, 0xFF, 0xFF, 0xFF, 0xFF, 0xFF,
        0xFF, 0xFF, 0xFF, 0xFF, 0xFF, 0xFF, 0xFF, 0xFF, 0xFF, 0xFF, 0xFF, 0xFF, 0xFF, 0xFF, 0xFF, 0xFF,
        0xFF, 0xFF, 0xFF, 0xFF, 0xFF, 0xFF, 0xFF, 0xFF, 0xFF, 0xFF, 0xFF, 0xFF, 0xFF, 0xFF, 0xFF, 0xFF,
        0xFF, 0xFF, 0xFF, 0xFF, 0xFF, 0xFF, 0xFF, 0xFF, 0xFF, 0xFF, 0xFF, 0xFF, 0xFF, 0xFF, 0xFF, 0xFF,
        0xFF, 0xFF, 0xFF, 0xFF, 0xFF, 0xFF, 0xFF, 0xFF, 0xFF, 0xFF, 0xFF, 0xFF, 0xFF, 0xFF, 0xFF, 0xFF,
        0xFF, 0xFF, 0xFF, 0xFF, 0xFF, 0xFF, 0xFF, 0xFF, 0xFF, 0xFF, 0xFF, 0xE7, 0xE7, 0xE7, 0x87, 0x87,
        0x87, 0x7F, 0x7F, 0x7F, 0x7F, 0x7F, 0x7F, 0x7F, 0x7F, 0x7F, 0x7F, 0x7F, 0x7F, 0x7F, 0x7F, 0x7F,
        0x7F, 0x7F, 0x7F, 0x7F, 0x7F, 0x7F, 0x7F, 0x7F, 0x7F, 0x7F, 0x7F, 0x7F, 0x64, 0x00, 0x7F, 0x7F,
        0x7F, 0x7F, 0x7F, 0x7F, 0x7F, 0x7F, 0x7F, 0x7F, 0x7F, 0x7F, 0x7F, 0x7F, 0x7F, 0x7F, 0x7F, 0x7F,
        0x7F, 0x7F, 0x7F, 0x7F, 0x7F, 0x7F, 0x7F, 0x7F, 0x7F, 0x7F, 0x7F, 0x7F, 0x87, 0x87, 0x87, 0xE7,
        0xE7, 0xE7, 0xFF, 0xFF, 0xFF, 0xFF, 0xFF, 0xFF, 0xFF, 0xFF, 0xFF, 0xFF, 0xFF, 0xFF, 0xFF, 0xFF,
        0xFF, 0xFF, 0xFF, 0xFF, 0xFF, 0xFF, 0xFF, 0xFF, 0xFF, 0xFF, 0xFF, 0xFF, 0xFF, 0xFF, 0xFF, 0xFF,
        0xFF, 0xFF, 0xFF, 0xFF, 0xFF, 0xFF, 0xFF, 0xFF, 0xFF, 0xFF, 0xFF, 0xFF, 0xFF, 0xFF, 0xFF, 0xFF,
        0xFF, 0xFF, 0xFF, 0xFF, 0xFF, 0xFF, 0xFF, 0xFF, 0xFF, 0xFF, 0xFF, 0xFF, 0xFF, 0xFF, 0xFF, 0xFF,
        0xFF, 0xFF, 0xFF, 0xFF, 0xFF, 0xFF, 0xFF, 0xFF, 0xFF, 0xFF, 0xFF, 0xFF, 0xFF, 0xFF, 0xFF, 0xFF,
        0xE7, 0xE7, 0xE7, 0x87, 0x87, 0x87, 0x7F, 0x7F, 0x7F, 0x7F, 0x7F, 0x7F, 0x7F, 0x7F, 0x7F, 0x7F,
        0x7F, 0x7F, 0x7F, 0x7F, 0x7F, 0x7F, 0x7F, 0x7F, 0x7F, 0x7F, 0x7F, 0x7F, 0x7F, 0x7F, 0x7F, 0x7F,
        0x7F, 0x7F, 0x7F, 0x7F, 0x65, 0x00, 0x7F, 0x7F, 0x7F, 0x7F, 0x7F, 0x7F, 0x7F, 0x7F, 0x7F, 0x7F,
        0x7F, 0x7F, 0x7F, 0x7F, 0x7F, 0x7F, 0x7F, 0x7F, 0x7F, 0x7F, 0x7F, 0x7F, 0x7F, 0x7F, 0x7F, 0x7F,
        0x7F, 0x7F, 0x7F, 0x7F, 0x7F, 0x7F, 0x7F, 0x87, 0x87, 0x87, 0xCF, 0xCF, 0xCF, 0xFF, 0xFF, 0xFF,
        0xFF, 0xFF, 0xFF, 0xFF, 0xFF, 0xFF, 0xFF, 0xFF, 0xFF, 0xFF, 0xFF, 0xFF, 0xFF, 0xFF, 0xFF, 0xFF,
        0xFF, 0xFF, 0xFF, 0xFF, 0xFF, 0xFF, 0xFF, 0xFF, 0xFF, 0xFF, 0xFF, 0xFF, 0xFF, 0xFF, 0xFF, 0xFF,
        0xFF, 0xFF, 0xFF, 0xFF, 0xFF, 0xFF, 0xFF, 0xFF, 0xFF, 0xFF, 0xFF, 0xFF, 0xFF, 0xFF, 0xFF, 0xFF,
        0xFF, 0xFF, 0xFF, 0xFF, 0xFF, 0xFF, 0xFF, 0xFF, 0xFF, 0xFF, 0xFF, 0xFF, 0xFF, 0xFF, 0xFF, 0xFF,
        0xFF, 0xFF, 0xFF, 0xFF, 0xFF, 0xCF, 0xCF, 0xCF, 0x87, 0x87, 0x87, 0x7F, 0x7F, 0x7F, 0x7F, 0x7F,
        0x7F, 0x7F, 0x7F, 0x7F, 0x7F, 0x7F, 0x7F, 0x7F, 0x7F, 0x7F, 0x7F, 0x7F, 0x7F, 0x7F, 0x7F, 0x7F,
        0x7F, 0x7F, 0x7F, 0x7F, 0x7F, 0x7F, 0x7F, 0x7F, 0x7F, 0x7F, 0x7F, 0x7F, 0x20, 0x00, 0x7F, 0x7F,
        0x7F, 0x7F, 0x7F, 0x7F, 0x7F, 0x7F, 0x7F, 0x7F, 0x7F, 0x7F, 0x7F, 0x7F, 0x7F, 0x7F, 0x7F, 0x7F,
        0x7F, 0x7F, 0x7F, 0x7F, 0x7F, 0x7F, 0x7F, 0x7F, 0x7F, 0x7F, 0x7F, 0x7F, 0x7F, 0x7F, 0x7F, 0x7F,
        0x7F, 0x7F, 0x7F, 0x7F, 0x7F, 0xB7, 0xB7, 0xB7, 0xF7, 0xF7, 0xF7, 0xFF, 0xFF, 0xFF, 0xFF, 0xFF,
        0xFF, 0xFF, 0xFF, 0xFF, 0xFF, 0xFF, 0xFF, 0xFF, 0xFF, 0xFF, 0xFF, 0xFF, 0xFF, 0xFF, 0xFF, 0xFF,
        0xFF, 0xFF, 0xFF, 0xFF, 0xFF, 0xFF, 0xFF, 0xFF, 0xFF, 0xFF, 0xFF, 0xFF, 0xFF, 0xFF, 0xFF, 0xFF,
        0xFF, 0xFF, 0xFF, 0xFF, 0xFF, 0xFF, 0xFF, 0xFF, 0xFF, 0xFF, 0xFF, 0xFF, 0xFF, 0xFF, 0xFF, 0xFF,
        0xFF, 0xFF, 0xFF, 0xFF, 0xFF, 0xFF, 0xFF, 0xF7, 0xF7, 0xF7, 0xB7, 0xB7, 0xB7, 0x7F, 0x7F, 0x7F,
        0x7F, 0x7F, 0x7F, 0x7F, 0x7F, 0x7F, 0x7F, 0x7F, 0x7F, 0x7F, 0x7F, 0x7F, 0x7F, 0x7F, 0x7F, 0x7F,
        0x7F, 0x7F, 0x7F, 0x7F, 0x7F, 0x7F, 0x7F, 0x7F, 0x7F, 0x7F, 0x7F, 0x7F, 0x7F, 0x7F, 0x7F, 0x7F,
        0x7F, 0x7F, 0x7F, 0x7F, 0x0D, 0x00, 0x7F, 0x7F, 0x7F, 0x7F, 0x7F, 0x7F, 0x7F, 0x7F, 0x7F, 0x7F,
        0x7F, 0x7F, 0x7F, 0x7F, 0x7F, 0x7F, 0x7F, 0x7F, 0x7F, 0x7F, 0x7F, 0x7F, 0x7F, 0x7F, 0x7F, 0x7F,
        0x7F, 0x7F, 0x7F, 0x7F, 0x7F, 0x7F, 0x7F, 0x7F, 0x7F, 0x7F, 0x7F, 0x7F, 0x7F, 0x7F, 0x7F, 0x7F,
        0x8F, 0x8F, 0x8F, 0xCF, 0xCF, 0xCF, 0xFF, 0xFF, 0xFF, 0xFF, 0xFF, 0xFF, 0xFF, 0xFF, 0xFF, 0xFF,
        0xFF, 0xFF, 0xFF, 0xFF, 0xFF, 0xFF, 0xFF, 0xFF, 0xFF, 0xFF, 0xFF, 0xFF, 0xFF, 0xFF, 0xFF, 0xFF,
        0xFF, 0xFF, 0xFF, 0xFF, 0xFF, 0xFF, 0xFF, 0xFF, 0xFF, 0xFF, 0xFF, 0xFF, 0xFF, 0xFF, 0xFF, 0xFF,
        0xFF, 0xFF, 0xFF, 0xFF, 0xFF, 0xFF, 0xFF, 0xFF, 0xFF, 0xFF, 0xFF, 0xFF, 0xCF, 0xCF, 0xCF, 0x8F,
        0x8F, 0x8F, 0x7F, 0x7F, 0x7F, 0x7F, 0x7F, 0x7F, 0x7F, 0x7F, 0x7F, 0x7F, 0x7F, 0x7F, 0x7F, 0x7F,
        0x7F, 0x7F, 0x7F, 0x7F, 0x7F, 0x7F, 0x7F, 0x7F, 0x7F, 0x7F, 0x7F, 0x7F, 0x7F, 0x7F, 0x7F, 0x7F,
        0x7F, 0x7F, 0x7F, 0x7F, 0x7F, 0x7F, 0x7F, 0x7F, 0x7F, 0x7F, 0x7F, 0x7F, 0x66, 0x76, 0x7F, 0x7F,
        0x7F, 0x7F, 0x7F, 0x7F, 0x7F, 0x7F, 0x7F, 0x7F, 0x7F, 0x7F, 0x7F, 0x7F, 0x7F, 0x7F, 0x7F, 0x7F,
        0x7F, 0x7F, 0x7F, 0x7F, 0x7F, 0x7F, 0x7F, 0x7F, 0x7F, 0x7F, 0x7F, 0x7F, 0x7F, 0x7F, 0x7F, 0x7F,
        0x7F, 0x7F, 0x7F, 0x7F, 0x7F, 0x7F, 0x7F, 0x7F, 0x7F, 0x7F, 0x7F, 0x7F, 0x7F, 0x7F, 0x8F, 0x8F,
        0x8F, 0xCF, 0xCF, 0xCF, 0xF7, 0xF7, 0xF7, 0xFF, 0xFF, 0xFF, 0xFF, 0xFF, 0xFF, 0xFF, 0xFF, 0xFF,
        0xFF, 0xFF, 0xFF, 0xFF, 0xFF, 0xFF, 0xFF, 0xFF, 0xFF, 0xFF, 0xFF, 0xFF, 0xFF, 0xFF, 0xFF, 0xFF,
        0xFF, 0xFF, 0xFF, 0xFF, 0xFF, 0xFF, 0xFF, 0xFF, 0xFF, 0xFF, 0xFF, 0xF7, 0xF7, 0xF7, 0xCF, 0xCF,
        0xCF, 0x8F, 0x8F, 0x8F, 0x7F, 0x7F, 0x7F, 0x7F, 0x7F, 0x7F, 0x7F, 0x7F, 0x7F, 0x7F, 0x7F, 0x7F,
        0x7F, 0x7F, 0x7F, 0x7F, 0x7F, 0x7F, 0x7F, 0x7F, 0x7F, 0x7F, 0x7F, 0x7F, 0x7F, 0x7F, 0x7F, 0x7F,
        0x7F, 0x7F, 0x7F, 0x7F, 0x7F, 0x7F, 0x7F, 0x7F, 0x7F, 0x7F, 0x7F, 0x7F, 0x7F, 0x7F, 0x7F, 0x7F,
        0x7F, 0x7F, 0x7F, 0x7F, 0x00, 0x80, 0x7F, 0x7F, 0x7F, 0x7F, 0x7F, 0x7F, 0x7F, 0x7F, 0x7F, 0x7F,
        0x7F, 0x7F, 0x7F, 0x7F, 0x7F, 0x7F, 0x7F, 0x7F, 0x7F, 0x7F, 0x7F, 0x7F, 0x7F, 0x7F, 0x7F, 0x7F,
        0x7F, 0x7F, 0x7F, 0x7F, 0x7F, 0x7F, 0x7F, 0x7F, 0x7F, 0x7F, 0x7F, 0x7F, 0x7F, 0x7F, 0x7F, 0x7F,
        0x7F, 0x7F, 0x7F, 0x7F, 0x7F, 0x7F, 0x7F, 0x7F, 0x7F, 0x7F, 0x7F, 0x7F, 0x7F, 0x7F, 0x7F, 0x9F,
        0x9F, 0x9F, 0xBF, 0xBF, 0xBF, 0xDF, 0xDF, 0xDF, 0xE7, 0xE7, 0xE7, 0xFF, 0xFF, 0xFF, 0xFF, 0xFF,
        0xFF, 0xFF, 0xFF, 0xFF, 0xFF, 0xFF, 0xFF, 0xE7, 0xE7, 0xE7, 0xDF, 0xDF, 0xDF, 0xBF, 0xBF, 0xBF,
        0x9F, 0x9F, 0x9F, 0x7F, 0x7F, 0x7F, 0x7F, 0x7F, 0x7F, 0x7F, 0x7F, 0x7F, 0x7F, 0x7F, 0x7F, 0x7F,
        0x7F, 0x7F, 0x7F, 0x7F, 0x7F, 0x7F, 0x7F, 0x7F, 0x7F, 0x7F, 0x7F, 0x7F, 0x7F, 0x7F, 0x7F, 0x7F,
        0x7F, 0x7F, 0x7F, 0x7F, 0x7F, 0x7F, 0x7F, 0x7F, 0x7F, 0x7F, 0x7F, 0x7F, 0x7F, 0x7F, 0x7F, 0x7F,
        0x7F, 0x7F, 0x7F, 0x7F, 0x7F, 0x7F, 0x7F, 0x7F, 0x7F, 0x7F, 0x7F, 0x7F, 0x00, 0x00, 0x7F, 0x7F,
        0x7F, 0x7F, 0x7F, 0x7F, 0x7F, 0x7F, 0x7F, 0x7F, 0x7F, 0x7F, 0x7F, 0x7F, 0x7F, 0x7F, 0x7F, 0x7F,
        0x7F, 0x7F, 0x7F, 0x7F, 0x7F, 0x7F, 0x7F, 0x7F, 0x7F, 0x7F, 0x7F, 0x7F, 0x7F, 0x7F, 0x7F, 0x7F,
        0x7F, 0x7F, 0x7F, 0x7F, 0x7F, 0x7F, 0x7F, 0x7F, 0x7F, 0x7F, 0x7F, 0x7F, 0x7F, 0x7F, 0x7F, 0x7F,
        0x7F, 0x7F, 0x7F, 0x7F, 0x7F, 0x7F, 0x7F, 0x7F, 0x7F, 0x7F, 0x7F, 0x7F, 0x7F, 0x7F, 0x7F, 0x7F,
        0x7F, 0x7F, 0x7F, 0x7F, 0x7F, 0x7F, 0x7F, 0x7F, 0x7F, 0x7F, 0x7F, 0x7F, 0x7F, 0x7F, 0x7F, 0x7F,
        0x7F, 0x7F, 0x7F, 0x7F, 0x7F, 0x7F, 0x7F, 0x7F, 0x7F, 0x7F, 0x7F, 0x7F, 0x7F, 0x7F, 0x7F, 0x7F,
        0x7F, 0x7F, 0x7F, 0x7F, 0x7F, 0x7F, 0x7F, 0x7F, 0x7F, 0x7F, 0x7F, 0x7F, 0x7F, 0x7F, 0x7F, 0x7F,
        0x7F, 0x7F, 0x7F, 0x7F, 0x7F, 0x7F, 0x7F, 0x7F, 0x7F, 0x7F, 0x7F, 0x7F, 0x7F, 0x7F, 0x7F, 0x7F,
        0x7F, 0x7F, 0x7F, 0x7F, 0x7F, 0x7F, 0x7F, 0x7F, 0x7F, 0x7F, 0x7F, 0x7F, 0x7F, 0x7F, 0x7F, 0x7F,
        0x7F, 0x7F, 0x7F, 0x7F, 0x00, 0x00, 0x7F, 0x7F, 0x7F, 0x7F, 0x7F, 0x7F, 0x7F, 0x7F, 0x7F, 0x7F,
        0x7F, 0x7F, 0x7F, 0x7F, 0x7F, 0x7F, 0x7F, 0x7F, 0x7F, 0x7F, 0x7F, 0x7F, 0x7F, 0x7F, 0x7F, 0x7F,
        0x7F, 0x7F, 0x7F, 0x7F, 0x7F, 0x7F, 0x7F, 0x7F, 0x7F, 0x7F, 0x7F, 0x7F, 0x7F, 0x7F, 0x7F, 0x7F,
        0x7F, 0x7F, 0x7F, 0x7F, 0x7F, 0x7F, 0x7F, 0x7F, 0x7F, 0x7F, 0x7F, 0x7F, 0x7F, 0x7F, 0x7F, 0x7F,
        0x7F, 0x7F, 0x7F, 0x7F, 0x7F, 0x7F, 0x7F, 0x7F, 0x7F, 0x7F, 0x7F, 0x7F, 0x7F, 0x7F, 0x7F, 0x7F,
        0x7F, 0x7F, 0x7F, 0x7F, 0x7F, 0x7F, 0x7F, 0x7F, 0x7F, 0x7F, 0x7F, 0x7F, 0x7F, 0x7F, 0x7F, 0x7F,
        0x7F, 0x7F, 0x7F, 0x7F, 0x7F, 0x7F, 0x7F, 0x7F, 0x7F, 0x7F, 0x7F, 0x7F, 0x7F, 0x7F, 0x7F, 0x7F,
        0x7F, 0x7F, 0x7F, 0x7F, 0x7F, 0x7F, 0x7F, 0x7F, 0x7F, 0x7F, 0x7F, 0x7F, 0x7F, 0x7F, 0x7F, 0x7F,
        0x7F, 0x7F, 0x7F, 0x7F, 0x7F, 0x7F, 0x7F, 0x7F, 0x7F, 0x7F, 0x7F, 0x7F, 0x7F, 0x7F, 0x7F, 0x7F,
        0x7F, 0x7F, 0x7F, 0x7F, 0x7F, 0x7F, 0x7F, 0x7F, 0x7F, 0x7F, 0x7F, 0x7F, 0x00, 0x00, 0x7F, 0x7F,
        0x7F, 0x7F, 0x7F, 0x7F, 0x7F, 0x7F, 0x7F, 0x7F, 0x7F, 0x7F, 0x7F, 0x7F, 0x7F, 0x7F, 0x7F, 0x7F,
        0x7F, 0x7F, 0x7F, 0x7F, 0x7F, 0x7F, 0x7F, 0x7F, 0x7F, 0x7F, 0x7F, 0x7F, 0x7F, 0x7F, 0x7F, 0x7F,
        0x7F, 0x7F, 0x7F, 0x7F, 0x7F, 0x7F, 0x7F, 0x7F, 0x7F, 0x7F, 0x7F, 0x7F, 0x7F, 0x7F, 0x7F, 0x7F,
        0x7F, 0x7F, 0x7F, 0x7F, 0x7F, 0x7F, 0x7F, 0x7F, 0x7F, 0x7F, 0x7F, 0x7F, 0x7F, 0x7F, 0x7F, 0x7F,
        0x7F, 0x7F, 0x7F, 0x7F, 0x7F, 0x7F, 0x7F, 0x7F, 0x7F, 0x7F, 0x7F, 0x7F, 0x7F, 0x7F, 0x7F, 0x7F,
        0x7F, 0x7F, 0x7F, 0x7F, 0x7F, 0x7F, 0x7F, 0x7F, 0x7F, 0x7F, 0x7F, 0x7F, 0x7F, 0x7F, 0x7F, 0x7F,
        0x7F, 0x7F, 0x7F, 0x7F, 0x7F, 0x7F, 0x7F, 0x7F, 0x7F, 0x7F, 0x7F, 0x7F, 0x7F, 0x7F, 0x7F, 0x7F,
        0x7F, 0x7F, 0x7F, 0x7F, 0x7F, 0x7F, 0x7F, 0x7F, 0x7F, 0x7F, 0x7F, 0x7F, 0x7F, 0x7F, 0x7F, 0x7F,
        0x7F, 0x7F, 0x7F, 0x7F, 0x7F, 0x7F, 0x7F, 0x7F, 0x7F, 0x7F, 0x7F, 0x7F, 0x7F, 0x7F, 0x7F, 0x7F,
        0x7F, 0x7F, 0x7F, 0x7F, 0x46, 0x00, 0x7F, 0x7F, 0x7F, 0x7F, 0x7F, 0x7F, 0x7F, 0x7F, 0x7F, 0x7F,
        0x7F, 0x7F, 0x7F, 0x7F, 0x7F, 0x7F, 0x7F, 0x7F, 0x7F, 0x7F, 0x7F, 0x7F, 0x7F, 0x7F, 0x7F, 0x7F,
        0x7F, 0x7F, 0x7F, 0x7F, 0x7F, 0x7F, 0x7F, 0x7F, 0x7F, 0x7F, 0x7F, 0x7F, 0x7F, 0x7F, 0x7F, 0x7F,
        0x7F, 0x7F, 0x7F, 0x7F, 0x7F, 0x7F, 0x7F, 0x7F, 0x7F, 0x7F, 0x7F, 0x7F, 0x7F, 0x7F, 0x7F, 0x7F,
        0x7F, 0x7F, 0x7F, 0x7F, 0x7F, 0x7F, 0x7F, 0x7F, 0x7F, 0x7F, 0x7F, 0x7F, 0x7F, 0x7F, 0x7F, 0x7F,
        0x7F, 0x7F, 0x7F, 0x7F, 0x7F, 0x7F, 0x7F, 0x7F, 0x7F, 0x7F, 0x7F, 0x7F, 0x7F, 0x7F, 0x7F, 0x7F,
        0x7F, 0x7F, 0x7F, 0x7F, 0x7F, 0x7F, 0x7F, 0x7F, 0x7F, 0x7F, 0x7F, 0x7F, 0x7F, 0x7F, 0x7F, 0x7F,
        0x7F, 0x7F, 0x7F, 0x7F, 0x7F, 0x7F, 0x7F, 0x7F, 0x7F, 0x7F, 0x7F, 0x7F, 0x7F, 0x7F, 0x7F, 0x7F,
        0x7F, 0x7F, 0x7F, 0x7F, 0x7F, 0x7F, 0x7F, 0x7F, 0x7F, 0x7F, 0x7F, 0x7F, 0x7F, 0x7F, 0x7F, 0x7F,
        0x7F, 0x7F, 0x7F, 0x7F, 0x7F, 0x7F, 0x7F, 0x7F, 0x7F, 0x7F, 0x7F, 0x7F, 0x36, 0x00, 0x7F, 0x7F,
        0x7F, 0x7F, 0x7F, 0x7F, 0x7F, 0x7F, 0x7F, 0x7F, 0x7F, 0x7F, 0x7F, 0x7F, 0x7F, 0x7F, 0x7F, 0x7F,
        0x7F, 0x7F, 0x7F, 0x7F, 0x7F, 0x7F, 0x7F, 0x7F, 0x7F, 0x7F, 0x7F, 0x7F, 0x7F, 0x7F, 0x7F, 0x7F,
        0x7F, 0x7F, 0x7F, 0x7F, 0x7F, 0x7F, 0x7F, 0x7F, 0x7F, 0x7F, 0x7F, 0x7F, 0x7F, 0x7F, 0x7F, 0x7F,
        0x7F, 0x7F, 0x7F, 0x7F, 0x7F, 0x7F, 0x7F, 0x7F, 0x7F, 0x7F, 0x7F, 0x7F, 0x7F, 0x7F, 0x7F, 0x7F,
        0x7F, 0x7F, 0x7F, 0x7F, 0x7F, 0x7F, 0x7F, 0x7F, 0x7F, 0x7F, 0x7F, 0x7F, 0x7F, 0x7F, 0x7F, 0x7F,
        0x7F, 0x7F, 0x7F, 0x7F, 0x7F, 0x7F, 0x7F, 0x7F, 0x7F, 0x7F, 0x7F, 0x7F, 0x7F, 0x7F, 0x7F, 0x7F,
        0x7F, 0x7F, 0x7F, 0x7F, 0x7F, 0x7F, 0x7F, 0x7F, 0x7F, 0x7F, 0x7F, 0x7F, 0x7F, 0x7F, 0x7F, 0x7F,
        0x7F, 0x7F, 0x7F, 0x7F, 0x7F, 0x7F, 0x7F, 0x7F, 0x7F, 0x7F, 0x7F, 0x7F, 0x7F, 0x7F, 0x7F, 0x7F,
        0x7F, 0x7F, 0x7F, 0x7F, 0x7F, 0x7F, 0x7F, 0x7F, 0x7F, 0x7F, 0x7F, 0x7F, 0x7F, 0x7F, 0x7F, 0x7F,
        0x7F, 0x7F, 0x7F, 0x7F, 0x00, 0x00, 0x00, 0x00
};

PROGMEM uint8_t SoundWaveIcon_90x90[] = {
        0x42, 0x4D, 0xD8, 0x5F, 0x00, 0x00, 0x00, 0x00, 0x00, 0x00, 0x36, 0x00, 0x00, 0x00, 0x28, 0x00,
        0x00, 0x00, 0x5A, 0x00, 0x00, 0x00, 0xA6, 0xFF, 0xFF, 0xFF, 0x01, 0x00, 0x18, 0x00, 0x00, 0x00,
        0x00, 0x00, 0xA2, 0x5F, 0x00, 0x00, 0x23, 0x2E, 0x00, 0x00, 0x23, 0x2E, 0x00, 0x00, 0x00, 0x00,
        0x00, 0x00, 0x00, 0x00, 0x00, 0x00, 0x00, 0x00, 0x00, 0x00, 0x00, 0x00, 0x00, 0x00, 0x00, 0x00,
        0x00, 0x00, 0x00, 0x00, 0x00, 0x00, 0x00, 0x00, 0x00, 0x00, 0x00, 0x00, 0x00, 0x00, 0x00, 0x00,
        0x00, 0x00, 0x00, 0x00, 0x00, 0x00, 0x00, 0x00, 0x00, 0x00, 0x00, 0x00, 0x00, 0x00, 0x00, 0x00,
        0x00, 0x00, 0x00, 0x00, 0x00, 0x00, 0x00, 0x00, 0x00, 0x00, 0x00, 0x00, 0x00, 0x00, 0x00, 0x00,
        0x00, 0x00, 0x00, 0x00, 0x00, 0x00, 0x00, 0x00, 0x00, 0x00, 0x00, 0x00, 0x00, 0x00, 0x00, 0x00,
        0x00, 0x00, 0x00, 0x00, 0x00, 0x00, 0x00, 0x00, 0x00, 0x00, 0x00, 0x00, 0x00, 0x00, 0x00, 0x00,
        0x00, 0x00, 0x00, 0x00, 0x00, 0x00, 0x00, 0x00, 0x00, 0x00, 0x00, 0x00, 0x00, 0x00, 0x00, 0x00,
        0x00, 0x00, 0x00, 0x00, 0x00, 0x00, 0x00, 0x00, 0x00, 0x00, 0x00, 0x00, 0x00, 0x00, 0x00, 0x00,
        0x00, 0x00, 0x00, 0x00, 0x00, 0x00, 0x00, 0x00, 0x00, 0x00, 0x00, 0x00, 0x00, 0x00, 0x00, 0x00,
        0x00, 0x00, 0x00, 0x00, 0x00, 0x00, 0x00, 0x00, 0x00, 0x00, 0x00, 0x00, 0x00, 0x00, 0x00, 0x00,
        0x00, 0x00, 0x00, 0x00, 0x00, 0x00, 0x00, 0x00, 0x00, 0x00, 0x00, 0x00, 0x00, 0x00, 0x00, 0x00,
        0x00, 0x00, 0x00, 0x00, 0x00, 0x00, 0x00, 0x00, 0x00, 0x00, 0x00, 0x00, 0x00, 0x00, 0x00, 0x00,
        0x00, 0x00, 0x00, 0x00, 0x00, 0x00, 0x00, 0x00, 0x00, 0x00, 0x00, 0x00, 0x00, 0x00, 0x00, 0x00,
        0x00, 0x00, 0x00, 0x00, 0x00, 0x00, 0x00, 0x00, 0x00, 0x00, 0x00, 0x00, 0x00, 0x00, 0x00, 0x00,
        0x00, 0x00, 0x00, 0x00, 0x00, 0x00, 0x00, 0x00, 0x00, 0x00, 0x00, 0x00, 0x00, 0x00, 0x00, 0x00,
        0x00, 0x00, 0x00, 0x00, 0x00, 0x00, 0x00, 0x00, 0x00, 0x00, 0x00, 0x00, 0x00, 0x00, 0x00, 0x00,
        0x00, 0x00, 0x00, 0x00, 0x00, 0x00, 0x00, 0x00, 0x00, 0x00, 0x00, 0x00, 0x00, 0x00, 0x00, 0x00,
        0x00, 0x00, 0x00, 0x00, 0x09, 0xBE, 0x00, 0x00, 0x00, 0x00, 0x00, 0x00, 0x00, 0x00, 0x00, 0x00,
        0x00, 0x00, 0x00, 0x00, 0x00, 0x00, 0x00, 0x00, 0x00, 0x00, 0x00, 0x00, 0x00, 0x00, 0x00, 0x00,
        0x00, 0x00, 0x00, 0x00, 0x00, 0x00, 0x00, 0x00, 0x00, 0x00, 0x00, 0x00, 0x00, 0x00, 0x00, 0x00,
        0x00, 0x00, 0x00, 0x00, 0x00, 0x00, 0x00, 0x00, 0x00, 0x00, 0x00, 0x00, 0x00, 0x00, 0x00, 0x00,
        0x00, 0x00, 0x00, 0x00, 0x00, 0x00, 0x00, 0x00, 0x00, 0x00, 0x00, 0x00, 0x00, 0x00, 0x00, 0x00,
        0x00, 0x00, 0x00, 0x00, 0x00, 0x00, 0x00, 0x00, 0x00, 0x00, 0x00, 0x00, 0x00, 0x00, 0x00, 0x00,
        0x00, 0x00, 0x00, 0x00, 0x00, 0x00, 0x00, 0x00, 0x00, 0x00, 0x00, 0x00, 0x00, 0x00, 0x00, 0x00,
        0x00, 0x00, 0x00, 0x00, 0x00, 0x00, 0x00, 0x00, 0x00, 0x00, 0x00, 0x00, 0x00, 0x00, 0x00, 0x00,
        0x00, 0x00, 0x00, 0x00, 0x00, 0x00, 0x00, 0x00, 0x00, 0x00, 0x00, 0x00, 0x00, 0x00, 0x00, 0x00,
        0x00, 0x00, 0x00, 0x00, 0x00, 0x00, 0x00, 0x00, 0x00, 0x00, 0x00, 0x00, 0x00, 0x00, 0x00, 0x00,
        0x00, 0x00, 0x00, 0x00, 0x00, 0x00, 0x00, 0x00, 0x00, 0x00, 0x00, 0x00, 0x00, 0x00, 0x00, 0x00,
        0x00, 0x00, 0x00, 0x00, 0x00, 0x00, 0x00, 0x00, 0x00, 0x00, 0x00, 0x00, 0x00, 0x00, 0x00, 0x00,
        0x00, 0x00, 0x00, 0x00, 0x00, 0x00, 0x00, 0x00, 0x00, 0x00, 0x00, 0x00, 0x00, 0x00, 0x00, 0x00,
        0x00, 0x00, 0x00, 0x00, 0x00, 0x00, 0x00, 0x00, 0x00, 0x00, 0x00, 0x00, 0x00, 0x00, 0x00, 0x00,
        0x00, 0x00, 0x00, 0x00, 0x00, 0x00, 0x00, 0x00, 0x00, 0x00, 0x00, 0x00, 0x00, 0x00, 0x00, 0x00,
        0x00, 0x00, 0x00, 0x00, 0x00, 0x00, 0x00, 0x00, 0x00, 0x00, 0x00, 0x00, 0x00, 0x00, 0x00, 0x00,
        0x00, 0x00, 0x00, 0x00, 0x00, 0x00, 0x00, 0x00, 0x00, 0x00, 0x00, 0x00, 0x00, 0x00, 0x00, 0x00,
        0x00, 0x00, 0x00, 0x00, 0xC8, 0xBE, 0x00, 0x00, 0x00, 0x00, 0x00, 0x00, 0x00, 0x00, 0x00, 0x00,
        0x00, 0x00, 0x00, 0x00, 0x00, 0x00, 0x00, 0x00, 0x00, 0x00, 0x00, 0x00, 0x00, 0x00, 0x00, 0x00,
        0x00, 0x00, 0x00, 0x00, 0x00, 0x00, 0x00, 0x00, 0x00, 0x00, 0x00, 0x00, 0x00, 0x00, 0x00, 0x00,
        0x00, 0x00, 0x00, 0x00, 0x00, 0x00, 0x00, 0x00, 0x00, 0x00, 0x00, 0x00, 0x00, 0x00, 0x00, 0x00,
        0x00, 0x00, 0x00, 0x00, 0x00, 0x00, 0x00, 0x00, 0x00, 0x00, 0x00, 0x00, 0x00, 0x00, 0x00, 0x00,
        0x00, 0x00, 0x00, 0x00, 0x00, 0x00, 0x00, 0x00, 0x00, 0x00, 0x00, 0x00, 0x00, 0x00, 0x00, 0x00,
        0x00, 0x00, 0x00, 0x00, 0x00, 0x00, 0x00, 0x00, 0x00, 0x00, 0x00, 0x00, 0x00, 0x00, 0x00, 0x00,
        0x00, 0x00, 0x00, 0x00, 0x00, 0x00, 0x00, 0x00, 0x00, 0x00, 0x00, 0x00, 0x00, 0x00, 0x00, 0x00,
        0x00, 0x00, 0x00, 0x00, 0x00, 0x00, 0x00, 0x00, 0x00, 0x00, 0x00, 0x00, 0x00, 0x00, 0x00, 0x00,
        0x00, 0x00, 0x00, 0x00, 0x00, 0x00, 0x00, 0x00, 0x00, 0x00, 0x00, 0x00, 0x00, 0x00, 0x00, 0x00,
        0x00, 0x00, 0x00, 0x00, 0x00, 0x00, 0x00, 0x00, 0x00, 0x00, 0x00, 0x00, 0x00, 0x00, 0x00, 0x00,
        0x00, 0x00, 0x00, 0x00, 0x00, 0x00, 0x00, 0x00, 0x00, 0x00, 0x00, 0x00, 0x00, 0x00, 0x00, 0x00,
        0x00, 0x00, 0x00, 0x00, 0x00, 0x00, 0x00, 0x00, 0x00, 0x00, 0x00, 0x00, 0x00, 0x00, 0x00, 0x00,
        0x00, 0x00, 0x00, 0x00, 0x00, 0x00, 0x00, 0x00, 0x00, 0x00, 0x00, 0x00, 0x00, 0x00, 0x00, 0x00,
        0x00, 0x00, 0x00, 0x00, 0x00, 0x00, 0x00, 0x00, 0x00, 0x00, 0x00, 0x00, 0x00, 0x00, 0x00, 0x00,
        0x00, 0x00, 0x00, 0x00, 0x00, 0x00, 0x00, 0x00, 0x00, 0x00, 0x00, 0x00, 0x00, 0x00, 0x00, 0x00,
        0x00, 0x00, 0x00, 0x00, 0x00, 0x00, 0x00, 0x00, 0x00, 0x00, 0x00, 0x00, 0x00, 0x00, 0x00, 0x00,
        0x00, 0x00, 0x00, 0x00, 0x6A, 0xBE, 0x00, 0x00, 0x00, 0x00, 0x00, 0x00, 0x00, 0x00, 0x00, 0x00,
        0x00, 0x00, 0x00, 0x00, 0x00, 0x00, 0x00, 0x00, 0x00, 0x00, 0x00, 0x00, 0x00, 0x00, 0x00, 0x00,
        0x00, 0x00, 0x00, 0x00, 0x00, 0x00, 0x00, 0x00, 0x00, 0x00, 0x00, 0x00, 0x00, 0x00, 0x00, 0x00,
        0x00, 0x00, 0x00, 0x00, 0x00, 0x00, 0x00, 0x00, 0x00, 0x00, 0x00, 0x00, 0x00, 0x00, 0x00, 0x00,
        0x00, 0x00, 0x00, 0x00, 0x00, 0x00, 0x00, 0x00, 0x00, 0x00, 0x00, 0x00, 0x00, 0x00, 0x00, 0x00,
        0x00, 0x00, 0x00, 0x00, 0x00, 0x00, 0x00, 0x00, 0x00, 0x00, 0x00, 0x00, 0x00, 0x00, 0x00, 0x00,
        0x00, 0x00, 0x00, 0x00, 0x00, 0x00, 0x00, 0x00, 0x00, 0x00, 0x00, 0x00, 0x00, 0x00, 0x00, 0x00,
        0x00, 0x00, 0x00, 0x00, 0x00, 0x00, 0x00, 0x00, 0x00, 0x00, 0x00, 0x00, 0x00, 0x00, 0x00, 0x00,
        0x00, 0x00, 0x00, 0x00, 0x00, 0x00, 0x00, 0x00, 0x00, 0x00, 0x00, 0x00, 0x00, 0x00, 0x00, 0x00,
        0x00, 0x00, 0x00, 0x00, 0x00, 0x00, 0x00, 0x00, 0x00, 0x00, 0x00, 0x00, 0x00, 0x00, 0x00, 0x00,
        0x00, 0x00, 0x00, 0x00, 0x00, 0x00, 0x00, 0x00, 0x00, 0x00, 0x00, 0x00, 0x00, 0x00, 0x00, 0x00,
        0x00, 0x00, 0x00, 0x00, 0x00, 0x00, 0x00, 0x00, 0x00, 0x00, 0x00, 0x00, 0x00, 0x00, 0x00, 0x00,
        0x00, 0x00, 0x00, 0x00, 0x00, 0x00, 0x00, 0x00, 0x00, 0x00, 0x00, 0x00, 0x00, 0x00, 0x00, 0x00,
        0x00, 0x00, 0x00, 0x00, 0x00, 0x00, 0x00, 0x00, 0x00, 0x00, 0x00, 0x00, 0x00, 0x00, 0x00, 0x00,
        0x00, 0x00, 0x00, 0x00, 0x00, 0x00, 0x00, 0x00, 0x00, 0x00, 0x00, 0x00, 0x00, 0x00, 0x00, 0x00,
        0x00, 0x00, 0x00, 0x00, 0x00, 0x00, 0x00, 0x00, 0x00, 0x00, 0x00, 0x00, 0x00, 0x00, 0x00, 0x00,
        0x00, 0x00, 0x00, 0x00, 0x00, 0x00, 0x00, 0x00, 0x00, 0x00, 0x00, 0x00, 0x00, 0x00, 0x00, 0x00,
        0x00, 0x00, 0x00, 0x00, 0x91, 0x3D, 0x00, 0x00, 0x00, 0x00, 0x00, 0x00, 0x00, 0x00, 0x00, 0x00,
        0x00, 0x00, 0x00, 0x00, 0x00, 0x00, 0x00, 0x00, 0x00, 0x00, 0x00, 0x00, 0x00, 0x00, 0x00, 0x00,
        0x00, 0x00, 0x00, 0x00, 0x00, 0x00, 0x00, 0x00, 0x00, 0x00, 0x00, 0x00, 0x00, 0x00, 0x00, 0x00,
        0x00, 0x00, 0x00, 0x00, 0x00, 0x00, 0x00, 0x00, 0x00, 0x00, 0x00, 0x00, 0x00, 0x00, 0x00, 0x00,
        0x00, 0x00, 0x00, 0x00, 0x00, 0x00, 0x00, 0x00, 0x00, 0x00, 0x00, 0x00, 0x00, 0x00, 0x00, 0x00,
        0x00, 0x00, 0x00, 0x00, 0x00, 0x00, 0x00, 0x00, 0x00, 0x00, 0x00, 0x00, 0x00, 0x00, 0x00, 0x00,
        0x00, 0x00, 0x00, 0x00, 0x00, 0x00, 0x00, 0x00, 0x00, 0x00, 0x00, 0x00, 0x00, 0x00, 0x00, 0x00,
        0x00, 0x00, 0x00, 0x00, 0x00, 0x00, 0x00, 0x00, 0x00, 0x00, 0x00, 0x00, 0x00, 0x00, 0x00, 0x00,
        0x00, 0x00, 0x00, 0x00, 0x00, 0x00, 0x00, 0x00, 0x00, 0x00, 0x00, 0x00, 0x00, 0x00, 0x00, 0x00,
        0x00, 0x00, 0x00, 0x00, 0x00, 0x00, 0x00, 0x00, 0x00, 0x00, 0x00, 0x00, 0x00, 0x00, 0x00, 0x00,
        0x00, 0x00, 0x00, 0x00, 0x00, 0x00, 0x00, 0x00, 0x00, 0x00, 0x00, 0x00, 0x00, 0x00, 0x00, 0x00,
        0x00, 0x00, 0x00, 0x00, 0x00, 0x00, 0x00, 0x00, 0x00, 0x00, 0x00, 0x00, 0x00, 0x00, 0x00, 0x00,
        0x00, 0x00, 0x00, 0x00, 0x00, 0x00, 0x00, 0x00, 0x00, 0x00, 0x00, 0x00, 0x00, 0x00, 0x00, 0x00,
        0x00, 0x00, 0x00, 0x00, 0x00, 0x00, 0x00, 0x00, 0x00, 0x00, 0x00, 0x00, 0x00, 0x00, 0x00, 0x00,
        0x00, 0x00, 0x00, 0x00, 0x00, 0x00, 0x00, 0x00, 0x00, 0x00, 0x00, 0x00, 0x00, 0x00, 0x00, 0x00,
        0x00, 0x00, 0x00, 0x00, 0x00, 0x00, 0x00, 0x00, 0x00, 0x00, 0x00, 0x00, 0x00, 0x00, 0x00, 0x00,
        0x00, 0x00, 0x00, 0x00, 0x00, 0x00, 0x00, 0x00, 0x00, 0x00, 0x00, 0x00, 0x00, 0x00, 0x00, 0x00,
        0x00, 0x00, 0x00, 0x00, 0xD5, 0x3D, 0x00, 0x00, 0x00, 0x00, 0x00, 0x00, 0x00, 0x00, 0x00, 0x00,
        0x00, 0x00, 0x00, 0x00, 0x00, 0x00, 0x00, 0x00, 0x00, 0x00, 0x00, 0x00, 0x00, 0x00, 0x00, 0x00,
        0x00, 0x00, 0x00, 0x00, 0x00, 0x00, 0x00, 0x00, 0x00, 0x00, 0x00, 0x00, 0x00, 0x00, 0x00, 0x00,
        0x00, 0x00, 0x00, 0x00, 0x00, 0x00, 0x00, 0x00, 0x00, 0x00, 0x00, 0x00, 0x00, 0x00, 0x00, 0x00,
        0x00, 0x00, 0x00, 0x00, 0x00, 0x00, 0x00, 0x00, 0x00, 0x00, 0x00, 0x00, 0x00, 0x00, 0x00, 0x00,
        0x00, 0x00, 0x00, 0x00, 0x00, 0x00, 0x00, 0x00, 0x00, 0x00, 0x00, 0x00, 0x00, 0x00, 0x00, 0x00,
        0x00, 0x00, 0x00, 0x00, 0x00, 0x00, 0x00, 0x00, 0x00, 0x00, 0x00, 0x00, 0x00, 0x00, 0x00, 0x00,
        0x00, 0x00, 0x00, 0x00, 0x00, 0x00, 0x00, 0x00, 0x00, 0x00, 0x00, 0x00, 0x00, 0x00, 0x00, 0x00,
        0x00, 0x00, 0x00, 0x00, 0x00, 0x00, 0x00, 0x00, 0x00, 0x00, 0x00, 0x00, 0x00, 0x00, 0x00, 0x00,
        0x00, 0x00, 0x00, 0x00, 0x00, 0x00, 0x00, 0x00, 0x00, 0x00, 0x00, 0x00, 0x00, 0x00, 0x00, 0x00,
        0x00, 0x00, 0x00, 0x00, 0x00, 0x00, 0x00, 0x00, 0x00, 0x00, 0x00, 0x00, 0x00, 0x00, 0x00, 0x00,
        0x00, 0x00, 0x00, 0x00, 0x00, 0x00, 0x00, 0x00, 0x00, 0x00, 0x00, 0x00, 0x00, 0x00, 0x00, 0x00,
        0x00, 0x00, 0x00, 0x00, 0x00, 0x00, 0x00, 0x00, 0x00, 0x00, 0x00, 0x00, 0x00, 0x00, 0x00, 0x00,
        0x00, 0x00, 0x00, 0x00, 0x00, 0x00, 0x00, 0x00, 0x00, 0x00, 0x00, 0x00, 0x00, 0x00, 0x00, 0x00,
        0x00, 0x00, 0x00, 0x00, 0x00, 0x00, 0x00, 0x00, 0x00, 0x00, 0x00, 0x00, 0x00, 0x00, 0x00, 0x00,
        0x00, 0x00, 0x00, 0x00, 0x00, 0x00, 0x00, 0x00, 0x00, 0x00, 0x00, 0x00, 0x00, 0x00, 0x00, 0x00,
        0x00, 0x00, 0x00, 0x00, 0x00, 0x00, 0x00, 0x00, 0x00, 0x00, 0x00, 0x00, 0x00, 0x00, 0x00, 0x00,
        0x00, 0x00, 0x00, 0x00, 0x2F, 0x3E, 0x00, 0x00, 0x00, 0x00, 0x00, 0x00, 0x00, 0x00, 0x00, 0x00,
        0x00, 0x00, 0x00, 0x00, 0x00, 0x00, 0x00, 0x00, 0x00, 0x00, 0x00, 0x00, 0x00, 0x00, 0x00, 0x00,
        0x00, 0x00, 0x00, 0x00, 0x00, 0x00, 0x00, 0x00, 0x00, 0x00, 0x00, 0x00, 0x00, 0x00, 0x00, 0x00,
        0x00, 0x00, 0x00, 0x00, 0x00, 0x00, 0x00, 0x00, 0x00, 0x00, 0x00, 0x00, 0x00, 0x00, 0x00, 0x00,
        0x00, 0x00, 0x00, 0x00, 0x00, 0x00, 0x00, 0x00, 0x00, 0x00, 0x00, 0x00, 0x00, 0x00, 0x00, 0x00,
        0x00, 0x00, 0x00, 0x00, 0x00, 0x00, 0x00, 0x00, 0x00, 0x00, 0x00, 0x00, 0x00, 0x00, 0x00, 0x00,
        0x10, 0x10, 0x10, 0x9F, 0x9F, 0x9F, 0xAF, 0xAF, 0xAF, 0x30, 0x30, 0x30, 0x00, 0x00, 0x00, 0x00,
        0x00, 0x00, 0x00, 0x00, 0x00, 0x00, 0x00, 0x00, 0x00, 0x00, 0x00, 0x00, 0x00, 0x00, 0x00, 0x00,
        0x00, 0x00, 0x00, 0x00, 0x00, 0x00, 0x00, 0x00, 0x00, 0x00, 0x00, 0x00, 0x00, 0x00, 0x00, 0x00,
        0x00, 0x00, 0x00, 0x00, 0x00, 0x00, 0x00, 0x00, 0x00, 0x00, 0x00, 0x00, 0x00, 0x00, 0x00, 0x00,
        0x00, 0x00, 0x00, 0x00, 0x00, 0x00, 0x00, 0x00, 0x00, 0x00, 0x00, 0x00, 0x00, 0x00, 0x00, 0x00,
        0x00, 0x00, 0x00, 0x00, 0x00, 0x00, 0x00, 0x00, 0x00, 0x00, 0x00, 0x00, 0x00, 0x00, 0x00, 0x00,
        0x00, 0x00, 0x00, 0x00, 0x00, 0x00, 0x00, 0x00, 0x00, 0x00, 0x00, 0x00, 0x00, 0x00, 0x00, 0x00,
        0x00, 0x00, 0x00, 0x00, 0x00, 0x00, 0x00, 0x00, 0x00, 0x00, 0x00, 0x00, 0x00, 0x00, 0x00, 0x00,
        0x00, 0x00, 0x00, 0x00, 0x00, 0x00, 0x00, 0x00, 0x00, 0x00, 0x00, 0x00, 0x00, 0x00, 0x00, 0x00,
        0x00, 0x00, 0x00, 0x00, 0x00, 0x00, 0x00, 0x00, 0x00, 0x00, 0x00, 0x00, 0x00, 0x00, 0x00, 0x00,
        0x00, 0x00, 0x00, 0x00, 0x00, 0x00, 0x00, 0x00, 0x00, 0x00, 0x00, 0x00, 0x00, 0x00, 0x00, 0x00,
        0x00, 0x00, 0x00, 0x00, 0x1B, 0x3E, 0x00, 0x00, 0x00, 0x00, 0x00, 0x00, 0x00, 0x00, 0x00, 0x00,
        0x00, 0x00, 0x00, 0x00, 0x00, 0x00, 0x00, 0x00, 0x00, 0x00, 0x00, 0x00, 0x00, 0x00, 0x00, 0x00,
        0x00, 0x00, 0x00, 0x00, 0x00, 0x00, 0x00, 0x00, 0x00, 0x00, 0x00, 0x00, 0x00, 0x00, 0x00, 0x00,
        0x00, 0x00, 0x00, 0x00, 0x00, 0x00, 0x00, 0x00, 0x00, 0x00, 0x00, 0x00, 0x00, 0x00, 0x00, 0x00,
        0x00, 0x00, 0x00, 0x00, 0x00, 0x00, 0x00, 0x00, 0x00, 0x00, 0x00, 0x00, 0x00, 0x00, 0x00, 0x00,
        0x00, 0x00, 0x00, 0x00, 0x00, 0x00, 0x00, 0x00, 0x00, 0x00, 0x00, 0x00, 0x00, 0x00, 0x00, 0x00,
        0xAF, 0xAF, 0xAF, 0xFF, 0xFF, 0xFF, 0xFF, 0xFF, 0xFF, 0xDF, 0xDF, 0xDF, 0x00, 0x00, 0x00, 0x00,
        0x00, 0x00, 0x00, 0x00, 0x00, 0x00, 0x00, 0x00, 0x00, 0x00, 0x00, 0x00, 0x00, 0x00, 0x00, 0x00,
        0x00, 0x00, 0x00, 0x00, 0x00, 0x00, 0x00, 0x00, 0x00, 0x00, 0x00, 0x00, 0x00, 0x00, 0x00, 0x00,
        0x00, 0x00, 0x00, 0x00, 0x00, 0x00, 0x00, 0x00, 0x00, 0x00, 0x00, 0x00, 0x00, 0x00, 0x00, 0x00,
        0x00, 0x00, 0x00, 0x00, 0x00, 0x00, 0x00, 0x00, 0x00, 0x00, 0x00, 0x00, 0x00, 0x00, 0x00, 0x00,
        0x00, 0x00, 0x00, 0x00, 0x00, 0x00, 0x00, 0x00, 0x00, 0x00, 0x00, 0x00, 0x00, 0x00, 0x00, 0x00,
        0x00, 0x00, 0x00, 0x00, 0x00, 0x00, 0x00, 0x00, 0x00, 0x00, 0x00, 0x00, 0x00, 0x00, 0x00, 0x00,
        0x00, 0x00, 0x00, 0x00, 0x00, 0x00, 0x00, 0x00, 0x00, 0x00, 0x00, 0x00, 0x00, 0x00, 0x00, 0x00,
        0x00, 0x00, 0x00, 0x00, 0x00, 0x00, 0x00, 0x00, 0x00, 0x00, 0x00, 0x00, 0x00, 0x00, 0x00, 0x00,
        0x00, 0x00, 0x00, 0x00, 0x00, 0x00, 0x00, 0x00, 0x00, 0x00, 0x00, 0x00, 0x00, 0x00, 0x00, 0x00,
        0x00, 0x00, 0x00, 0x00, 0x00, 0x00, 0x00, 0x00, 0x00, 0x00, 0x00, 0x00, 0x00, 0x00, 0x00, 0x00,
        0x00, 0x00, 0x00, 0x00, 0x0C, 0xBE, 0x00, 0x00, 0x00, 0x00, 0x00, 0x00, 0x00, 0x00, 0x00, 0x00,
        0x00, 0x00, 0x00, 0x00, 0x00, 0x00, 0x00, 0x00, 0x00, 0x00, 0x00, 0x00, 0x00, 0x00, 0x00, 0x00,
        0x00, 0x00, 0x00, 0x00, 0x00, 0x00, 0x00, 0x00, 0x00, 0x00, 0x00, 0x00, 0x00, 0x00, 0x00, 0x00,
        0x00, 0x00, 0x00, 0x00, 0x00, 0x00, 0x00, 0x00, 0x00, 0x00, 0x00, 0x00, 0x00, 0x00, 0x00, 0x00,
        0x00, 0x00, 0x00, 0x00, 0x00, 0x00, 0x00, 0x00, 0x00, 0x00, 0x00, 0x00, 0x00, 0x00, 0x00, 0x00,
        0x00, 0x00, 0x00, 0x00, 0x00, 0x00, 0x00, 0x00, 0x00, 0x00, 0x00, 0x00, 0x00, 0x00, 0x00, 0x00,
        0xBF, 0xBF, 0xBF, 0xFF, 0xFF, 0xFF, 0xFF, 0xFF, 0xFF, 0xFF, 0xFF, 0xFF, 0x00, 0x00, 0x00, 0x00,
        0x00, 0x00, 0x00, 0x00, 0x00, 0x00, 0x00, 0x00, 0x00, 0x00, 0x00, 0x00, 0x00, 0x00, 0x00, 0x00,
        0x00, 0x00, 0x00, 0x00, 0x00, 0x00, 0x00, 0x00, 0x00, 0x00, 0x00, 0x00, 0x00, 0x00, 0x00, 0x00,
        0x00, 0x00, 0x00, 0x00, 0x00, 0x00, 0x00, 0x00, 0x00, 0x00, 0x00, 0x00, 0x00, 0x00, 0x00, 0x00,
        0x00, 0x00, 0x00, 0x00, 0x00, 0x00, 0x00, 0x00, 0x00, 0x00, 0x00, 0x00, 0x00, 0x00, 0x00, 0x00,
        0x00, 0x00, 0x00, 0x00, 0x00, 0x00, 0x00, 0x00, 0x00, 0x00, 0x00, 0x00, 0x00, 0x00, 0x00, 0x00,
        0x00, 0x00, 0x00, 0x00, 0x00, 0x00, 0x00, 0x00, 0x00, 0x00, 0x00, 0x00, 0x00, 0x00, 0x00, 0x00,
        0x00, 0x00, 0x00, 0x00, 0x00, 0x00, 0x00, 0x00, 0x00, 0x00, 0x00, 0x00, 0x00, 0x00, 0x00, 0x00,
        0x00, 0x00, 0x00, 0x00, 0x00, 0x00, 0x00, 0x00, 0x00, 0x00, 0x00, 0x00, 0x00, 0x00, 0x00, 0x00,
        0x00, 0x00, 0x00, 0x00, 0x00, 0x00, 0x00, 0x00, 0x00, 0x00, 0x00, 0x00, 0x00, 0x00, 0x00, 0x00,
        0x00, 0x00, 0x00, 0x00, 0x00, 0x00, 0x00, 0x00, 0x00, 0x00, 0x00, 0x00, 0x00, 0x00, 0x00, 0x00,
        0x00, 0x00, 0x00, 0x00, 0x7C, 0x3F, 0x00, 0x00, 0x00, 0x00, 0x00, 0x00, 0x00, 0x00, 0x00, 0x00,
        0x00, 0x00, 0x00, 0x00, 0x00, 0x00, 0x00, 0x00, 0x00, 0x00, 0x00, 0x00, 0x00, 0x00, 0x00, 0x00,
        0x00, 0x00, 0x00, 0x00, 0x00, 0x00, 0x00, 0x00, 0x00, 0x00, 0x00, 0x00, 0x00, 0x00, 0x00, 0x00,
        0x00, 0x00, 0x00, 0x00, 0x00, 0x00, 0x00, 0x00, 0x00, 0x00, 0x00, 0x00, 0x00, 0x00, 0x00, 0x00,
        0x00, 0x00, 0x00, 0x00, 0x00, 0x00, 0x00, 0x00, 0x00, 0x00, 0x00, 0x00, 0x00, 0x00, 0x00, 0x00,
        0x00, 0x00, 0x00, 0x00, 0x00, 0x00, 0x00, 0x00, 0x00, 0x00, 0x00, 0x00, 0x00, 0x00, 0x00, 0x00,
        0xBF, 0xBF, 0xBF, 0xFF, 0xFF, 0xFF, 0xFF, 0xFF, 0xFF, 0xFF, 0xFF, 0xFF, 0x00, 0x00, 0x00, 0x00,
        0x00, 0x00, 0x00, 0x00, 0x00, 0x00, 0x00, 0x00, 0x00, 0x00, 0x00, 0x00, 0x00, 0x00, 0x00, 0x00,
        0x00, 0x00, 0x00, 0x00, 0x00, 0x00, 0x00, 0x00, 0x00, 0x00, 0x00, 0x00, 0x00, 0x00, 0x00, 0x00,
        0x00, 0x00, 0x00, 0x00, 0x00, 0x00, 0x00, 0x00, 0x00, 0x00, 0x00, 0x00, 0x00, 0x00, 0x00, 0x00,
        0x00, 0x00, 0x00, 0x00, 0x00, 0x00, 0x00, 0x00, 0x00, 0x00, 0x00, 0x00, 0x00, 0x00, 0x00, 0x00,
        0x00, 0x00, 0x00, 0x00, 0x00, 0x00, 0x00, 0x00, 0x00, 0x00, 0x00, 0x00, 0x00, 0x00, 0x00, 0x00,
        0x00, 0x00, 0x00, 0x00, 0x00, 0x00, 0x00, 0x00, 0x00, 0x00, 0x00, 0x00, 0x00, 0x00, 0x00, 0x00,
        0x00, 0x00, 0x00, 0x00, 0x00, 0x00, 0x00, 0x00, 0x00, 0x00, 0x00, 0x00, 0x00, 0x00, 0x00, 0x00,
        0x00, 0x00, 0x00, 0x00, 0x00, 0x00, 0x00, 0x00, 0x00, 0x00, 0x00, 0x00, 0x00, 0x00, 0x00, 0x00,
        0x00, 0x00, 0x00, 0x00, 0x00, 0x00, 0x00, 0x00, 0x00, 0x00, 0x00, 0x00, 0x00, 0x00, 0x00, 0x00,
        0x00, 0x00, 0x00, 0x00, 0x00, 0x00, 0x00, 0x00, 0x00, 0x00, 0x00, 0x00, 0x00, 0x00, 0x00, 0x00,
        0x00, 0x00, 0x00, 0x00, 0x5C, 0xBE, 0x00, 0x00, 0x00, 0x00, 0x00, 0x00, 0x00, 0x00, 0x00, 0x00,
        0x00, 0x00, 0x00, 0x00, 0x00, 0x00, 0x00, 0x00, 0x00, 0x00, 0x00, 0x00, 0x00, 0x00, 0x00, 0x00,
        0x00, 0x00, 0x00, 0x00, 0x00, 0x00, 0x00, 0x00, 0x00, 0x00, 0x00, 0x00, 0x00, 0x00, 0x00, 0x00,
        0x00, 0x00, 0x00, 0x00, 0x00, 0x00, 0x00, 0x00, 0x00, 0x00, 0x00, 0x00, 0x00, 0x00, 0x00, 0x00,
        0x00, 0x00, 0x00, 0x00, 0x00, 0x00, 0x00, 0x00, 0x00, 0x00, 0x00, 0x00, 0x00, 0x00, 0x00, 0x00,
        0x00, 0x00, 0x00, 0x00, 0x00, 0x00, 0x00, 0x00, 0x00, 0x00, 0x00, 0x00, 0x00, 0x00, 0x00, 0x00,
        0xBF, 0xBF, 0xBF, 0xFF, 0xFF, 0xFF, 0xFF, 0xFF, 0xFF, 0xFF, 0xFF, 0xFF, 0x00, 0x00, 0x00, 0x00,
        0x00, 0x00, 0x00, 0x00, 0x00, 0x00, 0x00, 0x00, 0x00, 0x00, 0x00, 0x00, 0x00, 0x00, 0x00, 0x00,
        0x00, 0x00, 0x00, 0x00, 0x00, 0x00, 0x00, 0x00, 0x00, 0x00, 0x00, 0x00, 0x00, 0x00, 0x00, 0x00,
        0x00, 0x00, 0x00, 0x00, 0x00, 0x00, 0x00, 0x00, 0x00, 0x00, 0x00, 0x00, 0x00, 0x00, 0x00, 0x00,
        0x00, 0x00, 0x00, 0x00, 0x00, 0x00, 0x00, 0x00, 0x00, 0x00, 0x00, 0x00, 0x00, 0x00, 0x00, 0x00,
        0x00, 0x00, 0x00, 0x00, 0x00, 0x00, 0x00, 0x00, 0x00, 0x00, 0x00, 0x00, 0x00, 0x00, 0x00, 0x00,
        0x00, 0x00, 0x00, 0x00, 0x00, 0x00, 0x00, 0x00, 0x00, 0x00, 0x00, 0x00, 0x00, 0x00, 0x00, 0x00,
        0x00, 0x00, 0x00, 0x00, 0x00, 0x00, 0x00, 0x00, 0x00, 0x00, 0x00, 0x00, 0x00, 0x00, 0x00, 0x00,
        0x00, 0x00, 0x00, 0x00, 0x00, 0x00, 0x00, 0x00, 0x00, 0x00, 0x00, 0x00, 0x00, 0x00, 0x00, 0x00,
        0x00, 0x00, 0x00, 0x00, 0x00, 0x00, 0x00, 0x00, 0x00, 0x00, 0x00, 0x00, 0x00, 0x00, 0x00, 0x00,
        0x00, 0x00, 0x00, 0x00, 0x00, 0x00, 0x00, 0x00, 0x00, 0x00, 0x00, 0x00, 0x00, 0x00, 0x00, 0x00,
        0x00, 0x00, 0x00, 0x00, 0x0C, 0x3D, 0x00, 0x00, 0x00, 0x00, 0x00, 0x00, 0x00, 0x00, 0x00, 0x00,
        0x00, 0x00, 0x00, 0x00, 0x00, 0x00, 0x00, 0x00, 0x00, 0x00, 0x00, 0x00, 0x00, 0x00, 0x00, 0x00,
        0x00, 0x00, 0x00, 0x00, 0x00, 0x00, 0x00, 0x00, 0x00, 0x00, 0x00, 0x00, 0x00, 0x00, 0x00, 0x00,
        0x00, 0x00, 0x00, 0x00, 0x00, 0x00, 0x00, 0x00, 0x00, 0x00, 0x00, 0x00, 0x00, 0x00, 0x00, 0x00,
        0x00, 0x00, 0x00, 0x00, 0x00, 0x00, 0x00, 0x00, 0x00, 0x00, 0x00, 0x00, 0x00, 0x00, 0x00, 0x00,
        0x00, 0x00, 0x00, 0x00, 0x00, 0x00, 0x00, 0x00, 0x00, 0x00, 0x00, 0x00, 0x00, 0x00, 0x00, 0x00,
        0xBF, 0xBF, 0xBF, 0xFF, 0xFF, 0xFF, 0xFF, 0xFF, 0xFF, 0xFF, 0xFF, 0xFF, 0x00, 0x00, 0x00, 0x00,
        0x00, 0x00, 0x00, 0x00, 0x00, 0x00, 0x00, 0x00, 0x00, 0x00, 0x00, 0x00, 0x00, 0x00, 0x00, 0x00,
        0x00, 0x00, 0x00, 0x00, 0x00, 0x00, 0x00, 0x00, 0x00, 0x00, 0x00, 0x00, 0x00, 0x00, 0x00, 0x00,
        0x00, 0x00, 0x00, 0x00, 0x00, 0x00, 0x00, 0x00, 0x00, 0x00, 0x00, 0x00, 0x00, 0x00, 0x00, 0x00,
        0x00, 0x00, 0x00, 0x00, 0x00, 0x00, 0x00, 0x00, 0x00, 0x00, 0x00, 0x00, 0x00, 0x00, 0x00, 0x00,
        0x00, 0x00, 0x00, 0x00, 0x00, 0x00, 0x00, 0x00, 0x00, 0x00, 0x00, 0x00, 0x00, 0x00, 0x00, 0x00,
        0x00, 0x00, 0x00, 0x00, 0x00, 0x00, 0x00, 0x00, 0x00, 0x00, 0x00, 0x00, 0x00, 0x00, 0x00, 0x00,
        0x00, 0x00, 0x00, 0x00, 0x00, 0x00, 0x00, 0x00, 0x00, 0x00, 0x00, 0x00, 0x00, 0x00, 0x00, 0x00,
        0x00, 0x00, 0x00, 0x00, 0x00, 0x00, 0x00, 0x00, 0x00, 0x00, 0x00, 0x00, 0x00, 0x00, 0x00, 0x00,
        0x00, 0x00, 0x00, 0x00, 0x00, 0x00, 0x00, 0x00, 0x00, 0x00, 0x00, 0x00, 0x00, 0x00, 0x00, 0x00,
        0x00, 0x00, 0x00, 0x00, 0x00, 0x00, 0x00, 0x00, 0x00, 0x00, 0x00, 0x00, 0x00, 0x00, 0x00, 0x00,
        0x00, 0x00, 0x00, 0x00, 0x59, 0xBE, 0x00, 0x00, 0x00, 0x00, 0x00, 0x00, 0x00, 0x00, 0x00, 0x00,
        0x00, 0x00, 0x00, 0x00, 0x00, 0x00, 0x00, 0x00, 0x00, 0x00, 0x00, 0x00, 0x00, 0x00, 0x00, 0x00,
        0x00, 0x00, 0x00, 0x00, 0x00, 0x00, 0x00, 0x00, 0x00, 0x00, 0x00, 0x00, 0x00, 0x00, 0x00, 0x00,
        0x00, 0x00, 0x00, 0x00, 0x00, 0x00, 0x00, 0x00, 0x00, 0x00, 0x00, 0x00, 0x00, 0x00, 0x00, 0x00,
        0x00, 0x00, 0x00, 0x00, 0x00, 0x00, 0x00, 0x00, 0x00, 0x00, 0x00, 0x00, 0x00, 0x00, 0x00, 0x00,
        0x00, 0x00, 0x00, 0x00, 0x00, 0x00, 0x00, 0x00, 0x00, 0x00, 0x00, 0x00, 0x00, 0x00, 0x00, 0x00,
        0xBF, 0xBF, 0xBF, 0xFF, 0xFF, 0xFF, 0xFF, 0xFF, 0xFF, 0xFF, 0xFF, 0xFF, 0x00, 0x00, 0x00, 0x10,
        0x10, 0x10, 0xAF, 0xAF, 0xAF, 0xBF, 0xBF, 0xBF, 0x60, 0x60, 0x60, 0x00, 0x00, 0x00, 0x00, 0x00,
        0x00, 0x00, 0x00, 0x00, 0x00, 0x00, 0x00, 0x00, 0x00, 0x00, 0x00, 0x00, 0x00, 0x00, 0x00, 0x00,
        0x00, 0x00, 0x00, 0x00, 0x00, 0x00, 0x00, 0x00, 0x00, 0x00, 0x00, 0x00, 0x00, 0x00, 0x00, 0x00,
        0x00, 0x00, 0x00, 0x00, 0x00, 0x00, 0x00, 0x00, 0x00, 0x00, 0x00, 0x00, 0x00, 0x00, 0x00, 0x00,
        0x00, 0x00, 0x00, 0x00, 0x00, 0x00, 0x00, 0x00, 0x00, 0x00, 0x00, 0x00, 0x00, 0x00, 0x00, 0x00,
        0x00, 0x00, 0x00, 0x00, 0x00, 0x00, 0x00, 0x00, 0x00, 0x00, 0x00, 0x00, 0x00, 0x00, 0x00, 0x00,
        0x00, 0x00, 0x00, 0x00, 0x00, 0x00, 0x00, 0x00, 0x00, 0x00, 0x00, 0x00, 0x00, 0x00, 0x00, 0x00,
        0x00, 0x00, 0x00, 0x00, 0x00, 0x00, 0x00, 0x00, 0x00, 0x00, 0x00, 0x00, 0x00, 0x00, 0x00, 0x00,
        0x00, 0x00, 0x00, 0x00, 0x00, 0x00, 0x00, 0x00, 0x00, 0x00, 0x00, 0x00, 0x00, 0x00, 0x00, 0x00,
        0x00, 0x00, 0x00, 0x00, 0x00, 0x00, 0x00, 0x00, 0x00, 0x00, 0x00, 0x00, 0x00, 0x00, 0x00, 0x00,
        0x00, 0x00, 0x00, 0x00, 0x26, 0x3E, 0x00, 0x00, 0x00, 0x00, 0x00, 0x00, 0x00, 0x00, 0x00, 0x00,
        0x00, 0x00, 0x00, 0x00, 0x00, 0x00, 0x00, 0x00, 0x00, 0x00, 0x00, 0x00, 0x00, 0x00, 0x00, 0x00,
        0x00, 0x00, 0x00, 0x00, 0x00, 0x00, 0x00, 0x00, 0x00, 0x00, 0x00, 0x00, 0x00, 0x00, 0x00, 0x00,
        0x00, 0x00, 0x00, 0x00, 0x00, 0x00, 0x00, 0x00, 0x00, 0x00, 0x00, 0x00, 0x00, 0x00, 0x00, 0x00,
        0x00, 0x00, 0x00, 0x00, 0x00, 0x00, 0x00, 0x00, 0x00, 0x00, 0x00, 0x00, 0x00, 0x00, 0x00, 0x00,
        0x00, 0x00, 0x00, 0x00, 0x00, 0x00, 0x00, 0x00, 0x00, 0x00, 0x00, 0x00, 0x00, 0x00, 0x00, 0x00,
        0xBF, 0xBF, 0xBF, 0xFF, 0xFF, 0xFF, 0xFF, 0xFF, 0xFF, 0xFF, 0xFF, 0xFF, 0x00, 0x00, 0x00, 0x9F,
        0x9F, 0x9F, 0xFF, 0xFF, 0xFF, 0xFF, 0xFF, 0xFF, 0xFF, 0xFF, 0xFF, 0x20, 0x20, 0x20, 0x00, 0x00,
        0x00, 0x00, 0x00, 0x00, 0x00, 0x00, 0x00, 0x00, 0x00, 0x00, 0x00, 0x00, 0x00, 0x00, 0x00, 0x00,
        0x00, 0x00, 0x00, 0x00, 0x00, 0x00, 0x00, 0x00, 0x00, 0x00, 0x00, 0x00, 0x00, 0x00, 0x00, 0x00,
        0x00, 0x00, 0x00, 0x00, 0x00, 0x00, 0x00, 0x00, 0x00, 0x00, 0x00, 0x00, 0x00, 0x00, 0x00, 0x00,
        0x00, 0x00, 0x00, 0x00, 0x00, 0x00, 0x00, 0x00, 0x00, 0x00, 0x00, 0x00, 0x00, 0x00, 0x00, 0x00,
        0x00, 0x00, 0x00, 0x00, 0x00, 0x00, 0x00, 0x00, 0x00, 0x00, 0x00, 0x00, 0x00, 0x00, 0x00, 0x00,
        0x00, 0x00, 0x00, 0x00, 0x00, 0x00, 0x00, 0x00, 0x00, 0x00, 0x00, 0x00, 0x00, 0x00, 0x00, 0x00,
        0x00, 0x00, 0x00, 0x00, 0x00, 0x00, 0x00, 0x00, 0x00, 0x00, 0x00, 0x00, 0x00, 0x00, 0x00, 0x00,
        0x00, 0x00, 0x00, 0x00, 0x00, 0x00, 0x00, 0x00, 0x00, 0x00, 0x00, 0x00, 0x00, 0x00, 0x00, 0x00,
        0x00, 0x00, 0x00, 0x00, 0x00, 0x00, 0x00, 0x00, 0x00, 0x00, 0x00, 0x00, 0x00, 0x00, 0x00, 0x00,
        0x00, 0x00, 0x00, 0x00, 0xE6, 0x3E, 0x00, 0x00, 0x00, 0x00, 0x00, 0x00, 0x00, 0x00, 0x00, 0x00,
        0x00, 0x00, 0x00, 0x00, 0x00, 0x00, 0x00, 0x00, 0x00, 0x00, 0x00, 0x00, 0x00, 0x00, 0x00, 0x00,
        0x00, 0x00, 0x00, 0x00, 0x00, 0x00, 0x00, 0x00, 0x00, 0x00, 0x00, 0x00, 0x00, 0x00, 0x00, 0x00,
        0x00, 0x00, 0x00, 0x00, 0x00, 0x00, 0x00, 0x00, 0x00, 0x00, 0x00, 0x00, 0x00, 0x00, 0x00, 0x00,
        0x00, 0x00, 0x00, 0x00, 0x00, 0x00, 0x00, 0x00, 0x00, 0x00, 0x00, 0x00, 0x00, 0x00, 0x00, 0x00,
        0x00, 0x00, 0x00, 0x00, 0x00, 0x00, 0x00, 0x00, 0x00, 0x00, 0x00, 0x00, 0x00, 0x00, 0x00, 0x00,
        0xBF, 0xBF, 0xBF, 0xFF, 0xFF, 0xFF, 0xFF, 0xFF, 0xFF, 0xFF, 0xFF, 0xFF, 0x00, 0x00, 0x00, 0xBF,
        0xBF, 0xBF, 0xFF, 0xFF, 0xFF, 0xFF, 0xFF, 0xFF, 0xFF, 0xFF, 0xFF, 0x40, 0x40, 0x40, 0x00, 0x00,
        0x00, 0x00, 0x00, 0x00, 0x00, 0x00, 0x00, 0x00, 0x00, 0x00, 0x00, 0x00, 0x00, 0x00, 0x00, 0x00,
        0x00, 0x00, 0x00, 0x00, 0x00, 0x00, 0x00, 0x00, 0x00, 0x00, 0x00, 0x00, 0x00, 0x00, 0x00, 0x00,
        0x00, 0x00, 0x00, 0x00, 0x00, 0x00, 0x00, 0x00, 0x00, 0x00, 0x00, 0x00, 0x00, 0x00, 0x00, 0x00,
        0x00, 0x00, 0x00, 0x00, 0x00, 0x00, 0x00, 0x00, 0x00, 0x00, 0x00, 0x00, 0x00, 0x00, 0x00, 0x00,
        0x00, 0x00, 0x00, 0x00, 0x00, 0x00, 0x00, 0x00, 0x00, 0x00, 0x00, 0x00, 0x00, 0x00, 0x00, 0x00,
        0x00, 0x00, 0x00, 0x00, 0x00, 0x00, 0x00, 0x00, 0x00, 0x00, 0x00, 0x00, 0x00, 0x00, 0x00, 0x00,
        0x00, 0x00, 0x00, 0x00, 0x00, 0x00, 0x00, 0x00, 0x00, 0x00, 0x00, 0x00, 0x00, 0x00, 0x00, 0x00,
        0x00, 0x00, 0x00, 0x00, 0x00, 0x00, 0x00, 0x00, 0x00, 0x00, 0x00, 0x00, 0x00, 0x00, 0x00, 0x00,
        0x00, 0x00, 0x00, 0x00, 0x00, 0x00, 0x00, 0x00, 0x00, 0x00, 0x00, 0x00, 0x00, 0x00, 0x00, 0x00,
        0x00, 0x00, 0x00, 0x00, 0xDB, 0x3E, 0x00, 0x00, 0x00, 0x00, 0x00, 0x00, 0x00, 0x00, 0x00, 0x00,
        0x00, 0x00, 0x00, 0x00, 0x00, 0x00, 0x00, 0x00, 0x00, 0x00, 0x00, 0x00, 0x00, 0x00, 0x00, 0x00,
        0x00, 0x00, 0x00, 0x00, 0x00, 0x00, 0x00, 0x00, 0x00, 0x00, 0x00, 0x00, 0x00, 0x00, 0x00, 0x00,
        0x00, 0x00, 0x00, 0x00, 0x00, 0x00, 0x00, 0x00, 0x00, 0x00, 0x00, 0x00, 0x00, 0x00, 0x00, 0x00,
        0x00, 0x00, 0x00, 0x00, 0x00, 0x00, 0x00, 0x00, 0x00, 0x00, 0x00, 0x00, 0x00, 0x00, 0x00, 0x00,
        0x00, 0x00, 0x00, 0x00, 0x00, 0x00, 0x00, 0x00, 0x00, 0x00, 0x00, 0x00, 0x00, 0x00, 0x00, 0x00,
        0xBF, 0xBF, 0xBF, 0xFF, 0xFF, 0xFF, 0xFF, 0xFF, 0xFF, 0xFF, 0xFF, 0xFF, 0x00, 0x00, 0x00, 0xBF,
        0xBF, 0xBF, 0xFF, 0xFF, 0xFF, 0xFF, 0xFF, 0xFF, 0xFF, 0xFF, 0xFF, 0x40, 0x40, 0x40, 0x00, 0x00,
        0x00, 0x00, 0x00, 0x00, 0x00, 0x00, 0x00, 0x00, 0x00, 0x00, 0x00, 0x00, 0x00, 0x00, 0x00, 0x00,
        0x00, 0x00, 0x00, 0x00, 0x00, 0x00, 0x00, 0x00, 0x00, 0x00, 0x00, 0x00, 0x00, 0x00, 0x00, 0x00,
        0x00, 0x00, 0x00, 0x00, 0x00, 0x00, 0x00, 0x00, 0x00, 0x00, 0x00, 0x00, 0x00, 0x00, 0x00, 0x00,
        0x00, 0x00, 0x00, 0x00, 0x00, 0x00, 0x00, 0x00, 0x00, 0x00, 0x00, 0x00, 0x00, 0x00, 0x00, 0x00,
        0x00, 0x00, 0x00, 0x00, 0x00, 0x00, 0x00, 0x00, 0x00, 0x00, 0x00, 0x00, 0x00, 0x00, 0x00, 0x00,
        0x00, 0x00, 0x00, 0x00, 0x00, 0x00, 0x00, 0x00, 0x00, 0x00, 0x00, 0x00, 0x00, 0x00, 0x00, 0x00,
        0x00, 0x00, 0x00, 0x00, 0x00, 0x00, 0x00, 0x00, 0x00, 0x00, 0x00, 0x00, 0x00, 0x00, 0x00, 0x00,
        0x00, 0x00, 0x00, 0x00, 0x00, 0x00, 0x00, 0x00, 0x00, 0x00, 0x00, 0x00, 0x00, 0x00, 0x00, 0x00,
        0x00, 0x00, 0x00, 0x00, 0x00, 0x00, 0x00, 0x00, 0x00, 0x00, 0x00, 0x00, 0x00, 0x00, 0x00, 0x00,
        0x00, 0x00, 0x00, 0x00, 0xD8, 0xBE, 0x00, 0x00, 0x00, 0x00, 0x00, 0x00, 0x00, 0x00, 0x00, 0x00,
        0x00, 0x00, 0x00, 0x00, 0x00, 0x00, 0x00, 0x00, 0x00, 0x00, 0x00, 0x00, 0x00, 0x00, 0x00, 0x00,
        0x00, 0x00, 0x00, 0x00, 0x00, 0x00, 0x00, 0x00, 0x00, 0x00, 0x00, 0x00, 0x00, 0x00, 0x00, 0x00,
        0x00, 0x00, 0x00, 0x00, 0x00, 0x00, 0x00, 0x00, 0x00, 0x00, 0x00, 0x00, 0x00, 0x00, 0x00, 0x00,
        0x00, 0x00, 0x00, 0x00, 0x00, 0x00, 0x00, 0x00, 0x00, 0x00, 0x00, 0x00, 0x00, 0x00, 0x00, 0x00,
        0x00, 0x00, 0x00, 0x00, 0x00, 0x00, 0x00, 0x00, 0x00, 0x00, 0x00, 0x00, 0x00, 0x00, 0x00, 0x00,
        0xBF, 0xBF, 0xBF, 0xFF, 0xFF, 0xFF, 0xFF, 0xFF, 0xFF, 0xFF, 0xFF, 0xFF, 0x00, 0x00, 0x00, 0xBF,
        0xBF, 0xBF, 0xFF, 0xFF, 0xFF, 0xFF, 0xFF, 0xFF, 0xFF, 0xFF, 0xFF, 0x40, 0x40, 0x40, 0x00, 0x00,
        0x00, 0x00, 0x00, 0x00, 0x00, 0x00, 0x00, 0x00, 0x00, 0x00, 0x00, 0x00, 0x00, 0x00, 0x00, 0x00,
        0x00, 0x00, 0x00, 0x00, 0x00, 0x00, 0x00, 0x00, 0x00, 0x00, 0x00, 0x00, 0x00, 0x00, 0x00, 0x00,
        0x00, 0x00, 0x00, 0x00, 0x00, 0x00, 0x00, 0x00, 0x00, 0x00, 0x00, 0x00, 0x00, 0x00, 0x00, 0x00,
        0x00, 0x00, 0x00, 0x00, 0x00, 0x00, 0x00, 0x00, 0x00, 0x00, 0x00, 0x00, 0x00, 0x00, 0x00, 0x00,
        0x00, 0x00, 0x00, 0x00, 0x00, 0x00, 0x00, 0x00, 0x00, 0x00, 0x00, 0x00, 0x00, 0x00, 0x00, 0x00,
        0x00, 0x00, 0x00, 0x00, 0x00, 0x00, 0x00, 0x00, 0x00, 0x00, 0x00, 0x00, 0x00, 0x00, 0x00, 0x00,
        0x00, 0x00, 0x00, 0x00, 0x00, 0x00, 0x00, 0x00, 0x00, 0x00, 0x00, 0x00, 0x00, 0x00, 0x00, 0x00,
        0x00, 0x00, 0x00, 0x00, 0x00, 0x00, 0x00, 0x00, 0x00, 0x00, 0x00, 0x00, 0x00, 0x00, 0x00, 0x00,
        0x00, 0x00, 0x00, 0x00, 0x00, 0x00, 0x00, 0x00, 0x00, 0x00, 0x00, 0x00, 0x00, 0x00, 0x00, 0x00,
        0x00, 0x00, 0x00, 0x00, 0x1C, 0x3E, 0x00, 0x00, 0x00, 0x00, 0x00, 0x00, 0x00, 0x00, 0x00, 0x00,
        0x00, 0x00, 0x00, 0x00, 0x00, 0x00, 0x00, 0x00, 0x00, 0x00, 0x00, 0x00, 0x00, 0x00, 0x00, 0x00,
        0x00, 0x00, 0x00, 0x00, 0x00, 0x00, 0x00, 0x00, 0x00, 0x00, 0x00, 0x00, 0x00, 0x00, 0x00, 0x00,
        0x00, 0x00, 0x00, 0x00, 0x00, 0x00, 0x00, 0x00, 0x00, 0x00, 0x00, 0x00, 0x00, 0x00, 0x00, 0x00,
        0x00, 0x00, 0x00, 0x00, 0x00, 0x00, 0x00, 0x00, 0x00, 0x00, 0x00, 0x00, 0x00, 0x00, 0x00, 0x00,
        0x00, 0x00, 0x00, 0x00, 0x00, 0x00, 0x00, 0x00, 0x00, 0x00, 0x00, 0x00, 0x00, 0x00, 0x00, 0x00,
        0xBF, 0xBF, 0xBF, 0xFF, 0xFF, 0xFF, 0xFF, 0xFF, 0xFF, 0xFF, 0xFF, 0xFF, 0x00, 0x00, 0x00, 0xBF,
        0xBF, 0xBF, 0xFF, 0xFF, 0xFF, 0xFF, 0xFF, 0xFF, 0xFF, 0xFF, 0xFF, 0x40, 0x40, 0x40, 0x00, 0x00,
        0x00, 0x00, 0x00, 0x00, 0x00, 0x00, 0x00, 0x00, 0x00, 0x00, 0x00, 0x00, 0x00, 0x00, 0x00, 0x00,
        0x00, 0x00, 0x00, 0x00, 0x00, 0x00, 0x00, 0x00, 0x00, 0x00, 0x00, 0x00, 0x00, 0x00, 0x00, 0x00,
        0x00, 0x00, 0x00, 0x00, 0x00, 0x00, 0x00, 0x00, 0x00, 0x00, 0x00, 0x00, 0x00, 0x00, 0x00, 0x00,
        0x00, 0x00, 0x00, 0x00, 0x00, 0x00, 0x00, 0x00, 0x00, 0x00, 0x00, 0x00, 0x00, 0x00, 0x00, 0x00,
        0x00, 0x00, 0x00, 0x00, 0x00, 0x00, 0x00, 0x00, 0x00, 0x00, 0x00, 0x00, 0x00, 0x00, 0x00, 0x00,
        0x00, 0x00, 0x00, 0x00, 0x00, 0x00, 0x00, 0x00, 0x00, 0x00, 0x00, 0x00, 0x00, 0x00, 0x00, 0x00,
        0x00, 0x00, 0x00, 0x00, 0x00, 0x00, 0x00, 0x00, 0x00, 0x00, 0x00, 0x00, 0x00, 0x00, 0x00, 0x00,
        0x00, 0x00, 0x00, 0x00, 0x00, 0x00, 0x00, 0x00, 0x00, 0x00, 0x00, 0x00, 0x00, 0x00, 0x00, 0x00,
        0x00, 0x00, 0x00, 0x00, 0x00, 0x00, 0x00, 0x00, 0x00, 0x00, 0x00, 0x00, 0x00, 0x00, 0x00, 0x00,
        0x00, 0x00, 0x00, 0x00, 0x69, 0x3E, 0x00, 0x00, 0x00, 0x00, 0x00, 0x00, 0x00, 0x00, 0x00, 0x00,
        0x00, 0x00, 0x00, 0x00, 0x00, 0x00, 0x00, 0x00, 0x00, 0x00, 0x00, 0x00, 0x00, 0x00, 0x00, 0x00,
        0x00, 0x00, 0x00, 0x00, 0x00, 0x00, 0x00, 0x00, 0x00, 0x00, 0x00, 0x00, 0x00, 0x00, 0x00, 0x00,
        0x00, 0x00, 0x00, 0x00, 0x00, 0x00, 0x00, 0x00, 0x00, 0x00, 0x00, 0x00, 0x00, 0x00, 0x00, 0x00,
        0x00, 0x00, 0x00, 0x00, 0x00, 0x00, 0x00, 0x00, 0x00, 0x00, 0x00, 0x00, 0x00, 0x00, 0x00, 0x00,
        0x00, 0x00, 0x00, 0x00, 0x00, 0x00, 0x00, 0x00, 0x00, 0x00, 0x00, 0x00, 0x00, 0x00, 0x00, 0x00,
        0xBF, 0xBF, 0xBF, 0xFF, 0xFF, 0xFF, 0xFF, 0xFF, 0xFF, 0xFF, 0xFF, 0xFF, 0x00, 0x00, 0x00, 0xBF,
        0xBF, 0xBF, 0xFF, 0xFF, 0xFF, 0xFF, 0xFF, 0xFF, 0xFF, 0xFF, 0xFF, 0x40, 0x40, 0x40, 0x00, 0x00,
        0x00, 0x50, 0x50, 0x50, 0x80, 0x80, 0x80, 0x40, 0x40, 0x40, 0x00, 0x00, 0x00, 0x00, 0x00, 0x00,
        0x00, 0x00, 0x00, 0x00, 0x00, 0x00, 0x00, 0x00, 0x00, 0x00, 0x00, 0x00, 0x00, 0x00, 0x00, 0x00,
        0x00, 0x00, 0x00, 0x00, 0x00, 0x00, 0x00, 0x00, 0x00, 0x00, 0x00, 0x00, 0x00, 0x00, 0x00, 0x00,
        0x00, 0x00, 0x00, 0x00, 0x00, 0x00, 0x00, 0x00, 0x00, 0x00, 0x00, 0x00, 0x00, 0x00, 0x00, 0x00,
        0x00, 0x00, 0x00, 0x00, 0x00, 0x00, 0x00, 0x00, 0x00, 0x00, 0x00, 0x00, 0x00, 0x00, 0x00, 0x00,
        0x00, 0x00, 0x00, 0x00, 0x00, 0x00, 0x00, 0x00, 0x00, 0x00, 0x00, 0x00, 0x00, 0x00, 0x00, 0x00,
        0x00, 0x00, 0x00, 0x00, 0x00, 0x00, 0x00, 0x00, 0x00, 0x00, 0x00, 0x00, 0x00, 0x00, 0x00, 0x00,
        0x00, 0x00, 0x00, 0x00, 0x00, 0x00, 0x00, 0x00, 0x00, 0x00, 0x00, 0x00, 0x00, 0x00, 0x00, 0x00,
        0x00, 0x00, 0x00, 0x00, 0x00, 0x00, 0x00, 0x00, 0x00, 0x00, 0x00, 0x00, 0x00, 0x00, 0x00, 0x00,
        0x00, 0x00, 0x00, 0x00, 0x19, 0x3E, 0x00, 0x00, 0x00, 0x00, 0x00, 0x00, 0x00, 0x00, 0x00, 0x00,
        0x00, 0x00, 0x00, 0x00, 0x00, 0x00, 0x00, 0x00, 0x00, 0x00, 0x00, 0x00, 0x00, 0x00, 0x00, 0x00,
        0x00, 0x00, 0x00, 0x00, 0x00, 0x00, 0x00, 0x00, 0x00, 0x00, 0x00, 0x00, 0x00, 0x00, 0x00, 0x00,
        0x00, 0x00, 0x00, 0x00, 0x00, 0x00, 0x00, 0x00, 0x00, 0x00, 0x00, 0x00, 0x00, 0x00, 0x00, 0x00,
        0x00, 0x00, 0x00, 0x00, 0x00, 0x00, 0x00, 0x00, 0x00, 0x00, 0x00, 0x00, 0x00, 0x00, 0x00, 0x00,
        0x00, 0x00, 0x00, 0x00, 0x00, 0x00, 0x00, 0x00, 0x00, 0x00, 0x00, 0x00, 0x00, 0x00, 0x00, 0x00,
        0xBF, 0xBF, 0xBF, 0xFF, 0xFF, 0xFF, 0xFF, 0xFF, 0xFF, 0xFF, 0xFF, 0xFF, 0x00, 0x00, 0x00, 0xBF,
        0xBF, 0xBF, 0xFF, 0xFF, 0xFF, 0xFF, 0xFF, 0xFF, 0xFF, 0xFF, 0xFF, 0x40, 0x40, 0x40, 0x50, 0x50,
        0x50, 0xFF, 0xFF, 0xFF, 0xFF, 0xFF, 0xFF, 0xFF, 0xFF, 0xFF, 0x20, 0x20, 0x20, 0x00, 0x00, 0x00,
        0x00, 0x00, 0x00, 0x00, 0x00, 0x00, 0x00, 0x00, 0x00, 0x00, 0x00, 0x00, 0x00, 0x00, 0x00, 0x00,
        0x00, 0x00, 0x00, 0x00, 0x00, 0x00, 0x00, 0x00, 0x00, 0x00, 0x00, 0x00, 0x00, 0x00, 0x00, 0x00,
        0x00, 0x00, 0x00, 0x00, 0x00, 0x00, 0x00, 0x00, 0x00, 0x00, 0x00, 0x00, 0x00, 0x00, 0x00, 0x00,
        0x00, 0x00, 0x00, 0x00, 0x00, 0x00, 0x00, 0x00, 0x00, 0x00, 0x00, 0x00, 0x00, 0x00, 0x00, 0x00,
        0x00, 0x00, 0x00, 0x00, 0x00, 0x00, 0x00, 0x00, 0x00, 0x00, 0x00, 0x00, 0x00, 0x00, 0x00, 0x00,
        0x00, 0x00, 0x00, 0x00, 0x00, 0x00, 0x00, 0x00, 0x00, 0x00, 0x00, 0x00, 0x00, 0x00, 0x00, 0x00,
        0x00, 0x00, 0x00, 0x00, 0x00, 0x00, 0x00, 0x00, 0x00, 0x00, 0x00, 0x00, 0x00, 0x00, 0x00, 0x00,
        0x00, 0x00, 0x00, 0x00, 0x00, 0x00, 0x00, 0x00, 0x00, 0x00, 0x00, 0x00, 0x00, 0x00, 0x00, 0x00,
        0x00, 0x00, 0x00, 0x00, 0xE6, 0x3E, 0x00, 0x00, 0x00, 0x00, 0x00, 0x00, 0x00, 0x00, 0x00, 0x00,
        0x00, 0x00, 0x00, 0x00, 0x00, 0x00, 0x00, 0x00, 0x00, 0x00, 0x00, 0x00, 0x00, 0x00, 0x00, 0x00,
        0x00, 0x00, 0x00, 0x00, 0x00, 0x00, 0x00, 0x00, 0x00, 0x00, 0x00, 0x00, 0x00, 0x00, 0x00, 0x00,
        0x00, 0x00, 0x00, 0x00, 0x00, 0x00, 0x00, 0x00, 0x00, 0x00, 0x00, 0x00, 0x00, 0x00, 0x00, 0x00,
        0x00, 0x00, 0x00, 0x00, 0x00, 0x00, 0x00, 0x00, 0x00, 0x00, 0x00, 0x00, 0x00, 0x00, 0x00, 0x00,
        0x00, 0x00, 0x00, 0x00, 0x00, 0x00, 0x00, 0x00, 0x00, 0x00, 0x00, 0x00, 0x00, 0x00, 0x00, 0x00,
        0xBF, 0xBF, 0xBF, 0xFF, 0xFF, 0xFF, 0xFF, 0xFF, 0xFF, 0xFF, 0xFF, 0xFF, 0x00, 0x00, 0x00, 0xBF,
        0xBF, 0xBF, 0xFF, 0xFF, 0xFF, 0xFF, 0xFF, 0xFF, 0xFF, 0xFF, 0xFF, 0x40, 0x40, 0x40, 0x80, 0x80,
        0x80, 0xFF, 0xFF, 0xFF, 0xFF, 0xFF, 0xFF, 0xFF, 0xFF, 0xFF, 0x40, 0x40, 0x40, 0x00, 0x00, 0x00,
        0x00, 0x00, 0x00, 0x00, 0x00, 0x00, 0x00, 0x00, 0x00, 0x00, 0x00, 0x00, 0x00, 0x00, 0x00, 0x00,
        0x00, 0x00, 0x00, 0x00, 0x00, 0x00, 0x00, 0x00, 0x00, 0x00, 0x00, 0x00, 0x00, 0x00, 0x00, 0x00,
        0x00, 0x00, 0x00, 0x00, 0x00, 0x00, 0x00, 0x00, 0x00, 0x00, 0x00, 0x00, 0x00, 0x00, 0x00, 0x00,
        0x00, 0x00, 0x00, 0x00, 0x00, 0x00, 0x00, 0x00, 0x00, 0x00, 0x00, 0x00, 0x00, 0x00, 0x00, 0x00,
        0x00, 0x00, 0x00, 0x00, 0x00, 0x00, 0x00, 0x00, 0x00, 0x00, 0x00, 0x00, 0x00, 0x00, 0x00, 0x00,
        0x00, 0x00, 0x00, 0x00, 0x00, 0x00, 0x00, 0x00, 0x00, 0x00, 0x00, 0x00, 0x00, 0x00, 0x00, 0x00,
        0x00, 0x00, 0x00, 0x00, 0x00, 0x00, 0x00, 0x00, 0x00, 0x00, 0x00, 0x00, 0x00, 0x00, 0x00, 0x00,
        0x00, 0x00, 0x00, 0x00, 0x00, 0x00, 0x00, 0x00, 0x00, 0x00, 0x00, 0x00, 0x00, 0x00, 0x00, 0x00,
        0x00, 0x00, 0x00, 0x00, 0xCC, 0xBE, 0x00, 0x00, 0x00, 0x00, 0x00, 0x00, 0x00, 0x00, 0x00, 0x00,
        0x00, 0x00, 0x00, 0x00, 0x00, 0x00, 0x00, 0x00, 0x00, 0x00, 0x00, 0x00, 0x00, 0x00, 0x00, 0x00,
        0x00, 0x00, 0x00, 0x00, 0x00, 0x00, 0x00, 0x00, 0x00, 0x00, 0x00, 0x00, 0x00, 0x00, 0x00, 0x00,
        0x00, 0x00, 0x00, 0x00, 0x00, 0x00, 0x00, 0x00, 0x00, 0x00, 0x00, 0x00, 0x00, 0x00, 0x00, 0x00,
        0x00, 0x00, 0x00, 0x00, 0x00, 0x00, 0x00, 0x00, 0x00, 0x00, 0x00, 0x00, 0x00, 0x00, 0x00, 0x00,
        0x00, 0x00, 0x00, 0x00, 0x00, 0x00, 0x00, 0x00, 0x00, 0x00, 0x00, 0x00, 0x00, 0x00, 0x00, 0x00,
        0xBF, 0xBF, 0xBF, 0xFF, 0xFF, 0xFF, 0xFF, 0xFF, 0xFF, 0xFF, 0xFF, 0xFF, 0x00, 0x00, 0x00, 0xBF,
        0xBF, 0xBF, 0xFF, 0xFF, 0xFF, 0xFF, 0xFF, 0xFF, 0xFF, 0xFF, 0xFF, 0x40, 0x40, 0x40, 0x80, 0x80,
        0x80, 0xFF, 0xFF, 0xFF, 0xFF, 0xFF, 0xFF, 0xFF, 0xFF, 0xFF, 0x40, 0x40, 0x40, 0x00, 0x00, 0x00,
        0x00, 0x00, 0x00, 0x00, 0x00, 0x00, 0x00, 0x00, 0x00, 0x00, 0x00, 0x00, 0x00, 0x00, 0x00, 0x00,
        0x00, 0x00, 0x00, 0x00, 0x00, 0x00, 0x00, 0x00, 0x00, 0x00, 0x00, 0x00, 0x00, 0x00, 0x00, 0x00,
        0x00, 0x00, 0x00, 0x00, 0x00, 0x00, 0x00, 0x00, 0x00, 0x00, 0x00, 0x00, 0x00, 0x00, 0x00, 0x00,
        0x00, 0x00, 0x00, 0x00, 0x00, 0x00, 0x00, 0x00, 0x00, 0x00, 0x00, 0x00, 0x00, 0x00, 0x00, 0x00,
        0x00, 0x00, 0x00, 0x00, 0x00, 0x00, 0x00, 0x00, 0x00, 0x00, 0x00, 0x00, 0x00, 0x00, 0x00, 0x00,
        0x00, 0x00, 0x00, 0x00, 0x00, 0x00, 0x00, 0x00, 0x00, 0x00, 0x00, 0x00, 0x00, 0x00, 0x00, 0x00,
        0x00, 0x00, 0x00, 0x00, 0x00, 0x00, 0x00, 0x00, 0x00, 0x00, 0x00, 0x00, 0x00, 0x00, 0x00, 0x00,
        0x00, 0x00, 0x00, 0x00, 0x00, 0x00, 0x00, 0x00, 0x00, 0x00, 0x00, 0x00, 0x00, 0x00, 0x00, 0x00,
        0x00, 0x00, 0x00, 0x00, 0x3F, 0x3E, 0x00, 0x00, 0x00, 0x00, 0x00, 0x00, 0x00, 0x00, 0x00, 0x00,
        0x00, 0x00, 0x00, 0x00, 0x00, 0x00, 0x00, 0x00, 0x00, 0x00, 0x00, 0x00, 0x00, 0x00, 0x00, 0x00,
        0x00, 0x00, 0x00, 0x00, 0x00, 0x00, 0x00, 0x00, 0x00, 0x00, 0x00, 0x00, 0x00, 0x00, 0x00, 0x00,
        0x00, 0x00, 0x00, 0x00, 0x00, 0x00, 0x00, 0x00, 0x00, 0x00, 0x00, 0x00, 0x00, 0x00, 0x00, 0x00,
        0x00, 0x00, 0x00, 0x00, 0x00, 0x00, 0x00, 0x00, 0x00, 0x00, 0x00, 0x00, 0x00, 0x00, 0x00, 0x00,
        0x00, 0x00, 0x00, 0x00, 0x00, 0x00, 0x00, 0x00, 0x00, 0x00, 0x00, 0x00, 0x00, 0x00, 0x00, 0x00,
        0xBF, 0xBF, 0xBF, 0xFF, 0xFF, 0xFF, 0xFF, 0xFF, 0xFF, 0xFF, 0xFF, 0xFF, 0x00, 0x00, 0x00, 0xBF,
        0xBF, 0xBF, 0xFF, 0xFF, 0xFF, 0xFF, 0xFF, 0xFF, 0xFF, 0xFF, 0xFF, 0x40, 0x40, 0x40, 0x80, 0x80,
        0x80, 0xFF, 0xFF, 0xFF, 0xFF, 0xFF, 0xFF, 0xFF, 0xFF, 0xFF, 0x40, 0x40, 0x40, 0x00, 0x00, 0x00,
        0x00, 0x00, 0x00, 0x00, 0x00, 0x00, 0x00, 0x00, 0x00, 0x00, 0x00, 0x00, 0x00, 0x00, 0x00, 0x00,
        0x00, 0x00, 0x00, 0x00, 0x00, 0x00, 0x00, 0x00, 0x00, 0x00, 0x00, 0x00, 0x00, 0x00, 0x00, 0x00,
        0x00, 0x00, 0x00, 0x00, 0x00, 0x00, 0x00, 0x00, 0x00, 0x00, 0x00, 0x00, 0x00, 0x00, 0x00, 0x00,
        0x00, 0x00, 0x00, 0x00, 0x00, 0x00, 0x00, 0x00, 0x00, 0x00, 0x00, 0x00, 0x00, 0x00, 0x00, 0x00,
        0x00, 0x00, 0x00, 0x00, 0x00, 0x00, 0x00, 0x00, 0x00, 0x00, 0x00, 0x00, 0x00, 0x00, 0x00, 0x00,
        0x00, 0x00, 0x00, 0x00, 0x00, 0x00, 0x00, 0x00, 0x00, 0x00, 0x00, 0x00, 0x00, 0x00, 0x00, 0x00,
        0x00, 0x00, 0x00, 0x00, 0x00, 0x00, 0x00, 0x00, 0x00, 0x00, 0x00, 0x00, 0x00, 0x00, 0x00, 0x00,
        0x00, 0x00, 0x00, 0x00, 0x00, 0x00, 0x00, 0x00, 0x00, 0x00, 0x00, 0x00, 0x00, 0x00, 0x00, 0x00,
        0x00, 0x00, 0x00, 0x00, 0xC3, 0xBD, 0x00, 0x00, 0x00, 0x00, 0x00, 0x00, 0x00, 0x00, 0x00, 0x00,
        0x00, 0x00, 0x00, 0x00, 0x00, 0x00, 0x00, 0x00, 0x00, 0x00, 0x00, 0x00, 0x00, 0x00, 0x00, 0x00,
        0x00, 0x00, 0x00, 0x00, 0x00, 0x00, 0x00, 0x00, 0x00, 0x00, 0x00, 0x00, 0x00, 0x00, 0x00, 0x00,
        0x00, 0x00, 0x00, 0x00, 0x00, 0x00, 0x00, 0x00, 0x00, 0x00, 0x00, 0x00, 0x00, 0x00, 0x00, 0x00,
        0x00, 0x00, 0x00, 0x00, 0x00, 0x00, 0x00, 0x00, 0x00, 0x00, 0x00, 0x00, 0x00, 0x00, 0x00, 0x00,
        0x00, 0x00, 0x00, 0x00, 0x00, 0x00, 0x00, 0x00, 0x00, 0x00, 0x00, 0x00, 0x00, 0x00, 0x00, 0x00,
        0xBF, 0xBF, 0xBF, 0xFF, 0xFF, 0xFF, 0xFF, 0xFF, 0xFF, 0xFF, 0xFF, 0xFF, 0x00, 0x00, 0x00, 0xBF,
        0xBF, 0xBF, 0xFF, 0xFF, 0xFF, 0xFF, 0xFF, 0xFF, 0xFF, 0xFF, 0xFF, 0x40, 0x40, 0x40, 0x80, 0x80,
        0x80, 0xFF, 0xFF, 0xFF, 0xFF, 0xFF, 0xFF, 0xFF, 0xFF, 0xFF, 0x40, 0x40, 0x40, 0x00, 0x00, 0x00,
        0x00, 0x00, 0x00, 0x00, 0x00, 0x00, 0x00, 0x00, 0x00, 0x00, 0x00, 0x00, 0x00, 0x00, 0x00, 0x00,
        0x00, 0x00, 0x00, 0x00, 0x00, 0x00, 0x00, 0x00, 0x00, 0x00, 0x00, 0x00, 0x00, 0x00, 0x00, 0x00,
        0x00, 0x00, 0x00, 0x00, 0x00, 0x00, 0x00, 0x00, 0x00, 0x00, 0x00, 0x00, 0x00, 0x00, 0x00, 0x00,
        0x00, 0x00, 0x00, 0x00, 0x00, 0x00, 0x00, 0x00, 0x00, 0x00, 0x00, 0x00, 0x00, 0x00, 0x00, 0x00,
        0x00, 0x00, 0x00, 0x00, 0x00, 0x00, 0x00, 0x00, 0x00, 0x00, 0x00, 0x00, 0x00, 0x00, 0x00, 0x00,
        0x00, 0x00, 0x00, 0x00, 0x00, 0x00, 0x00, 0x00, 0x00, 0x00, 0x00, 0x00, 0x00, 0x00, 0x00, 0x00,
        0x00, 0x00, 0x00, 0x00, 0x00, 0x00, 0x00, 0x00, 0x00, 0x00, 0x00, 0x00, 0x00, 0x00, 0x00, 0x00,
        0x00, 0x00, 0x00, 0x00, 0x00, 0x00, 0x00, 0x00, 0x00, 0x00, 0x00, 0x00, 0x00, 0x00, 0x00, 0x00,
        0x00, 0x00, 0x00, 0x00, 0xE5, 0x3E, 0x00, 0x00, 0x00, 0x00, 0x00, 0x00, 0x00, 0x00, 0x00, 0x00,
        0x00, 0x00, 0x00, 0x00, 0x00, 0x00, 0x00, 0x00, 0x00, 0x00, 0x00, 0x00, 0x00, 0x00, 0x00, 0x00,
        0x00, 0x00, 0x00, 0x00, 0x00, 0x00, 0x00, 0x00, 0x00, 0x00, 0x00, 0x00, 0x00, 0x00, 0x00, 0x00,
        0x00, 0x00, 0x00, 0x00, 0x00, 0x00, 0x00, 0x00, 0x00, 0x00, 0x00, 0x00, 0x00, 0x00, 0x00, 0x00,
        0x00, 0x00, 0x00, 0x00, 0x00, 0x00, 0x00, 0x00, 0x00, 0x00, 0x00, 0x00, 0x00, 0x00, 0x00, 0x00,
        0x00, 0x00, 0x00, 0x00, 0x00, 0x00, 0x00, 0x00, 0x00, 0x00, 0x00, 0x00, 0x00, 0x00, 0x00, 0x00,
        0xBF, 0xBF, 0xBF, 0xFF, 0xFF, 0xFF, 0xFF, 0xFF, 0xFF, 0xFF, 0xFF, 0xFF, 0x00, 0x00, 0x00, 0xBF,
        0xBF, 0xBF, 0xFF, 0xFF, 0xFF, 0xFF, 0xFF, 0xFF, 0xFF, 0xFF, 0xFF, 0x40, 0x40, 0x40, 0x80, 0x80,
        0x80, 0xFF, 0xFF, 0xFF, 0xFF, 0xFF, 0xFF, 0xFF, 0xFF, 0xFF, 0x40, 0x40, 0x40, 0x00, 0x00, 0x00,
        0x00, 0x00, 0x00, 0x00, 0x00, 0x00, 0x00, 0x00, 0x00, 0x00, 0x00, 0x00, 0x00, 0x00, 0x00, 0x00,
        0x00, 0x00, 0x00, 0x00, 0x00, 0x00, 0x00, 0x00, 0x00, 0x00, 0x00, 0x00, 0x00, 0x00, 0x00, 0x00,
        0x00, 0x00, 0x00, 0x00, 0x00, 0x00, 0x00, 0x00, 0x00, 0x00, 0x00, 0x00, 0x00, 0x00, 0x00, 0x00,
        0x00, 0x00, 0x00, 0x00, 0x00, 0x00, 0x00, 0x00, 0x00, 0x00, 0x00, 0x00, 0x00, 0x00, 0x00, 0x00,
        0x00, 0x00, 0x00, 0x00, 0x00, 0x00, 0x00, 0x00, 0x00, 0x00, 0x00, 0x00, 0x00, 0x00, 0x00, 0x00,
        0x00, 0x00, 0x00, 0x00, 0x00, 0x00, 0x00, 0x00, 0x00, 0x00, 0x00, 0x00, 0x00, 0x00, 0x00, 0x00,
        0x00, 0x00, 0x00, 0x00, 0x00, 0x00, 0x00, 0x00, 0x00, 0x00, 0x00, 0x00, 0x00, 0x00, 0x00, 0x00,
        0x00, 0x00, 0x00, 0x00, 0x00, 0x00, 0x00, 0x00, 0x00, 0x00, 0x00, 0x00, 0x00, 0x00, 0x00, 0x00,
        0x00, 0x00, 0x00, 0x00, 0x4F, 0xBC, 0x00, 0x00, 0x00, 0x00, 0x00, 0x00, 0x00, 0x00, 0x00, 0x00,
        0x00, 0x00, 0x00, 0x00, 0x00, 0x00, 0x00, 0x00, 0x00, 0x00, 0x00, 0x00, 0x00, 0x00, 0x00, 0x00,
        0x00, 0x00, 0x00, 0x00, 0x00, 0x00, 0x00, 0x00, 0x00, 0x00, 0x00, 0x00, 0x00, 0x00, 0x00, 0x00,
        0x00, 0x00, 0x00, 0x00, 0x00, 0x00, 0x00, 0x00, 0x00, 0x00, 0x00, 0x00, 0x00, 0x00, 0x00, 0x00,
        0x00, 0x00, 0x00, 0x00, 0x00, 0x00, 0x00, 0x00, 0x00, 0x00, 0x00, 0x00, 0x00, 0x00, 0x00, 0x00,
        0x00, 0x20, 0x20, 0x20, 0x80, 0x80, 0x80, 0x80, 0x80, 0x80, 0x10, 0x10, 0x10, 0x00, 0x00, 0x00,
        0xBF, 0xBF, 0xBF, 0xFF, 0xFF, 0xFF, 0xFF, 0xFF, 0xFF, 0xFF, 0xFF, 0xFF, 0x00, 0x00, 0x00, 0xBF,
        0xBF, 0xBF, 0xFF, 0xFF, 0xFF, 0xFF, 0xFF, 0xFF, 0xFF, 0xFF, 0xFF, 0x40, 0x40, 0x40, 0x80, 0x80,
        0x80, 0xFF, 0xFF, 0xFF, 0xFF, 0xFF, 0xFF, 0xFF, 0xFF, 0xFF, 0x40, 0x40, 0x40, 0x00, 0x00, 0x00,
        0x00, 0x00, 0x00, 0x00, 0x00, 0x00, 0x00, 0x00, 0x00, 0x00, 0x00, 0x00, 0x00, 0x00, 0x00, 0x00,
        0x00, 0x00, 0x00, 0x00, 0x00, 0x00, 0x00, 0x00, 0x00, 0x00, 0x00, 0x00, 0x00, 0x00, 0x00, 0x00,
        0x00, 0x00, 0x00, 0x00, 0x00, 0x00, 0x00, 0x00, 0x00, 0x00, 0x00, 0x00, 0x00, 0x00, 0x00, 0x00,
        0x00, 0x00, 0x00, 0x00, 0x00, 0x00, 0x00, 0x00, 0x00, 0x00, 0x00, 0x00, 0x00, 0x00, 0x00, 0x00,
        0x00, 0x00, 0x00, 0x00, 0x00, 0x00, 0x00, 0x00, 0x00, 0x00, 0x00, 0x00, 0x00, 0x00, 0x00, 0x00,
        0x00, 0x00, 0x00, 0x00, 0x00, 0x00, 0x00, 0x00, 0x00, 0x00, 0x00, 0x00, 0x00, 0x00, 0x00, 0x00,
        0x00, 0x00, 0x00, 0x00, 0x00, 0x00, 0x00, 0x00, 0x00, 0x00, 0x00, 0x00, 0x00, 0x00, 0x00, 0x00,
        0x00, 0x00, 0x00, 0x00, 0x00, 0x00, 0x00, 0x00, 0x00, 0x00, 0x00, 0x00, 0x00, 0x00, 0x00, 0x00,
        0x00, 0x00, 0x00, 0x00, 0xF2, 0x3D, 0x00, 0x00, 0x00, 0x00, 0x00, 0x00, 0x00, 0x00, 0x00, 0x00,
        0x00, 0x00, 0x00, 0x00, 0x00, 0x00, 0x00, 0x00, 0x00, 0x00, 0x00, 0x00, 0x00, 0x00, 0x00, 0x00,
        0x00, 0x00, 0x00, 0x00, 0x00, 0x00, 0x00, 0x00, 0x00, 0x00, 0x00, 0x00, 0x00, 0x00, 0x00, 0x00,
        0x00, 0x00, 0x00, 0x00, 0x00, 0x00, 0x00, 0x00, 0x00, 0x00, 0x00, 0x00, 0x00, 0x00, 0x00, 0x00,
        0x00, 0x00, 0x00, 0x00, 0x00, 0x00, 0x00, 0x00, 0x00, 0x00, 0x00, 0x00, 0x00, 0x00, 0x00, 0x00,
        0x00, 0xDF, 0xDF, 0xDF, 0xFF, 0xFF, 0xFF, 0xFF, 0xFF, 0xFF, 0xAF, 0xAF, 0xAF, 0x00, 0x00, 0x00,
        0xBF, 0xBF, 0xBF, 0xFF, 0xFF, 0xFF, 0xFF, 0xFF, 0xFF, 0xFF, 0xFF, 0xFF, 0x00, 0x00, 0x00, 0xBF,
        0xBF, 0xBF, 0xFF, 0xFF, 0xFF, 0xFF, 0xFF, 0xFF, 0xFF, 0xFF, 0xFF, 0x40, 0x40, 0x40, 0x80, 0x80,
        0x80, 0xFF, 0xFF, 0xFF, 0xFF, 0xFF, 0xFF, 0xFF, 0xFF, 0xFF, 0x40, 0x40, 0x40, 0x00, 0x00, 0x00,
        0x00, 0x00, 0x00, 0x00, 0x00, 0x00, 0x00, 0x00, 0x00, 0x00, 0x00, 0x00, 0x00, 0x00, 0x00, 0x00,
        0x00, 0x00, 0x00, 0x00, 0x00, 0x00, 0x00, 0x00, 0x00, 0x00, 0x00, 0x00, 0x00, 0x00, 0x00, 0x00,
        0x00, 0x00, 0x00, 0x00, 0x00, 0x00, 0x00, 0x00, 0x00, 0x00, 0x00, 0x00, 0x00, 0x00, 0x00, 0x00,
        0x00, 0x00, 0x00, 0x00, 0x00, 0x00, 0x00, 0x00, 0x00, 0x00, 0x00, 0x00, 0x00, 0x00, 0x00, 0x00,
        0x00, 0x00, 0x00, 0x00, 0x00, 0x00, 0x00, 0x00, 0x00, 0x00, 0x00, 0x00, 0x00, 0x00, 0x00, 0x00,
        0x00, 0x00, 0x00, 0x00, 0x00, 0x00, 0x00, 0x00, 0x00, 0x00, 0x00, 0x00, 0x00, 0x00, 0x00, 0x00,
        0x00, 0x00, 0x00, 0x00, 0x00, 0x00, 0x00, 0x00, 0x00, 0x00, 0x00, 0x00, 0x00, 0x00, 0x00, 0x00,
        0x00, 0x00, 0x00, 0x00, 0x00, 0x00, 0x00, 0x00, 0x00, 0x00, 0x00, 0x00, 0x00, 0x00, 0x00, 0x00,
        0x00, 0x00, 0x00, 0x00, 0xA6, 0xBD, 0x00, 0x00, 0x00, 0x00, 0x00, 0x00, 0x00, 0x00, 0x00, 0x00,
        0x00, 0x00, 0x00, 0x00, 0x00, 0x00, 0x00, 0x00, 0x00, 0x00, 0x00, 0x00, 0x00, 0x00, 0x00, 0x00,
        0x00, 0x00, 0x00, 0x00, 0x00, 0x00, 0x00, 0x00, 0x00, 0x00, 0x00, 0x00, 0x00, 0x00, 0x00, 0x00,
        0x00, 0x00, 0x00, 0x00, 0x00, 0x00, 0x00, 0x00, 0x00, 0x00, 0x00, 0x00, 0x00, 0x00, 0x00, 0x00,
        0x00, 0x00, 0x00, 0x00, 0x00, 0x00, 0x00, 0x00, 0x00, 0x00, 0x00, 0x00, 0x00, 0x00, 0x00, 0x00,
        0x00, 0xFF, 0xFF, 0xFF, 0xFF, 0xFF, 0xFF, 0xFF, 0xFF, 0xFF, 0xBF, 0xBF, 0xBF, 0x00, 0x00, 0x00,
        0xBF, 0xBF, 0xBF, 0xFF, 0xFF, 0xFF, 0xFF, 0xFF, 0xFF, 0xFF, 0xFF, 0xFF, 0x00, 0x00, 0x00, 0xBF,
        0xBF, 0xBF, 0xFF, 0xFF, 0xFF, 0xFF, 0xFF, 0xFF, 0xFF, 0xFF, 0xFF, 0x40, 0x40, 0x40, 0x80, 0x80,
        0x80, 0xFF, 0xFF, 0xFF, 0xFF, 0xFF, 0xFF, 0xFF, 0xFF, 0xFF, 0x40, 0x40, 0x40, 0x00, 0x00, 0x00,
        0x50, 0x50, 0x50, 0x80, 0x80, 0x80, 0x60, 0x60, 0x60, 0x00, 0x00, 0x00, 0x00, 0x00, 0x00, 0x00,
        0x00, 0x00, 0x00, 0x00, 0x00, 0x00, 0x00, 0x00, 0x00, 0x00, 0x00, 0x00, 0x00, 0x00, 0x00, 0x00,
        0x00, 0x00, 0x00, 0x00, 0x00, 0x00, 0x00, 0x00, 0x00, 0x00, 0x00, 0x00, 0x00, 0x00, 0x00, 0x00,
        0x00, 0x00, 0x00, 0x00, 0x00, 0x00, 0x00, 0x00, 0x00, 0x00, 0x00, 0x00, 0x00, 0x00, 0x00, 0x00,
        0x00, 0x00, 0x00, 0x00, 0x00, 0x00, 0x00, 0x00, 0x00, 0x00, 0x00, 0x00, 0x00, 0x00, 0x00, 0x00,
        0x00, 0x00, 0x00, 0x00, 0x00, 0x00, 0x00, 0x00, 0x00, 0x00, 0x00, 0x00, 0x00, 0x00, 0x00, 0x00,
        0x00, 0x00, 0x00, 0x00, 0x00, 0x00, 0x00, 0x00, 0x00, 0x00, 0x00, 0x00, 0x00, 0x00, 0x00, 0x00,
        0x00, 0x00, 0x00, 0x00, 0x00, 0x00, 0x00, 0x00, 0x00, 0x00, 0x00, 0x00, 0x00, 0x00, 0x00, 0x00,
        0x00, 0x00, 0x00, 0x00, 0x95, 0xBE, 0x00, 0x00, 0x00, 0x00, 0x00, 0x00, 0x00, 0x00, 0x00, 0x00,
        0x00, 0x00, 0x00, 0x00, 0x00, 0x00, 0x00, 0x00, 0x00, 0x00, 0x00, 0x00, 0x00, 0x00, 0x00, 0x00,
        0x00, 0x00, 0x00, 0x00, 0x00, 0x00, 0x00, 0x00, 0x00, 0x00, 0x00, 0x00, 0x00, 0x00, 0x00, 0x00,
        0x00, 0x00, 0x00, 0x00, 0x00, 0x00, 0x00, 0x00, 0x00, 0x00, 0x00, 0x00, 0x00, 0x00, 0x00, 0x00,
        0x00, 0x00, 0x00, 0x00, 0x00, 0x00, 0x00, 0x00, 0x00, 0x00, 0x00, 0x00, 0x00, 0x00, 0x00, 0x00,
        0x00, 0xFF, 0xFF, 0xFF, 0xFF, 0xFF, 0xFF, 0xFF, 0xFF, 0xFF, 0xBF, 0xBF, 0xBF, 0x00, 0x00, 0x00,
        0xBF, 0xBF, 0xBF, 0xFF, 0xFF, 0xFF, 0xFF, 0xFF, 0xFF, 0xFF, 0xFF, 0xFF, 0x00, 0x00, 0x00, 0xBF,
        0xBF, 0xBF, 0xFF, 0xFF, 0xFF, 0xFF, 0xFF, 0xFF, 0xFF, 0xFF, 0xFF, 0x40, 0x40, 0x40, 0x80, 0x80,
        0x80, 0xFF, 0xFF, 0xFF, 0xFF, 0xFF, 0xFF, 0xFF, 0xFF, 0xFF, 0x40, 0x40, 0x40, 0x30, 0x30, 0x30,
        0xFF, 0xFF, 0xFF, 0xFF, 0xFF, 0xFF, 0xFF, 0xFF, 0xFF, 0x60, 0x60, 0x60, 0x00, 0x00, 0x00, 0x00,
        0x00, 0x00, 0x00, 0x00, 0x00, 0x00, 0x00, 0x00, 0x00, 0x00, 0x00, 0x00, 0x00, 0x00, 0x00, 0x00,
        0x00, 0x00, 0x00, 0x00, 0x00, 0x00, 0x00, 0x00, 0x00, 0x00, 0x00, 0x00, 0x00, 0x00, 0x00, 0x00,
        0x00, 0x00, 0x00, 0x00, 0x00, 0x00, 0x00, 0x00, 0x00, 0x00, 0x00, 0x00, 0x00, 0x00, 0x00, 0x00,
        0x00, 0x00, 0x00, 0x00, 0x00, 0x00, 0x00, 0x00, 0x00, 0x00, 0x00, 0x00, 0x00, 0x00, 0x00, 0x00,
        0x00, 0x00, 0x00, 0x00, 0x00, 0x00, 0x00, 0x00, 0x00, 0x00, 0x00, 0x00, 0x00, 0x00, 0x00, 0x00,
        0x00, 0x00, 0x00, 0x00, 0x00, 0x00, 0x00, 0x00, 0x00, 0x00, 0x00, 0x00, 0x00, 0x00, 0x00, 0x00,
        0x00, 0x00, 0x00, 0x00, 0x00, 0x00, 0x00, 0x00, 0x00, 0x00, 0x00, 0x00, 0x00, 0x00, 0x00, 0x00,
        0x00, 0x00, 0x00, 0x00, 0xF7, 0x3F, 0x00, 0x00, 0x00, 0x00, 0x00, 0x00, 0x00, 0x00, 0x00, 0x00,
        0x00, 0x00, 0x00, 0x00, 0x00, 0x00, 0x00, 0x00, 0x00, 0x00, 0x00, 0x00, 0x00, 0x00, 0x00, 0x00,
        0x00, 0x00, 0x00, 0x00, 0x00, 0x00, 0x00, 0x00, 0x00, 0x00, 0x00, 0x00, 0x00, 0x00, 0x00, 0x00,
        0x00, 0x00, 0x00, 0x00, 0x00, 0x00, 0x00, 0x00, 0x00, 0x00, 0x00, 0x00, 0x00, 0x00, 0x00, 0x00,
        0x00, 0x00, 0x00, 0x00, 0x00, 0x00, 0x00, 0x00, 0x00, 0x00, 0x00, 0x00, 0x00, 0x00, 0x00, 0x00,
        0x00, 0xFF, 0xFF, 0xFF, 0xFF, 0xFF, 0xFF, 0xFF, 0xFF, 0xFF, 0xBF, 0xBF, 0xBF, 0x00, 0x00, 0x00,
        0xBF, 0xBF, 0xBF, 0xFF, 0xFF, 0xFF, 0xFF, 0xFF, 0xFF, 0xFF, 0xFF, 0xFF, 0x00, 0x00, 0x00, 0xBF,
        0xBF, 0xBF, 0xFF, 0xFF, 0xFF, 0xFF, 0xFF, 0xFF, 0xFF, 0xFF, 0xFF, 0x40, 0x40, 0x40, 0x80, 0x80,
        0x80, 0xFF, 0xFF, 0xFF, 0xFF, 0xFF, 0xFF, 0xFF, 0xFF, 0xFF, 0x40, 0x40, 0x40, 0x40, 0x40, 0x40,
        0xFF, 0xFF, 0xFF, 0xFF, 0xFF, 0xFF, 0xFF, 0xFF, 0xFF, 0x80, 0x80, 0x80, 0x00, 0x00, 0x00, 0x00,
        0x00, 0x00, 0x00, 0x00, 0x00, 0x00, 0x00, 0x00, 0x00, 0x00, 0x00, 0x00, 0x00, 0x00, 0x00, 0x00,
        0x00, 0x40, 0x40, 0x40, 0x30, 0x30, 0x30, 0x00, 0x00, 0x00, 0x00, 0x00, 0x00, 0x00, 0x00, 0x00,
        0x00, 0x00, 0x00, 0x00, 0x00, 0x00, 0x00, 0x00, 0x00, 0x00, 0x00, 0x00, 0x00, 0x00, 0x00, 0x00,
        0x00, 0x00, 0x00, 0x00, 0x00, 0x00, 0x00, 0x00, 0x00, 0x00, 0x00, 0x00, 0x00, 0x00, 0x00, 0x00,
        0x00, 0x00, 0x00, 0x00, 0x00, 0x00, 0x00, 0x00, 0x00, 0x00, 0x00, 0x00, 0x00, 0x00, 0x00, 0x00,
        0x00, 0x00, 0x00, 0x00, 0x00, 0x00, 0x00, 0x00, 0x00, 0x00, 0x00, 0x00, 0x00, 0x00, 0x00, 0x00,
        0x00, 0x00, 0x00, 0x00, 0x00, 0x00, 0x00, 0x00, 0x00, 0x00, 0x00, 0x00, 0x00, 0x00, 0x00, 0x00,
        0x00, 0x00, 0x00, 0x00, 0x63, 0xBF, 0x00, 0x00, 0x00, 0x00, 0x00, 0x00, 0x00, 0x00, 0x00, 0x00,
        0x00, 0x00, 0x00, 0x00, 0x00, 0x00, 0x00, 0x00, 0x00, 0x00, 0x00, 0x00, 0x00, 0x00, 0x00, 0x00,
        0x00, 0x00, 0x00, 0x00, 0x00, 0x00, 0x00, 0x00, 0x00, 0x00, 0x00, 0x00, 0x00, 0x00, 0x00, 0x00,
        0x00, 0x00, 0x00, 0x00, 0x00, 0x00, 0x00, 0x00, 0x00, 0x00, 0x00, 0x00, 0x00, 0x00, 0x00, 0x00,
        0x00, 0x00, 0x00, 0x00, 0x00, 0x00, 0x00, 0x00, 0x00, 0x00, 0x00, 0x00, 0x00, 0x00, 0x00, 0x00,
        0x00, 0xFF, 0xFF, 0xFF, 0xFF, 0xFF, 0xFF, 0xFF, 0xFF, 0xFF, 0xBF, 0xBF, 0xBF, 0x00, 0x00, 0x00,
        0xBF, 0xBF, 0xBF, 0xFF, 0xFF, 0xFF, 0xFF, 0xFF, 0xFF, 0xFF, 0xFF, 0xFF, 0x00, 0x00, 0x00, 0xBF,
        0xBF, 0xBF, 0xFF, 0xFF, 0xFF, 0xFF, 0xFF, 0xFF, 0xFF, 0xFF, 0xFF, 0x40, 0x40, 0x40, 0x80, 0x80,
        0x80, 0xFF, 0xFF, 0xFF, 0xFF, 0xFF, 0xFF, 0xFF, 0xFF, 0xFF, 0x40, 0x40, 0x40, 0x40, 0x40, 0x40,
        0xFF, 0xFF, 0xFF, 0xFF, 0xFF, 0xFF, 0xFF, 0xFF, 0xFF, 0x80, 0x80, 0x80, 0x00, 0x00, 0x00, 0x00,
        0x00, 0x00, 0x00, 0x00, 0x00, 0x00, 0x00, 0x00, 0x00, 0x00, 0x00, 0x00, 0x00, 0x00, 0xBF, 0xBF,
        0xBF, 0xFF, 0xFF, 0xFF, 0xFF, 0xFF, 0xFF, 0x80, 0x80, 0x80, 0x00, 0x00, 0x00, 0x00, 0x00, 0x00,
        0x00, 0x00, 0x00, 0x00, 0x00, 0x00, 0x00, 0x00, 0x00, 0x00, 0x00, 0x00, 0x00, 0x00, 0x00, 0x00,
        0x00, 0x00, 0x00, 0x00, 0x00, 0x00, 0x00, 0x00, 0x00, 0x00, 0x00, 0x00, 0x00, 0x00, 0x00, 0x00,
        0x00, 0x00, 0x00, 0x00, 0x00, 0x00, 0x00, 0x00, 0x00, 0x00, 0x00, 0x00, 0x00, 0x00, 0x00, 0x00,
        0x00, 0x00, 0x00, 0x00, 0x00, 0x00, 0x00, 0x00, 0x00, 0x00, 0x00, 0x00, 0x00, 0x00, 0x00, 0x00,
        0x00, 0x00, 0x00, 0x00, 0x00, 0x00, 0x00, 0x00, 0x00, 0x00, 0x00, 0x00, 0x00, 0x00, 0x00, 0x00,
        0x00, 0x00, 0x00, 0x00, 0x6B, 0x3C, 0x00, 0x00, 0x00, 0x00, 0x00, 0x00, 0x00, 0x00, 0x00, 0x00,
        0x00, 0x00, 0x00, 0x00, 0x00, 0x00, 0x00, 0x00, 0x00, 0x00, 0x00, 0x00, 0x00, 0x00, 0x00, 0x00,
        0x00, 0x00, 0x00, 0x00, 0x00, 0x00, 0x00, 0x00, 0x00, 0x00, 0x00, 0x00, 0x00, 0x00, 0x00, 0x00,
        0x00, 0x00, 0x00, 0x00, 0x00, 0x00, 0x00, 0x00, 0x00, 0x00, 0x00, 0x00, 0x00, 0x00, 0x00, 0x00,
        0x00, 0x00, 0x9F, 0x9F, 0x9F, 0xFF, 0xFF, 0xFF, 0xEF, 0xEF, 0xEF, 0x30, 0x30, 0x30, 0x00, 0x00,
        0x00, 0xFF, 0xFF, 0xFF, 0xFF, 0xFF, 0xFF, 0xFF, 0xFF, 0xFF, 0xBF, 0xBF, 0xBF, 0x00, 0x00, 0x00,
        0xBF, 0xBF, 0xBF, 0xFF, 0xFF, 0xFF, 0xFF, 0xFF, 0xFF, 0xFF, 0xFF, 0xFF, 0x00, 0x00, 0x00, 0xBF,
        0xBF, 0xBF, 0xFF, 0xFF, 0xFF, 0xFF, 0xFF, 0xFF, 0xFF, 0xFF, 0xFF, 0x40, 0x40, 0x40, 0x80, 0x80,
        0x80, 0xFF, 0xFF, 0xFF, 0xFF, 0xFF, 0xFF, 0xFF, 0xFF, 0xFF, 0x40, 0x40, 0x40, 0x40, 0x40, 0x40,
        0xFF, 0xFF, 0xFF, 0xFF, 0xFF, 0xFF, 0xFF, 0xFF, 0xFF, 0x80, 0x80, 0x80, 0x00, 0x00, 0x00, 0x00,
        0x00, 0x00, 0x00, 0x00, 0x00, 0x00, 0x00, 0x00, 0x00, 0x00, 0x00, 0x00, 0x00, 0x00, 0xFF, 0xFF,
        0xFF, 0xFF, 0xFF, 0xFF, 0xFF, 0xFF, 0xFF, 0xBF, 0xBF, 0xBF, 0x00, 0x00, 0x00, 0x00, 0x00, 0x00,
        0x00, 0x00, 0x00, 0x00, 0x00, 0x00, 0x00, 0x00, 0x00, 0x00, 0x00, 0x00, 0x00, 0x00, 0x00, 0x00,
        0x00, 0x00, 0x00, 0x00, 0x00, 0x00, 0x00, 0x00, 0x00, 0x00, 0x00, 0x00, 0x00, 0x00, 0x00, 0x00,
        0x00, 0x00, 0x00, 0x00, 0x00, 0x00, 0x00, 0x00, 0x00, 0x00, 0x00, 0x00, 0x00, 0x00, 0x00, 0x00,
        0x00, 0x00, 0x00, 0x00, 0x00, 0x00, 0x00, 0x00, 0x00, 0x00, 0x00, 0x00, 0x00, 0x00, 0x00, 0x00,
        0x00, 0x00, 0x00, 0x00, 0x00, 0x00, 0x00, 0x00, 0x00, 0x00, 0x00, 0x00, 0x00, 0x00, 0x00, 0x00,
        0x00, 0x00, 0x00, 0x00, 0xE7, 0xBE, 0x00, 0x00, 0x00, 0x00, 0x00, 0x00, 0x00, 0x00, 0x00, 0x00,
        0x00, 0x00, 0x00, 0x00, 0x00, 0x00, 0x00, 0x00, 0x00, 0x00, 0x00, 0x00, 0x00, 0x00, 0x00, 0x00,
        0x00, 0x00, 0x00, 0x00, 0x00, 0x00, 0x00, 0x00, 0x00, 0x00, 0x00, 0x00, 0x00, 0x00, 0x00, 0x00,
        0x00, 0x00, 0x00, 0x00, 0x00, 0x00, 0x00, 0x00, 0x00, 0x00, 0x00, 0x00, 0x00, 0x00, 0x00, 0x20,
        0x20, 0x20, 0xFF, 0xFF, 0xFF, 0xFF, 0xFF, 0xFF, 0xFF, 0xFF, 0xFF, 0xAF, 0xAF, 0xAF, 0x00, 0x00,
        0x00, 0xFF, 0xFF, 0xFF, 0xFF, 0xFF, 0xFF, 0xFF, 0xFF, 0xFF, 0xBF, 0xBF, 0xBF, 0x00, 0x00, 0x00,
        0xBF, 0xBF, 0xBF, 0xFF, 0xFF, 0xFF, 0xFF, 0xFF, 0xFF, 0xFF, 0xFF, 0xFF, 0x00, 0x00, 0x00, 0xBF,
        0xBF, 0xBF, 0xFF, 0xFF, 0xFF, 0xFF, 0xFF, 0xFF, 0xFF, 0xFF, 0xFF, 0x40, 0x40, 0x40, 0x80, 0x80,
        0x80, 0xFF, 0xFF, 0xFF, 0xFF, 0xFF, 0xFF, 0xFF, 0xFF, 0xFF, 0x40, 0x40, 0x40, 0x40, 0x40, 0x40,
        0xFF, 0xFF, 0xFF, 0xFF, 0xFF, 0xFF, 0xFF, 0xFF, 0xFF, 0x80, 0x80, 0x80, 0x00, 0x00, 0x00, 0x00,
        0x00, 0x00, 0x00, 0x00, 0x00, 0x00, 0x00, 0x00, 0x00, 0x00, 0x00, 0x00, 0x00, 0x00, 0xFF, 0xFF,
        0xFF, 0xFF, 0xFF, 0xFF, 0xFF, 0xFF, 0xFF, 0xBF, 0xBF, 0xBF, 0x00, 0x00, 0x00, 0x00, 0x00, 0x00,
        0x00, 0x00, 0x00, 0x00, 0x00, 0x00, 0x00, 0x00, 0x00, 0x00, 0x00, 0x00, 0x00, 0x00, 0x00, 0x00,
        0x00, 0x00, 0x00, 0x00, 0x00, 0x00, 0x00, 0x00, 0x00, 0x00, 0x00, 0x00, 0x00, 0x00, 0x00, 0x00,
        0x00, 0x00, 0x00, 0x00, 0x00, 0x00, 0x00, 0x00, 0x00, 0x00, 0x00, 0x00, 0x00, 0x00, 0x00, 0x00,
        0x00, 0x00, 0x00, 0x00, 0x00, 0x00, 0x00, 0x00, 0x00, 0x00, 0x00, 0x00, 0x00, 0x00, 0x00, 0x00,
        0x00, 0x00, 0x00, 0x00, 0x00, 0x00, 0x00, 0x00, 0x00, 0x00, 0x00, 0x00, 0x00, 0x00, 0x00, 0x00,
        0x00, 0x00, 0x00, 0x00, 0x28, 0x3F, 0x00, 0x00, 0x00, 0x00, 0x00, 0x00, 0x00, 0x00, 0x00, 0x00,
        0x00, 0x00, 0x00, 0x00, 0x00, 0x00, 0x00, 0x00, 0x00, 0x00, 0x00, 0x00, 0x00, 0x00, 0x00, 0x00,
        0x00, 0x00, 0x00, 0x00, 0x00, 0x00, 0x00, 0x00, 0x00, 0x00, 0x00, 0x00, 0x00, 0x00, 0x00, 0x00,
        0x00, 0x00, 0x00, 0x00, 0x00, 0x00, 0x00, 0x00, 0x00, 0x00, 0x00, 0x00, 0x00, 0x00, 0x00, 0x40,
        0x40, 0x40, 0xFF, 0xFF, 0xFF, 0xFF, 0xFF, 0xFF, 0xFF, 0xFF, 0xFF, 0xBF, 0xBF, 0xBF, 0x00, 0x00,
        0x00, 0xFF, 0xFF, 0xFF, 0xFF, 0xFF, 0xFF, 0xFF, 0xFF, 0xFF, 0xBF, 0xBF, 0xBF, 0x00, 0x00, 0x00,
        0xBF, 0xBF, 0xBF, 0xFF, 0xFF, 0xFF, 0xFF, 0xFF, 0xFF, 0xFF, 0xFF, 0xFF, 0x00, 0x00, 0x00, 0xBF,
        0xBF, 0xBF, 0xFF, 0xFF, 0xFF, 0xFF, 0xFF, 0xFF, 0xFF, 0xFF, 0xFF, 0x40, 0x40, 0x40, 0x80, 0x80,
        0x80, 0xFF, 0xFF, 0xFF, 0xFF, 0xFF, 0xFF, 0xFF, 0xFF, 0xFF, 0x40, 0x40, 0x40, 0x40, 0x40, 0x40,
        0xFF, 0xFF, 0xFF, 0xFF, 0xFF, 0xFF, 0xFF, 0xFF, 0xFF, 0x80, 0x80, 0x80, 0x00, 0x00, 0x00, 0x00,
        0x00, 0x00, 0x00, 0x00, 0x00, 0x00, 0x00, 0x00, 0x00, 0x00, 0x00, 0x00, 0x00, 0x00, 0xFF, 0xFF,
        0xFF, 0xFF, 0xFF, 0xFF, 0xFF, 0xFF, 0xFF, 0xBF, 0xBF, 0xBF, 0x00, 0x00, 0x00, 0x00, 0x00, 0x00,
        0x00, 0x00, 0x00, 0x00, 0x00, 0x00, 0x00, 0x00, 0x00, 0x00, 0x00, 0x00, 0x00, 0x00, 0x00, 0x00,
        0x00, 0x00, 0x00, 0x00, 0x00, 0x00, 0x00, 0x00, 0x00, 0x00, 0x00, 0x00, 0x00, 0x00, 0x00, 0x00,
        0x00, 0x00, 0x00, 0x00, 0x00, 0x00, 0x00, 0x00, 0x00, 0x00, 0x00, 0x00, 0x00, 0x00, 0x00, 0x00,
        0x00, 0x00, 0x00, 0x00, 0x00, 0x00, 0x00, 0x00, 0x00, 0x00, 0x00, 0x00, 0x00, 0x00, 0x00, 0x00,
        0x00, 0x00, 0x00, 0x00, 0x00, 0x00, 0x00, 0x00, 0x00, 0x00, 0x00, 0x00, 0x00, 0x00, 0x00, 0x00,
        0x00, 0x00, 0x00, 0x00, 0x64, 0xBF, 0x00, 0x00, 0x00, 0x00, 0x00, 0x00, 0x00, 0x00, 0x00, 0x00,
        0x00, 0x00, 0x00, 0x00, 0x00, 0x00, 0x00, 0x00, 0x00, 0x00, 0x00, 0x00, 0x00, 0x00, 0x00, 0x00,
        0x00, 0x00, 0x00, 0x00, 0x00, 0x00, 0x00, 0x00, 0x00, 0x00, 0x00, 0x00, 0x00, 0x00, 0x00, 0x00,
        0x00, 0x00, 0x00, 0x00, 0x00, 0x00, 0x00, 0x00, 0x00, 0x00, 0x00, 0x00, 0x00, 0x00, 0x00, 0x40,
        0x40, 0x40, 0xFF, 0xFF, 0xFF, 0xFF, 0xFF, 0xFF, 0xFF, 0xFF, 0xFF, 0xBF, 0xBF, 0xBF, 0x00, 0x00,
        0x00, 0xFF, 0xFF, 0xFF, 0xFF, 0xFF, 0xFF, 0xFF, 0xFF, 0xFF, 0xBF, 0xBF, 0xBF, 0x00, 0x00, 0x00,
        0xBF, 0xBF, 0xBF, 0xFF, 0xFF, 0xFF, 0xFF, 0xFF, 0xFF, 0xFF, 0xFF, 0xFF, 0x00, 0x00, 0x00, 0xBF,
        0xBF, 0xBF, 0xFF, 0xFF, 0xFF, 0xFF, 0xFF, 0xFF, 0xFF, 0xFF, 0xFF, 0x40, 0x40, 0x40, 0x80, 0x80,
        0x80, 0xFF, 0xFF, 0xFF, 0xFF, 0xFF, 0xFF, 0xFF, 0xFF, 0xFF, 0x40, 0x40, 0x40, 0x40, 0x40, 0x40,
        0xFF, 0xFF, 0xFF, 0xFF, 0xFF, 0xFF, 0xFF, 0xFF, 0xFF, 0x80, 0x80, 0x80, 0x00, 0x00, 0x00, 0x00,
        0x00, 0x00, 0x00, 0x00, 0x00, 0x00, 0x00, 0x00, 0x00, 0x00, 0x00, 0x00, 0x00, 0x00, 0xFF, 0xFF,
        0xFF, 0xFF, 0xFF, 0xFF, 0xFF, 0xFF, 0xFF, 0xBF, 0xBF, 0xBF, 0x00, 0x00, 0x00, 0x00, 0x00, 0x00,
        0x00, 0x00, 0x00, 0x00, 0x00, 0x00, 0x00, 0x00, 0x00, 0x00, 0x00, 0x00, 0x00, 0x00, 0x00, 0x00,
        0x00, 0x00, 0x00, 0x00, 0x00, 0x00, 0x00, 0x00, 0x00, 0x00, 0x00, 0x00, 0x00, 0x00, 0x00, 0x00,
        0x00, 0x00, 0x00, 0x00, 0x00, 0x00, 0x00, 0x00, 0x00, 0x00, 0x00, 0x00, 0x00, 0x00, 0x00, 0x00,
        0x00, 0x00, 0x00, 0x00, 0x00, 0x00, 0x00, 0x00, 0x00, 0x00, 0x00, 0x00, 0x00, 0x00, 0x00, 0x00,
        0x00, 0x00, 0x00, 0x00, 0x00, 0x00, 0x00, 0x00, 0x00, 0x00, 0x00, 0x00, 0x00, 0x00, 0x00, 0x00,
        0x00, 0x00, 0x00, 0x00, 0xED, 0x3E, 0x00, 0x00, 0x00, 0x00, 0x00, 0x00, 0x00, 0x00, 0x00, 0x00,
        0x00, 0x00, 0x00, 0x00, 0x00, 0x00, 0x00, 0x00, 0x00, 0x00, 0x00, 0x00, 0x00, 0x00, 0x00, 0x00,
        0x00, 0x00, 0x00, 0x00, 0x00, 0x00, 0x00, 0x00, 0x00, 0x00, 0x00, 0x00, 0x00, 0x00, 0x00, 0x00,
        0x00, 0x00, 0x00, 0x00, 0x00, 0x00, 0x00, 0x00, 0x00, 0x00, 0x00, 0x00, 0x00, 0x00, 0x00, 0x40,
        0x40, 0x40, 0xFF, 0xFF, 0xFF, 0xFF, 0xFF, 0xFF, 0xFF, 0xFF, 0xFF, 0xBF, 0xBF, 0xBF, 0x00, 0x00,
        0x00, 0xFF, 0xFF, 0xFF, 0xFF, 0xFF, 0xFF, 0xFF, 0xFF, 0xFF, 0xBF, 0xBF, 0xBF, 0x00, 0x00, 0x00,
        0xBF, 0xBF, 0xBF, 0xFF, 0xFF, 0xFF, 0xFF, 0xFF, 0xFF, 0xFF, 0xFF, 0xFF, 0x00, 0x00, 0x00, 0xBF,
        0xBF, 0xBF, 0xFF, 0xFF, 0xFF, 0xFF, 0xFF, 0xFF, 0xFF, 0xFF, 0xFF, 0x40, 0x40, 0x40, 0x80, 0x80,
        0x80, 0xFF, 0xFF, 0xFF, 0xFF, 0xFF, 0xFF, 0xFF, 0xFF, 0xFF, 0x40, 0x40, 0x40, 0x40, 0x40, 0x40,
        0xFF, 0xFF, 0xFF, 0xFF, 0xFF, 0xFF, 0xFF, 0xFF, 0xFF, 0x80, 0x80, 0x80, 0x00, 0x00, 0x00, 0x00,
        0x00, 0x00, 0x00, 0x00, 0x00, 0x00, 0x00, 0x00, 0x00, 0x00, 0x00, 0x00, 0x00, 0x00, 0xFF, 0xFF,
        0xFF, 0xFF, 0xFF, 0xFF, 0xFF, 0xFF, 0xFF, 0xBF, 0xBF, 0xBF, 0x00, 0x00, 0x00, 0x30, 0x30, 0x30,
        0xDF, 0xDF, 0xDF, 0xDF, 0xDF, 0xDF, 0x60, 0x60, 0x60, 0x00, 0x00, 0x00, 0x00, 0x00, 0x00, 0x00,
        0x00, 0x00, 0x00, 0x00, 0x00, 0x00, 0x00, 0x00, 0x00, 0x00, 0x00, 0x00, 0x00, 0x00, 0x00, 0x00,
        0x00, 0x00, 0x00, 0x00, 0x00, 0x00, 0x00, 0x00, 0x00, 0x00, 0x00, 0x00, 0x00, 0x00, 0x00, 0x00,
        0x00, 0x00, 0x00, 0x00, 0x00, 0x00, 0x00, 0x00, 0x00, 0x00, 0x00, 0x00, 0x00, 0x00, 0x00, 0x00,
        0x00, 0x00, 0x00, 0x00, 0x00, 0x00, 0x00, 0x00, 0x00, 0x00, 0x00, 0x00, 0x00, 0x00, 0x00, 0x00,
        0x00, 0x00, 0x00, 0x00, 0xA9, 0xBE, 0x00, 0x00, 0x00, 0x00, 0x00, 0x00, 0x00, 0x00, 0x00, 0x00,
        0x00, 0x00, 0x00, 0x00, 0x00, 0x00, 0x00, 0x00, 0x00, 0x00, 0x00, 0x00, 0x00, 0x00, 0x00, 0x00,
        0x00, 0x00, 0x00, 0x00, 0x00, 0x00, 0x00, 0x20, 0x20, 0x20, 0x00, 0x00, 0x00, 0x00, 0x00, 0x00,
        0x00, 0x00, 0x00, 0x00, 0x00, 0x00, 0x00, 0x00, 0x00, 0x00, 0x00, 0x00, 0x00, 0x00, 0x00, 0x40,
        0x40, 0x40, 0xFF, 0xFF, 0xFF, 0xFF, 0xFF, 0xFF, 0xFF, 0xFF, 0xFF, 0xBF, 0xBF, 0xBF, 0x00, 0x00,
        0x00, 0xFF, 0xFF, 0xFF, 0xFF, 0xFF, 0xFF, 0xFF, 0xFF, 0xFF, 0xBF, 0xBF, 0xBF, 0x00, 0x00, 0x00,
        0xBF, 0xBF, 0xBF, 0xFF, 0xFF, 0xFF, 0xFF, 0xFF, 0xFF, 0xFF, 0xFF, 0xFF, 0x00, 0x00, 0x00, 0xBF,
        0xBF, 0xBF, 0xFF, 0xFF, 0xFF, 0xFF, 0xFF, 0xFF, 0xFF, 0xFF, 0xFF, 0x40, 0x40, 0x40, 0x80, 0x80,
        0x80, 0xFF, 0xFF, 0xFF, 0xFF, 0xFF, 0xFF, 0xFF, 0xFF, 0xFF, 0x40, 0x40, 0x40, 0x40, 0x40, 0x40,
        0xFF, 0xFF, 0xFF, 0xFF, 0xFF, 0xFF, 0xFF, 0xFF, 0xFF, 0x80, 0x80, 0x80, 0x00, 0x00, 0x00, 0x60,
        0x60, 0x60, 0xBF, 0xBF, 0xBF, 0xAF, 0xAF, 0xAF, 0x10, 0x10, 0x10, 0x00, 0x00, 0x00, 0xFF, 0xFF,
        0xFF, 0xFF, 0xFF, 0xFF, 0xFF, 0xFF, 0xFF, 0xBF, 0xBF, 0xBF, 0x00, 0x00, 0x00, 0xBF, 0xBF, 0xBF,
        0xFF, 0xFF, 0xFF, 0xFF, 0xFF, 0xFF, 0xEF, 0xEF, 0xEF, 0x00, 0x00, 0x00, 0x00, 0x00, 0x00, 0x00,
        0x00, 0x00, 0x00, 0x00, 0x00, 0x00, 0x00, 0x00, 0x00, 0x00, 0x00, 0x00, 0x00, 0x00, 0x00, 0x00,
        0x00, 0x00, 0x00, 0x00, 0x00, 0x00, 0x00, 0x00, 0x00, 0x00, 0x00, 0x00, 0x00, 0x00, 0x00, 0x00,
        0x00, 0x00, 0x00, 0x00, 0x00, 0x00, 0x00, 0x00, 0x00, 0x00, 0x00, 0x00, 0x00, 0x00, 0x00, 0x00,
        0x00, 0x00, 0x00, 0x00, 0x00, 0x00, 0x00, 0x00, 0x00, 0x00, 0x00, 0x00, 0x00, 0x00, 0x00, 0x00,
        0x00, 0x00, 0x00, 0x00, 0x13, 0xBE, 0x00, 0x00, 0x00, 0x00, 0x00, 0x00, 0x00, 0x00, 0x00, 0x00,
        0x00, 0x00, 0x00, 0x00, 0x00, 0x00, 0x00, 0x00, 0x00, 0x00, 0x00, 0x00, 0x00, 0x00, 0x00, 0x00,
        0x00, 0x20, 0x20, 0x20, 0xDF, 0xDF, 0xDF, 0xFF, 0xFF, 0xFF, 0xCF, 0xCF, 0xCF, 0x10, 0x10, 0x10,
        0x00, 0x00, 0x00, 0x00, 0x00, 0x00, 0x00, 0x00, 0x00, 0x00, 0x00, 0x00, 0x00, 0x00, 0x00, 0x40,
        0x40, 0x40, 0xFF, 0xFF, 0xFF, 0xFF, 0xFF, 0xFF, 0xFF, 0xFF, 0xFF, 0xBF, 0xBF, 0xBF, 0x00, 0x00,
        0x00, 0xFF, 0xFF, 0xFF, 0xFF, 0xFF, 0xFF, 0xFF, 0xFF, 0xFF, 0xBF, 0xBF, 0xBF, 0x00, 0x00, 0x00,
        0xBF, 0xBF, 0xBF, 0xFF, 0xFF, 0xFF, 0xFF, 0xFF, 0xFF, 0xFF, 0xFF, 0xFF, 0x00, 0x00, 0x00, 0xBF,
        0xBF, 0xBF, 0xFF, 0xFF, 0xFF, 0xFF, 0xFF, 0xFF, 0xFF, 0xFF, 0xFF, 0x40, 0x40, 0x40, 0x80, 0x80,
        0x80, 0xFF, 0xFF, 0xFF, 0xFF, 0xFF, 0xFF, 0xFF, 0xFF, 0xFF, 0x40, 0x40, 0x40, 0x40, 0x40, 0x40,
        0xFF, 0xFF, 0xFF, 0xFF, 0xFF, 0xFF, 0xFF, 0xFF, 0xFF, 0x80, 0x80, 0x80, 0x20, 0x20, 0x20, 0xFF,
        0xFF, 0xFF, 0xFF, 0xFF, 0xFF, 0xFF, 0xFF, 0xFF, 0x9F, 0x9F, 0x9F, 0x00, 0x00, 0x00, 0xFF, 0xFF,
        0xFF, 0xFF, 0xFF, 0xFF, 0xFF, 0xFF, 0xFF, 0xBF, 0xBF, 0xBF, 0x00, 0x00, 0x00, 0xBF, 0xBF, 0xBF,
        0xFF, 0xFF, 0xFF, 0xFF, 0xFF, 0xFF, 0xFF, 0xFF, 0xFF, 0x00, 0x00, 0x00, 0x00, 0x00, 0x00, 0x00,
        0x00, 0x00, 0x00, 0x00, 0x00, 0x00, 0x00, 0x00, 0x00, 0x00, 0x00, 0x10, 0x10, 0x10, 0xCF, 0xCF,
        0xCF, 0xFF, 0xFF, 0xFF, 0xAF, 0xAF, 0xAF, 0x00, 0x00, 0x00, 0x00, 0x00, 0x00, 0x00, 0x00, 0x00,
        0x00, 0x00, 0x00, 0x00, 0x00, 0x00, 0x00, 0x00, 0x00, 0x00, 0x00, 0x00, 0x00, 0x00, 0x00, 0x00,
        0x00, 0x00, 0x00, 0x00, 0x00, 0x00, 0x00, 0x00, 0x00, 0x00, 0x00, 0x00, 0x00, 0x00, 0x00, 0x00,
        0x00, 0x00, 0x00, 0x00, 0xB7, 0xBE, 0x00, 0x00, 0x00, 0x00, 0x00, 0x00, 0x00, 0x00, 0x00, 0x00,
        0x00, 0x00, 0x00, 0x00, 0x00, 0x00, 0x00, 0x00, 0x00, 0x00, 0x00, 0x00, 0x00, 0x00, 0x00, 0x00,
        0x00, 0x80, 0x80, 0x80, 0xFF, 0xFF, 0xFF, 0xFF, 0xFF, 0xFF, 0xFF, 0xFF, 0xFF, 0x60, 0x60, 0x60,
        0x00, 0x00, 0x00, 0x00, 0x00, 0x00, 0x00, 0x00, 0x00, 0x00, 0x00, 0x00, 0x00, 0x00, 0x00, 0x40,
        0x40, 0x40, 0xFF, 0xFF, 0xFF, 0xFF, 0xFF, 0xFF, 0xFF, 0xFF, 0xFF, 0xBF, 0xBF, 0xBF, 0x00, 0x00,
        0x00, 0xFF, 0xFF, 0xFF, 0xFF, 0xFF, 0xFF, 0xFF, 0xFF, 0xFF, 0xBF, 0xBF, 0xBF, 0x00, 0x00, 0x00,
        0xBF, 0xBF, 0xBF, 0xFF, 0xFF, 0xFF, 0xFF, 0xFF, 0xFF, 0xFF, 0xFF, 0xFF, 0x00, 0x00, 0x00, 0xBF,
        0xBF, 0xBF, 0xFF, 0xFF, 0xFF, 0xFF, 0xFF, 0xFF, 0xFF, 0xFF, 0xFF, 0x40, 0x40, 0x40, 0x80, 0x80,
        0x80, 0xFF, 0xFF, 0xFF, 0xFF, 0xFF, 0xFF, 0xFF, 0xFF, 0xFF, 0x40, 0x40, 0x40, 0x40, 0x40, 0x40,
        0xFF, 0xFF, 0xFF, 0xFF, 0xFF, 0xFF, 0xFF, 0xFF, 0xFF, 0x80, 0x80, 0x80, 0x40, 0x40, 0x40, 0xFF,
        0xFF, 0xFF, 0xFF, 0xFF, 0xFF, 0xFF, 0xFF, 0xFF, 0xBF, 0xBF, 0xBF, 0x00, 0x00, 0x00, 0xFF, 0xFF,
        0xFF, 0xFF, 0xFF, 0xFF, 0xFF, 0xFF, 0xFF, 0xBF, 0xBF, 0xBF, 0x00, 0x00, 0x00, 0xBF, 0xBF, 0xBF,
        0xFF, 0xFF, 0xFF, 0xFF, 0xFF, 0xFF, 0xFF, 0xFF, 0xFF, 0x00, 0x00, 0x00, 0x00, 0x00, 0x00, 0x50,
        0x50, 0x50, 0x70, 0x70, 0x70, 0x10, 0x10, 0x10, 0x00, 0x00, 0x00, 0x80, 0x80, 0x80, 0xFF, 0xFF,
        0xFF, 0xFF, 0xFF, 0xFF, 0xFF, 0xFF, 0xFF, 0x40, 0x40, 0x40, 0x00, 0x00, 0x00, 0x00, 0x00, 0x00,
        0x00, 0x00, 0x00, 0x00, 0x00, 0x00, 0x00, 0x00, 0x00, 0x00, 0x00, 0x00, 0x00, 0x00, 0x00, 0x00,
        0x00, 0x00, 0x00, 0x00, 0x00, 0x00, 0x00, 0x00, 0x00, 0x00, 0x00, 0x00, 0x00, 0x00, 0x00, 0x00,
        0x00, 0x00, 0x00, 0x00, 0x41, 0xBF, 0x00, 0x00, 0x00, 0x00, 0x00, 0x00, 0x00, 0x00, 0x00, 0x00,
        0x00, 0x00, 0x00, 0x00, 0x00, 0x00, 0x00, 0x00, 0x00, 0x00, 0x00, 0x00, 0x00, 0x00, 0x00, 0x00,
        0x00, 0x80, 0x80, 0x80, 0xFF, 0xFF, 0xFF, 0xFF, 0xFF, 0xFF, 0xFF, 0xFF, 0xFF, 0x80, 0x80, 0x80,
        0x00, 0x00, 0x00, 0x20, 0x20, 0x20, 0x40, 0x40, 0x40, 0x30, 0x30, 0x30, 0x00, 0x00, 0x00, 0x40,
        0x40, 0x40, 0xFF, 0xFF, 0xFF, 0xFF, 0xFF, 0xFF, 0xFF, 0xFF, 0xFF, 0xBF, 0xBF, 0xBF, 0x00, 0x00,
        0x00, 0xFF, 0xFF, 0xFF, 0xFF, 0xFF, 0xFF, 0xFF, 0xFF, 0xFF, 0xBF, 0xBF, 0xBF, 0x00, 0x00, 0x00,
        0xBF, 0xBF, 0xBF, 0xFF, 0xFF, 0xFF, 0xFF, 0xFF, 0xFF, 0xFF, 0xFF, 0xFF, 0x00, 0x00, 0x00, 0xBF,
        0xBF, 0xBF, 0xFF, 0xFF, 0xFF, 0xFF, 0xFF, 0xFF, 0xFF, 0xFF, 0xFF, 0x40, 0x40, 0x40, 0x80, 0x80,
        0x80, 0xFF, 0xFF, 0xFF, 0xFF, 0xFF, 0xFF, 0xFF, 0xFF, 0xFF, 0x40, 0x40, 0x40, 0x40, 0x40, 0x40,
        0xFF, 0xFF, 0xFF, 0xFF, 0xFF, 0xFF, 0xFF, 0xFF, 0xFF, 0x80, 0x80, 0x80, 0x40, 0x40, 0x40, 0xFF,
        0xFF, 0xFF, 0xFF, 0xFF, 0xFF, 0xFF, 0xFF, 0xFF, 0xBF, 0xBF, 0xBF, 0x00, 0x00, 0x00, 0xFF, 0xFF,
        0xFF, 0xFF, 0xFF, 0xFF, 0xFF, 0xFF, 0xFF, 0xBF, 0xBF, 0xBF, 0x00, 0x00, 0x00, 0xBF, 0xBF, 0xBF,
        0xFF, 0xFF, 0xFF, 0xFF, 0xFF, 0xFF, 0xFF, 0xFF, 0xFF, 0x00, 0x00, 0x00, 0x80, 0x80, 0x80, 0xFF,
        0xFF, 0xFF, 0xFF, 0xFF, 0xFF, 0xDF, 0xDF, 0xDF, 0x00, 0x00, 0x00, 0x80, 0x80, 0x80, 0xFF, 0xFF,
        0xFF, 0xFF, 0xFF, 0xFF, 0xFF, 0xFF, 0xFF, 0x40, 0x40, 0x40, 0x00, 0x00, 0x00, 0x00, 0x00, 0x00,
        0x00, 0x00, 0x00, 0x00, 0x00, 0x00, 0x00, 0x00, 0x00, 0x00, 0x00, 0x00, 0x00, 0x00, 0x00, 0x00,
        0x00, 0x00, 0x00, 0x00, 0x00, 0x00, 0x00, 0x00, 0x00, 0x00, 0x00, 0x00, 0x00, 0x00, 0x00, 0x00,
        0x00, 0x00, 0x00, 0x00, 0x66, 0x3E, 0x00, 0x00, 0x00, 0x00, 0x00, 0x00, 0x00, 0x00, 0x00, 0x00,
        0x00, 0x00, 0x00, 0x00, 0x00, 0x10, 0x10, 0x10, 0x30, 0x30, 0x30, 0x00, 0x00, 0x00, 0x00, 0x00,
        0x00, 0x80, 0x80, 0x80, 0xFF, 0xFF, 0xFF, 0xFF, 0xFF, 0xFF, 0xFF, 0xFF, 0xFF, 0x80, 0x80, 0x80,
        0x10, 0x10, 0x10, 0xEF, 0xEF, 0xEF, 0xFF, 0xFF, 0xFF, 0xFF, 0xFF, 0xFF, 0x40, 0x40, 0x40, 0x40,
        0x40, 0x40, 0xFF, 0xFF, 0xFF, 0xFF, 0xFF, 0xFF, 0xFF, 0xFF, 0xFF, 0xBF, 0xBF, 0xBF, 0x00, 0x00,
        0x00, 0xFF, 0xFF, 0xFF, 0xFF, 0xFF, 0xFF, 0xFF, 0xFF, 0xFF, 0xBF, 0xBF, 0xBF, 0x00, 0x00, 0x00,
        0xBF, 0xBF, 0xBF, 0xFF, 0xFF, 0xFF, 0xFF, 0xFF, 0xFF, 0xFF, 0xFF, 0xFF, 0x00, 0x00, 0x00, 0xBF,
        0xBF, 0xBF, 0xFF, 0xFF, 0xFF, 0xFF, 0xFF, 0xFF, 0xFF, 0xFF, 0xFF, 0x40, 0x40, 0x40, 0x80, 0x80,
        0x80, 0xFF, 0xFF, 0xFF, 0xFF, 0xFF, 0xFF, 0xFF, 0xFF, 0xFF, 0x40, 0x40, 0x40, 0x40, 0x40, 0x40,
        0xFF, 0xFF, 0xFF, 0xFF, 0xFF, 0xFF, 0xFF, 0xFF, 0xFF, 0x80, 0x80, 0x80, 0x40, 0x40, 0x40, 0xFF,
        0xFF, 0xFF, 0xFF, 0xFF, 0xFF, 0xFF, 0xFF, 0xFF, 0xBF, 0xBF, 0xBF, 0x00, 0x00, 0x00, 0xFF, 0xFF,
        0xFF, 0xFF, 0xFF, 0xFF, 0xFF, 0xFF, 0xFF, 0xBF, 0xBF, 0xBF, 0x00, 0x00, 0x00, 0xBF, 0xBF, 0xBF,
        0xFF, 0xFF, 0xFF, 0xFF, 0xFF, 0xFF, 0xFF, 0xFF, 0xFF, 0x00, 0x00, 0x00, 0xBF, 0xBF, 0xBF, 0xFF,
        0xFF, 0xFF, 0xFF, 0xFF, 0xFF, 0xFF, 0xFF, 0xFF, 0x30, 0x30, 0x30, 0x80, 0x80, 0x80, 0xFF, 0xFF,
        0xFF, 0xFF, 0xFF, 0xFF, 0xFF, 0xFF, 0xFF, 0x40, 0x40, 0x40, 0x00, 0x00, 0x00, 0x00, 0x00, 0x00,
        0x40, 0x40, 0x40, 0x00, 0x00, 0x00, 0x00, 0x00, 0x00, 0x00, 0x00, 0x00, 0x00, 0x00, 0x00, 0x00,
        0x00, 0x00, 0x00, 0x00, 0x00, 0x00, 0x00, 0x00, 0x00, 0x00, 0x00, 0x00, 0x00, 0x00, 0x00, 0x00,
        0x00, 0x00, 0x00, 0x00, 0x8C, 0x3D, 0x00, 0x00, 0x00, 0x00, 0x00, 0x00, 0x00, 0x00, 0x00, 0x00,
        0x00, 0x00, 0x30, 0x30, 0x30, 0xEF, 0xEF, 0xEF, 0xFF, 0xFF, 0xFF, 0xCF, 0xCF, 0xCF, 0x00, 0x00,
        0x00, 0x80, 0x80, 0x80, 0xFF, 0xFF, 0xFF, 0xFF, 0xFF, 0xFF, 0xFF, 0xFF, 0xFF, 0x80, 0x80, 0x80,
        0x40, 0x40, 0x40, 0xFF, 0xFF, 0xFF, 0xFF, 0xFF, 0xFF, 0xFF, 0xFF, 0xFF, 0x80, 0x80, 0x80, 0x40,
        0x40, 0x40, 0xFF, 0xFF, 0xFF, 0xFF, 0xFF, 0xFF, 0xFF, 0xFF, 0xFF, 0xBF, 0xBF, 0xBF, 0x00, 0x00,
        0x00, 0xFF, 0xFF, 0xFF, 0xFF, 0xFF, 0xFF, 0xFF, 0xFF, 0xFF, 0xBF, 0xBF, 0xBF, 0x00, 0x00, 0x00,
        0xBF, 0xBF, 0xBF, 0xFF, 0xFF, 0xFF, 0xFF, 0xFF, 0xFF, 0xFF, 0xFF, 0xFF, 0x00, 0x00, 0x00, 0xBF,
        0xBF, 0xBF, 0xFF, 0xFF, 0xFF, 0xFF, 0xFF, 0xFF, 0xFF, 0xFF, 0xFF, 0x40, 0x40, 0x40, 0x80, 0x80,
        0x80, 0xFF, 0xFF, 0xFF, 0xFF, 0xFF, 0xFF, 0xFF, 0xFF, 0xFF, 0x40, 0x40, 0x40, 0x40, 0x40, 0x40,
        0xFF, 0xFF, 0xFF, 0xFF, 0xFF, 0xFF, 0xFF, 0xFF, 0xFF, 0x80, 0x80, 0x80, 0x40, 0x40, 0x40, 0xFF,
        0xFF, 0xFF, 0xFF, 0xFF, 0xFF, 0xFF, 0xFF, 0xFF, 0xBF, 0xBF, 0xBF, 0x00, 0x00, 0x00, 0xFF, 0xFF,
        0xFF, 0xFF, 0xFF, 0xFF, 0xFF, 0xFF, 0xFF, 0xBF, 0xBF, 0xBF, 0x00, 0x00, 0x00, 0xBF, 0xBF, 0xBF,
        0xFF, 0xFF, 0xFF, 0xFF, 0xFF, 0xFF, 0xFF, 0xFF, 0xFF, 0x00, 0x00, 0x00, 0xBF, 0xBF, 0xBF, 0xFF,
        0xFF, 0xFF, 0xFF, 0xFF, 0xFF, 0xFF, 0xFF, 0xFF, 0x40, 0x40, 0x40, 0x80, 0x80, 0x80, 0xFF, 0xFF,
        0xFF, 0xFF, 0xFF, 0xFF, 0xFF, 0xFF, 0xFF, 0x40, 0x40, 0x40, 0x10, 0x10, 0x10, 0xDF, 0xDF, 0xDF,
        0xFF, 0xFF, 0xFF, 0xEF, 0xEF, 0xEF, 0x20, 0x20, 0x20, 0x00, 0x00, 0x00, 0x10, 0x10, 0x10, 0x40,
        0x40, 0x40, 0x20, 0x20, 0x20, 0x00, 0x00, 0x00, 0x00, 0x00, 0x00, 0x00, 0x00, 0x00, 0x00, 0x00,
        0x00, 0x00, 0x00, 0x00, 0xF5, 0x3D, 0x00, 0x00, 0x00, 0x00, 0x00, 0x00, 0x00, 0x00, 0x00, 0x00,
        0x00, 0x00, 0x80, 0x80, 0x80, 0xFF, 0xFF, 0xFF, 0xFF, 0xFF, 0xFF, 0xFF, 0xFF, 0xFF, 0x40, 0x40,
        0x40, 0x80, 0x80, 0x80, 0xFF, 0xFF, 0xFF, 0xFF, 0xFF, 0xFF, 0xFF, 0xFF, 0xFF, 0x80, 0x80, 0x80,
        0x40, 0x40, 0x40, 0xFF, 0xFF, 0xFF, 0xFF, 0xFF, 0xFF, 0xFF, 0xFF, 0xFF, 0x80, 0x80, 0x80, 0x40,
        0x40, 0x40, 0xFF, 0xFF, 0xFF, 0xFF, 0xFF, 0xFF, 0xFF, 0xFF, 0xFF, 0xBF, 0xBF, 0xBF, 0x00, 0x00,
        0x00, 0xFF, 0xFF, 0xFF, 0xFF, 0xFF, 0xFF, 0xFF, 0xFF, 0xFF, 0xBF, 0xBF, 0xBF, 0x00, 0x00, 0x00,
        0xBF, 0xBF, 0xBF, 0xFF, 0xFF, 0xFF, 0xFF, 0xFF, 0xFF, 0xFF, 0xFF, 0xFF, 0x00, 0x00, 0x00, 0xBF,
        0xBF, 0xBF, 0xFF, 0xFF, 0xFF, 0xFF, 0xFF, 0xFF, 0xFF, 0xFF, 0xFF, 0x40, 0x40, 0x40, 0x80, 0x80,
        0x80, 0xFF, 0xFF, 0xFF, 0xFF, 0xFF, 0xFF, 0xFF, 0xFF, 0xFF, 0x40, 0x40, 0x40, 0x40, 0x40, 0x40,
        0xFF, 0xFF, 0xFF, 0xFF, 0xFF, 0xFF, 0xFF, 0xFF, 0xFF, 0x80, 0x80, 0x80, 0x40, 0x40, 0x40, 0xFF,
        0xFF, 0xFF, 0xFF, 0xFF, 0xFF, 0xFF, 0xFF, 0xFF, 0xBF, 0xBF, 0xBF, 0x00, 0x00, 0x00, 0xFF, 0xFF,
        0xFF, 0xFF, 0xFF, 0xFF, 0xFF, 0xFF, 0xFF, 0xBF, 0xBF, 0xBF, 0x00, 0x00, 0x00, 0xBF, 0xBF, 0xBF,
        0xFF, 0xFF, 0xFF, 0xFF, 0xFF, 0xFF, 0xFF, 0xFF, 0xFF, 0x00, 0x00, 0x00, 0xBF, 0xBF, 0xBF, 0xFF,
        0xFF, 0xFF, 0xFF, 0xFF, 0xFF, 0xFF, 0xFF, 0xFF, 0x40, 0x40, 0x40, 0x80, 0x80, 0x80, 0xFF, 0xFF,
        0xFF, 0xFF, 0xFF, 0xFF, 0xFF, 0xFF, 0xFF, 0x40, 0x40, 0x40, 0x60, 0x60, 0x60, 0xFF, 0xFF, 0xFF,
        0xFF, 0xFF, 0xFF, 0xFF, 0xFF, 0xFF, 0x80, 0x80, 0x80, 0x00, 0x00, 0x00, 0xCF, 0xCF, 0xCF, 0xFF,
        0xFF, 0xFF, 0xFF, 0xFF, 0xFF, 0x50, 0x50, 0x50, 0x00, 0x00, 0x00, 0x00, 0x00, 0x00, 0x00, 0x00,
        0x00, 0x00, 0x00, 0x00, 0x99, 0xBD, 0x00, 0x00, 0x00, 0x00, 0x00, 0x00, 0x00, 0x00, 0x00, 0x00,
        0x00, 0x00, 0x80, 0x80, 0x80, 0xFF, 0xFF, 0xFF, 0xFF, 0xFF, 0xFF, 0xFF, 0xFF, 0xFF, 0x40, 0x40,
        0x40, 0x80, 0x80, 0x80, 0xFF, 0xFF, 0xFF, 0xFF, 0xFF, 0xFF, 0xFF, 0xFF, 0xFF, 0x80, 0x80, 0x80,
        0x40, 0x40, 0x40, 0xFF, 0xFF, 0xFF, 0xFF, 0xFF, 0xFF, 0xFF, 0xFF, 0xFF, 0x80, 0x80, 0x80, 0x40,
        0x40, 0x40, 0xFF, 0xFF, 0xFF, 0xFF, 0xFF, 0xFF, 0xFF, 0xFF, 0xFF, 0xBF, 0xBF, 0xBF, 0x00, 0x00,
        0x00, 0xFF, 0xFF, 0xFF, 0xFF, 0xFF, 0xFF, 0xFF, 0xFF, 0xFF, 0xBF, 0xBF, 0xBF, 0x00, 0x00, 0x00,
        0xBF, 0xBF, 0xBF, 0xFF, 0xFF, 0xFF, 0xFF, 0xFF, 0xFF, 0xFF, 0xFF, 0xFF, 0x00, 0x00, 0x00, 0xBF,
        0xBF, 0xBF, 0xFF, 0xFF, 0xFF, 0xFF, 0xFF, 0xFF, 0xFF, 0xFF, 0xFF, 0x40, 0x40, 0x40, 0x80, 0x80,
        0x80, 0xFF, 0xFF, 0xFF, 0xFF, 0xFF, 0xFF, 0xFF, 0xFF, 0xFF, 0x40, 0x40, 0x40, 0x40, 0x40, 0x40,
        0xFF, 0xFF, 0xFF, 0xFF, 0xFF, 0xFF, 0xFF, 0xFF, 0xFF, 0x80, 0x80, 0x80, 0x40, 0x40, 0x40, 0xFF,
        0xFF, 0xFF, 0xFF, 0xFF, 0xFF, 0xFF, 0xFF, 0xFF, 0xBF, 0xBF, 0xBF, 0x00, 0x00, 0x00, 0xFF, 0xFF,
        0xFF, 0xFF, 0xFF, 0xFF, 0xFF, 0xFF, 0xFF, 0xBF, 0xBF, 0xBF, 0x00, 0x00, 0x00, 0xBF, 0xBF, 0xBF,
        0xFF, 0xFF, 0xFF, 0xFF, 0xFF, 0xFF, 0xFF, 0xFF, 0xFF, 0x00, 0x00, 0x00, 0xBF, 0xBF, 0xBF, 0xFF,
        0xFF, 0xFF, 0xFF, 0xFF, 0xFF, 0xFF, 0xFF, 0xFF, 0x40, 0x40, 0x40, 0x80, 0x80, 0x80, 0xFF, 0xFF,
        0xFF, 0xFF, 0xFF, 0xFF, 0xFF, 0xFF, 0xFF, 0x40, 0x40, 0x40, 0x80, 0x80, 0x80, 0xFF, 0xFF, 0xFF,
        0xFF, 0xFF, 0xFF, 0xFF, 0xFF, 0xFF, 0x80, 0x80, 0x80, 0x40, 0x40, 0x40, 0xFF, 0xFF, 0xFF, 0xFF,
        0xFF, 0xFF, 0xFF, 0xFF, 0xFF, 0x80, 0x80, 0x80, 0x00, 0x00, 0x00, 0x00, 0x00, 0x00, 0x00, 0x00,
        0x00, 0x00, 0x00, 0x00, 0x08, 0xBF, 0x00, 0x00, 0x00, 0x00, 0x00, 0x00, 0x00, 0x00, 0x00, 0x00,
        0x00, 0x00, 0x80, 0x80, 0x80, 0xFF, 0xFF, 0xFF, 0xFF, 0xFF, 0xFF, 0xFF, 0xFF, 0xFF, 0x40, 0x40,
        0x40, 0x80, 0x80, 0x80, 0xFF, 0xFF, 0xFF, 0xFF, 0xFF, 0xFF, 0xFF, 0xFF, 0xFF, 0x80, 0x80, 0x80,
        0x40, 0x40, 0x40, 0xFF, 0xFF, 0xFF, 0xFF, 0xFF, 0xFF, 0xFF, 0xFF, 0xFF, 0x80, 0x80, 0x80, 0x40,
        0x40, 0x40, 0xFF, 0xFF, 0xFF, 0xFF, 0xFF, 0xFF, 0xFF, 0xFF, 0xFF, 0xBF, 0xBF, 0xBF, 0x00, 0x00,
        0x00, 0xFF, 0xFF, 0xFF, 0xFF, 0xFF, 0xFF, 0xFF, 0xFF, 0xFF, 0xBF, 0xBF, 0xBF, 0x00, 0x00, 0x00,
        0xBF, 0xBF, 0xBF, 0xFF, 0xFF, 0xFF, 0xFF, 0xFF, 0xFF, 0xFF, 0xFF, 0xFF, 0x00, 0x00, 0x00, 0xBF,
        0xBF, 0xBF, 0xFF, 0xFF, 0xFF, 0xFF, 0xFF, 0xFF, 0xFF, 0xFF, 0xFF, 0x40, 0x40, 0x40, 0x80, 0x80,
        0x80, 0xFF, 0xFF, 0xFF, 0xFF, 0xFF, 0xFF, 0xFF, 0xFF, 0xFF, 0x40, 0x40, 0x40, 0x40, 0x40, 0x40,
        0xFF, 0xFF, 0xFF, 0xFF, 0xFF, 0xFF, 0xFF, 0xFF, 0xFF, 0x80, 0x80, 0x80, 0x40, 0x40, 0x40, 0xFF,
        0xFF, 0xFF, 0xFF, 0xFF, 0xFF, 0xFF, 0xFF, 0xFF, 0xBF, 0xBF, 0xBF, 0x00, 0x00, 0x00, 0xFF, 0xFF,
        0xFF, 0xFF, 0xFF, 0xFF, 0xFF, 0xFF, 0xFF, 0xBF, 0xBF, 0xBF, 0x00, 0x00, 0x00, 0xBF, 0xBF, 0xBF,
        0xFF, 0xFF, 0xFF, 0xFF, 0xFF, 0xFF, 0xFF, 0xFF, 0xFF, 0x00, 0x00, 0x00, 0xBF, 0xBF, 0xBF, 0xFF,
        0xFF, 0xFF, 0xFF, 0xFF, 0xFF, 0xFF, 0xFF, 0xFF, 0x40, 0x40, 0x40, 0x80, 0x80, 0x80, 0xFF, 0xFF,
        0xFF, 0xFF, 0xFF, 0xFF, 0xFF, 0xFF, 0xFF, 0x40, 0x40, 0x40, 0x80, 0x80, 0x80, 0xFF, 0xFF, 0xFF,
        0xFF, 0xFF, 0xFF, 0xFF, 0xFF, 0xFF, 0x80, 0x80, 0x80, 0x40, 0x40, 0x40, 0xFF, 0xFF, 0xFF, 0xFF,
        0xFF, 0xFF, 0xFF, 0xFF, 0xFF, 0x80, 0x80, 0x80, 0x00, 0x00, 0x00, 0x00, 0x00, 0x00, 0x00, 0x00,
        0x00, 0x00, 0x00, 0x00, 0x82, 0xC0, 0x00, 0x00, 0x00, 0x00, 0x00, 0x00, 0x00, 0x00, 0x00, 0x00,
        0x00, 0x00, 0x80, 0x80, 0x80, 0xFF, 0xFF, 0xFF, 0xFF, 0xFF, 0xFF, 0xFF, 0xFF, 0xFF, 0x40, 0x40,
        0x40, 0x80, 0x80, 0x80, 0xFF, 0xFF, 0xFF, 0xFF, 0xFF, 0xFF, 0xFF, 0xFF, 0xFF, 0x80, 0x80, 0x80,
        0x40, 0x40, 0x40, 0xFF, 0xFF, 0xFF, 0xFF, 0xFF, 0xFF, 0xFF, 0xFF, 0xFF, 0x80, 0x80, 0x80, 0x40,
        0x40, 0x40, 0xFF, 0xFF, 0xFF, 0xFF, 0xFF, 0xFF, 0xFF, 0xFF, 0xFF, 0xBF, 0xBF, 0xBF, 0x00, 0x00,
        0x00, 0xFF, 0xFF, 0xFF, 0xFF, 0xFF, 0xFF, 0xFF, 0xFF, 0xFF, 0xBF, 0xBF, 0xBF, 0x00, 0x00, 0x00,
        0xBF, 0xBF, 0xBF, 0xFF, 0xFF, 0xFF, 0xFF, 0xFF, 0xFF, 0xFF, 0xFF, 0xFF, 0x00, 0x00, 0x00, 0xBF,
        0xBF, 0xBF, 0xFF, 0xFF, 0xFF, 0xFF, 0xFF, 0xFF, 0xFF, 0xFF, 0xFF, 0x40, 0x40, 0x40, 0x80, 0x80,
        0x80, 0xFF, 0xFF, 0xFF, 0xFF, 0xFF, 0xFF, 0xFF, 0xFF, 0xFF, 0x40, 0x40, 0x40, 0x40, 0x40, 0x40,
        0xFF, 0xFF, 0xFF, 0xFF, 0xFF, 0xFF, 0xFF, 0xFF, 0xFF, 0x80, 0x80, 0x80, 0x40, 0x40, 0x40, 0xFF,
        0xFF, 0xFF, 0xFF, 0xFF, 0xFF, 0xFF, 0xFF, 0xFF, 0xBF, 0xBF, 0xBF, 0x00, 0x00, 0x00, 0xFF, 0xFF,
        0xFF, 0xFF, 0xFF, 0xFF, 0xFF, 0xFF, 0xFF, 0xBF, 0xBF, 0xBF, 0x00, 0x00, 0x00, 0xBF, 0xBF, 0xBF,
        0xFF, 0xFF, 0xFF, 0xFF, 0xFF, 0xFF, 0xFF, 0xFF, 0xFF, 0x00, 0x00, 0x00, 0xBF, 0xBF, 0xBF, 0xFF,
        0xFF, 0xFF, 0xFF, 0xFF, 0xFF, 0xFF, 0xFF, 0xFF, 0x40, 0x40, 0x40, 0x80, 0x80, 0x80, 0xFF, 0xFF,
        0xFF, 0xFF, 0xFF, 0xFF, 0xFF, 0xFF, 0xFF, 0x40, 0x40, 0x40, 0x80, 0x80, 0x80, 0xFF, 0xFF, 0xFF,
        0xFF, 0xFF, 0xFF, 0xFF, 0xFF, 0xFF, 0x80, 0x80, 0x80, 0x40, 0x40, 0x40, 0xFF, 0xFF, 0xFF, 0xFF,
        0xFF, 0xFF, 0xFF, 0xFF, 0xFF, 0x80, 0x80, 0x80, 0x00, 0x00, 0x00, 0x00, 0x00, 0x00, 0x00, 0x00,
        0x00, 0x00, 0x00, 0x00, 0xC1, 0xBD, 0x00, 0x00, 0x00, 0x00, 0x00, 0x00, 0x00, 0x00, 0x00, 0x00,
        0x00, 0x00, 0x80, 0x80, 0x80, 0xFF, 0xFF, 0xFF, 0xFF, 0xFF, 0xFF, 0xFF, 0xFF, 0xFF, 0x40, 0x40,
        0x40, 0x80, 0x80, 0x80, 0xFF, 0xFF, 0xFF, 0xFF, 0xFF, 0xFF, 0xFF, 0xFF, 0xFF, 0x80, 0x80, 0x80,
        0x40, 0x40, 0x40, 0xFF, 0xFF, 0xFF, 0xFF, 0xFF, 0xFF, 0xFF, 0xFF, 0xFF, 0x80, 0x80, 0x80, 0x40,
        0x40, 0x40, 0xFF, 0xFF, 0xFF, 0xFF, 0xFF, 0xFF, 0xFF, 0xFF, 0xFF, 0xBF, 0xBF, 0xBF, 0x00, 0x00,
        0x00, 0xFF, 0xFF, 0xFF, 0xFF, 0xFF, 0xFF, 0xFF, 0xFF, 0xFF, 0xBF, 0xBF, 0xBF, 0x00, 0x00, 0x00,
        0xBF, 0xBF, 0xBF, 0xFF, 0xFF, 0xFF, 0xFF, 0xFF, 0xFF, 0xFF, 0xFF, 0xFF, 0x00, 0x00, 0x00, 0xBF,
        0xBF, 0xBF, 0xFF, 0xFF, 0xFF, 0xFF, 0xFF, 0xFF, 0xFF, 0xFF, 0xFF, 0x40, 0x40, 0x40, 0x80, 0x80,
        0x80, 0xFF, 0xFF, 0xFF, 0xFF, 0xFF, 0xFF, 0xFF, 0xFF, 0xFF, 0x40, 0x40, 0x40, 0x40, 0x40, 0x40,
        0xFF, 0xFF, 0xFF, 0xFF, 0xFF, 0xFF, 0xFF, 0xFF, 0xFF, 0x80, 0x80, 0x80, 0x40, 0x40, 0x40, 0xFF,
        0xFF, 0xFF, 0xFF, 0xFF, 0xFF, 0xFF, 0xFF, 0xFF, 0xBF, 0xBF, 0xBF, 0x00, 0x00, 0x00, 0xFF, 0xFF,
        0xFF, 0xFF, 0xFF, 0xFF, 0xFF, 0xFF, 0xFF, 0xBF, 0xBF, 0xBF, 0x00, 0x00, 0x00, 0xBF, 0xBF, 0xBF,
        0xFF, 0xFF, 0xFF, 0xFF, 0xFF, 0xFF, 0xFF, 0xFF, 0xFF, 0x00, 0x00, 0x00, 0xBF, 0xBF, 0xBF, 0xFF,
        0xFF, 0xFF, 0xFF, 0xFF, 0xFF, 0xFF, 0xFF, 0xFF, 0x40, 0x40, 0x40, 0x80, 0x80, 0x80, 0xFF, 0xFF,
        0xFF, 0xFF, 0xFF, 0xFF, 0xFF, 0xFF, 0xFF, 0x40, 0x40, 0x40, 0x80, 0x80, 0x80, 0xFF, 0xFF, 0xFF,
        0xFF, 0xFF, 0xFF, 0xFF, 0xFF, 0xFF, 0x80, 0x80, 0x80, 0x40, 0x40, 0x40, 0xFF, 0xFF, 0xFF, 0xFF,
        0xFF, 0xFF, 0xFF, 0xFF, 0xFF, 0x80, 0x80, 0x80, 0x00, 0x00, 0x00, 0x00, 0x00, 0x00, 0x00, 0x00,
        0x00, 0x00, 0x00, 0x00, 0xA3, 0x3E, 0x00, 0x00, 0x00, 0x00, 0x00, 0x00, 0x00, 0x00, 0x00, 0x00,
        0x00, 0x00, 0x80, 0x80, 0x80, 0xFF, 0xFF, 0xFF, 0xFF, 0xFF, 0xFF, 0xFF, 0xFF, 0xFF, 0x40, 0x40,
        0x40, 0x80, 0x80, 0x80, 0xFF, 0xFF, 0xFF, 0xFF, 0xFF, 0xFF, 0xFF, 0xFF, 0xFF, 0x80, 0x80, 0x80,
        0x40, 0x40, 0x40, 0xFF, 0xFF, 0xFF, 0xFF, 0xFF, 0xFF, 0xFF, 0xFF, 0xFF, 0x80, 0x80, 0x80, 0x40,
        0x40, 0x40, 0xFF, 0xFF, 0xFF, 0xFF, 0xFF, 0xFF, 0xFF, 0xFF, 0xFF, 0xBF, 0xBF, 0xBF, 0x00, 0x00,
        0x00, 0xFF, 0xFF, 0xFF, 0xFF, 0xFF, 0xFF, 0xFF, 0xFF, 0xFF, 0xBF, 0xBF, 0xBF, 0x00, 0x00, 0x00,
        0xBF, 0xBF, 0xBF, 0xFF, 0xFF, 0xFF, 0xFF, 0xFF, 0xFF, 0xFF, 0xFF, 0xFF, 0x00, 0x00, 0x00, 0xBF,
        0xBF, 0xBF, 0xFF, 0xFF, 0xFF, 0xFF, 0xFF, 0xFF, 0xFF, 0xFF, 0xFF, 0x40, 0x40, 0x40, 0x80, 0x80,
        0x80, 0xFF, 0xFF, 0xFF, 0xFF, 0xFF, 0xFF, 0xFF, 0xFF, 0xFF, 0x40, 0x40, 0x40, 0x40, 0x40, 0x40,
        0xFF, 0xFF, 0xFF, 0xFF, 0xFF, 0xFF, 0xFF, 0xFF, 0xFF, 0x80, 0x80, 0x80, 0x40, 0x40, 0x40, 0xFF,
        0xFF, 0xFF, 0xFF, 0xFF, 0xFF, 0xFF, 0xFF, 0xFF, 0xBF, 0xBF, 0xBF, 0x00, 0x00, 0x00, 0xFF, 0xFF,
        0xFF, 0xFF, 0xFF, 0xFF, 0xFF, 0xFF, 0xFF, 0xBF, 0xBF, 0xBF, 0x00, 0x00, 0x00, 0xBF, 0xBF, 0xBF,
        0xFF, 0xFF, 0xFF, 0xFF, 0xFF, 0xFF, 0xFF, 0xFF, 0xFF, 0x00, 0x00, 0x00, 0xBF, 0xBF, 0xBF, 0xFF,
        0xFF, 0xFF, 0xFF, 0xFF, 0xFF, 0xFF, 0xFF, 0xFF, 0x40, 0x40, 0x40, 0x80, 0x80, 0x80, 0xFF, 0xFF,
        0xFF, 0xFF, 0xFF, 0xFF, 0xFF, 0xFF, 0xFF, 0x40, 0x40, 0x40, 0x60, 0x60, 0x60, 0xFF, 0xFF, 0xFF,
        0xFF, 0xFF, 0xFF, 0xFF, 0xFF, 0xFF, 0x80, 0x80, 0x80, 0x00, 0x00, 0x00, 0xCF, 0xCF, 0xCF, 0xFF,
        0xFF, 0xFF, 0xFF, 0xFF, 0xFF, 0x50, 0x50, 0x50, 0x00, 0x00, 0x00, 0x00, 0x00, 0x00, 0x00, 0x00,
        0x00, 0x00, 0x00, 0x00, 0xA5, 0xBE, 0x00, 0x00, 0x00, 0x00, 0x00, 0x00, 0x00, 0x00, 0x00, 0x00,
        0x00, 0x00, 0x30, 0x30, 0x30, 0xEF, 0xEF, 0xEF, 0xFF, 0xFF, 0xFF, 0xCF, 0xCF, 0xCF, 0x00, 0x00,
        0x00, 0x80, 0x80, 0x80, 0xFF, 0xFF, 0xFF, 0xFF, 0xFF, 0xFF, 0xFF, 0xFF, 0xFF, 0x80, 0x80, 0x80,
        0x40, 0x40, 0x40, 0xFF, 0xFF, 0xFF, 0xFF, 0xFF, 0xFF, 0xFF, 0xFF, 0xFF, 0x80, 0x80, 0x80, 0x40,
        0x40, 0x40, 0xFF, 0xFF, 0xFF, 0xFF, 0xFF, 0xFF, 0xFF, 0xFF, 0xFF, 0xBF, 0xBF, 0xBF, 0x00, 0x00,
        0x00, 0xFF, 0xFF, 0xFF, 0xFF, 0xFF, 0xFF, 0xFF, 0xFF, 0xFF, 0xBF, 0xBF, 0xBF, 0x00, 0x00, 0x00,
        0xBF, 0xBF, 0xBF, 0xFF, 0xFF, 0xFF, 0xFF, 0xFF, 0xFF, 0xFF, 0xFF, 0xFF, 0x00, 0x00, 0x00, 0xBF,
        0xBF, 0xBF, 0xFF, 0xFF, 0xFF, 0xFF, 0xFF, 0xFF, 0xFF, 0xFF, 0xFF, 0x40, 0x40, 0x40, 0x80, 0x80,
        0x80, 0xFF, 0xFF, 0xFF, 0xFF, 0xFF, 0xFF, 0xFF, 0xFF, 0xFF, 0x40, 0x40, 0x40, 0x40, 0x40, 0x40,
        0xFF, 0xFF, 0xFF, 0xFF, 0xFF, 0xFF, 0xFF, 0xFF, 0xFF, 0x80, 0x80, 0x80, 0x40, 0x40, 0x40, 0xFF,
        0xFF, 0xFF, 0xFF, 0xFF, 0xFF, 0xFF, 0xFF, 0xFF, 0xBF, 0xBF, 0xBF, 0x00, 0x00, 0x00, 0xFF, 0xFF,
        0xFF, 0xFF, 0xFF, 0xFF, 0xFF, 0xFF, 0xFF, 0xBF, 0xBF, 0xBF, 0x00, 0x00, 0x00, 0xBF, 0xBF, 0xBF,
        0xFF, 0xFF, 0xFF, 0xFF, 0xFF, 0xFF, 0xFF, 0xFF, 0xFF, 0x00, 0x00, 0x00, 0xBF, 0xBF, 0xBF, 0xFF,
        0xFF, 0xFF, 0xFF, 0xFF, 0xFF, 0xFF, 0xFF, 0xFF, 0x40, 0x40, 0x40, 0x80, 0x80, 0x80, 0xFF, 0xFF,
        0xFF, 0xFF, 0xFF, 0xFF, 0xFF, 0xFF, 0xFF, 0x40, 0x40, 0x40, 0x10, 0x10, 0x10, 0xDF, 0xDF, 0xDF,
        0xFF, 0xFF, 0xFF, 0xEF, 0xEF, 0xEF, 0x20, 0x20, 0x20, 0x00, 0x00, 0x00, 0x10, 0x10, 0x10, 0x40,
        0x40, 0x40, 0x20, 0x20, 0x20, 0x00, 0x00, 0x00, 0x00, 0x00, 0x00, 0x00, 0x00, 0x00, 0x00, 0x00,
        0x00, 0x00, 0x00, 0x00, 0xA5, 0x3E, 0x00, 0x00, 0x00, 0x00, 0x00, 0x00, 0x00, 0x00, 0x00, 0x00,
        0x00, 0x00, 0x00, 0x00, 0x00, 0x10, 0x10, 0x10, 0x30, 0x30, 0x30, 0x00, 0x00, 0x00, 0x00, 0x00,
        0x00, 0x80, 0x80, 0x80, 0xFF, 0xFF, 0xFF, 0xFF, 0xFF, 0xFF, 0xFF, 0xFF, 0xFF, 0x80, 0x80, 0x80,
        0x10, 0x10, 0x10, 0xEF, 0xEF, 0xEF, 0xFF, 0xFF, 0xFF, 0xFF, 0xFF, 0xFF, 0x40, 0x40, 0x40, 0x40,
        0x40, 0x40, 0xFF, 0xFF, 0xFF, 0xFF, 0xFF, 0xFF, 0xFF, 0xFF, 0xFF, 0xBF, 0xBF, 0xBF, 0x00, 0x00,
        0x00, 0xFF, 0xFF, 0xFF, 0xFF, 0xFF, 0xFF, 0xFF, 0xFF, 0xFF, 0xBF, 0xBF, 0xBF, 0x00, 0x00, 0x00,
        0xBF, 0xBF, 0xBF, 0xFF, 0xFF, 0xFF, 0xFF, 0xFF, 0xFF, 0xFF, 0xFF, 0xFF, 0x00, 0x00, 0x00, 0xBF,
        0xBF, 0xBF, 0xFF, 0xFF, 0xFF, 0xFF, 0xFF, 0xFF, 0xFF, 0xFF, 0xFF, 0x40, 0x40, 0x40, 0x80, 0x80,
        0x80, 0xFF, 0xFF, 0xFF, 0xFF, 0xFF, 0xFF, 0xFF, 0xFF, 0xFF, 0x40, 0x40, 0x40, 0x40, 0x40, 0x40,
        0xFF, 0xFF, 0xFF, 0xFF, 0xFF, 0xFF, 0xFF, 0xFF, 0xFF, 0x80, 0x80, 0x80, 0x40, 0x40, 0x40, 0xFF,
        0xFF, 0xFF, 0xFF, 0xFF, 0xFF, 0xFF, 0xFF, 0xFF, 0xBF, 0xBF, 0xBF, 0x00, 0x00, 0x00, 0xFF, 0xFF,
        0xFF, 0xFF, 0xFF, 0xFF, 0xFF, 0xFF, 0xFF, 0xBF, 0xBF, 0xBF, 0x00, 0x00, 0x00, 0xBF, 0xBF, 0xBF,
        0xFF, 0xFF, 0xFF, 0xFF, 0xFF, 0xFF, 0xFF, 0xFF, 0xFF, 0x00, 0x00, 0x00, 0xBF, 0xBF, 0xBF, 0xFF,
        0xFF, 0xFF, 0xFF, 0xFF, 0xFF, 0xFF, 0xFF, 0xFF, 0x40, 0x40, 0x40, 0x80, 0x80, 0x80, 0xFF, 0xFF,
        0xFF, 0xFF, 0xFF, 0xFF, 0xFF, 0xFF, 0xFF, 0x40, 0x40, 0x40, 0x00, 0x00, 0x00, 0x00, 0x00, 0x00,
        0x40, 0x40, 0x40, 0x00, 0x00, 0x00, 0x00, 0x00, 0x00, 0x00, 0x00, 0x00, 0x00, 0x00, 0x00, 0x00,
        0x00, 0x00, 0x00, 0x00, 0x00, 0x00, 0x00, 0x00, 0x00, 0x00, 0x00, 0x00, 0x00, 0x00, 0x00, 0x00,
        0x00, 0x00, 0x00, 0x00, 0x18, 0x3E, 0x00, 0x00, 0x00, 0x00, 0x00, 0x00, 0x00, 0x00, 0x00, 0x00,
        0x00, 0x00, 0x00, 0x00, 0x00, 0x00, 0x00, 0x00, 0x00, 0x00, 0x00, 0x00, 0x00, 0x00, 0x00, 0x00,
        0x00, 0x80, 0x80, 0x80, 0xFF, 0xFF, 0xFF, 0xFF, 0xFF, 0xFF, 0xFF, 0xFF, 0xFF, 0x80, 0x80, 0x80,
        0x00, 0x00, 0x00, 0x20, 0x20, 0x20, 0x50, 0x50, 0x50, 0x30, 0x30, 0x30, 0x00, 0x00, 0x00, 0x40,
        0x40, 0x40, 0xFF, 0xFF, 0xFF, 0xFF, 0xFF, 0xFF, 0xFF, 0xFF, 0xFF, 0xBF, 0xBF, 0xBF, 0x00, 0x00,
        0x00, 0xFF, 0xFF, 0xFF, 0xFF, 0xFF, 0xFF, 0xFF, 0xFF, 0xFF, 0xBF, 0xBF, 0xBF, 0x00, 0x00, 0x00,
        0xBF, 0xBF, 0xBF, 0xFF, 0xFF, 0xFF, 0xFF, 0xFF, 0xFF, 0xFF, 0xFF, 0xFF, 0x00, 0x00, 0x00, 0xBF,
        0xBF, 0xBF, 0xFF, 0xFF, 0xFF, 0xFF, 0xFF, 0xFF, 0xFF, 0xFF, 0xFF, 0x40, 0x40, 0x40, 0x80, 0x80,
        0x80, 0xFF, 0xFF, 0xFF, 0xFF, 0xFF, 0xFF, 0xFF, 0xFF, 0xFF, 0x40, 0x40, 0x40, 0x40, 0x40, 0x40,
        0xFF, 0xFF, 0xFF, 0xFF, 0xFF, 0xFF, 0xFF, 0xFF, 0xFF, 0x80, 0x80, 0x80, 0x40, 0x40, 0x40, 0xFF,
        0xFF, 0xFF, 0xFF, 0xFF, 0xFF, 0xFF, 0xFF, 0xFF, 0xBF, 0xBF, 0xBF, 0x00, 0x00, 0x00, 0xFF, 0xFF,
        0xFF, 0xFF, 0xFF, 0xFF, 0xFF, 0xFF, 0xFF, 0xBF, 0xBF, 0xBF, 0x00, 0x00, 0x00, 0xBF, 0xBF, 0xBF,
        0xFF, 0xFF, 0xFF, 0xFF, 0xFF, 0xFF, 0xFF, 0xFF, 0xFF, 0x00, 0x00, 0x00, 0x80, 0x80, 0x80, 0xFF,
        0xFF, 0xFF, 0xFF, 0xFF, 0xFF, 0xDF, 0xDF, 0xDF, 0x00, 0x00, 0x00, 0x80, 0x80, 0x80, 0xFF, 0xFF,
        0xFF, 0xFF, 0xFF, 0xFF, 0xFF, 0xFF, 0xFF, 0x40, 0x40, 0x40, 0x00, 0x00, 0x00, 0x00, 0x00, 0x00,
        0x00, 0x00, 0x00, 0x00, 0x00, 0x00, 0x00, 0x00, 0x00, 0x00, 0x00, 0x00, 0x00, 0x00, 0x00, 0x00,
        0x00, 0x00, 0x00, 0x00, 0x00, 0x00, 0x00, 0x00, 0x00, 0x00, 0x00, 0x00, 0x00, 0x00, 0x00, 0x00,
        0x00, 0x00, 0x00, 0x00, 0xE2, 0x3E, 0x00, 0x00, 0x00, 0x00, 0x00, 0x00, 0x00, 0x00, 0x00, 0x00,
        0x00, 0x00, 0x00, 0x00, 0x00, 0x00, 0x00, 0x00, 0x00, 0x00, 0x00, 0x00, 0x00, 0x00, 0x00, 0x00,
        0x00, 0x80, 0x80, 0x80, 0xFF, 0xFF, 0xFF, 0xFF, 0xFF, 0xFF, 0xFF, 0xFF, 0xFF, 0x60, 0x60, 0x60,
        0x00, 0x00, 0x00, 0x00, 0x00, 0x00, 0x00, 0x00, 0x00, 0x00, 0x00, 0x00, 0x00, 0x00, 0x00, 0x40,
        0x40, 0x40, 0xFF, 0xFF, 0xFF, 0xFF, 0xFF, 0xFF, 0xFF, 0xFF, 0xFF, 0xBF, 0xBF, 0xBF, 0x00, 0x00,
        0x00, 0xFF, 0xFF, 0xFF, 0xFF, 0xFF, 0xFF, 0xFF, 0xFF, 0xFF, 0xBF, 0xBF, 0xBF, 0x00, 0x00, 0x00,
        0xBF, 0xBF, 0xBF, 0xFF, 0xFF, 0xFF, 0xFF, 0xFF, 0xFF, 0xFF, 0xFF, 0xFF, 0x00, 0x00, 0x00, 0xBF,
        0xBF, 0xBF, 0xFF, 0xFF, 0xFF, 0xFF, 0xFF, 0xFF, 0xFF, 0xFF, 0xFF, 0x40, 0x40, 0x40, 0x80, 0x80,
        0x80, 0xFF, 0xFF, 0xFF, 0xFF, 0xFF, 0xFF, 0xFF, 0xFF, 0xFF, 0x40, 0x40, 0x40, 0x40, 0x40, 0x40,
        0xFF, 0xFF, 0xFF, 0xFF, 0xFF, 0xFF, 0xFF, 0xFF, 0xFF, 0x80, 0x80, 0x80, 0x40, 0x40, 0x40, 0xFF,
        0xFF, 0xFF, 0xFF, 0xFF, 0xFF, 0xFF, 0xFF, 0xFF, 0xBF, 0xBF, 0xBF, 0x00, 0x00, 0x00, 0xFF, 0xFF,
        0xFF, 0xFF, 0xFF, 0xFF, 0xFF, 0xFF, 0xFF, 0xBF, 0xBF, 0xBF, 0x00, 0x00, 0x00, 0xBF, 0xBF, 0xBF,
        0xFF, 0xFF, 0xFF, 0xFF, 0xFF, 0xFF, 0xFF, 0xFF, 0xFF, 0x00, 0x00, 0x00, 0x00, 0x00, 0x00, 0x50,
        0x50, 0x50, 0x70, 0x70, 0x70, 0x10, 0x10, 0x10, 0x00, 0x00, 0x00, 0x80, 0x80, 0x80, 0xFF, 0xFF,
        0xFF, 0xFF, 0xFF, 0xFF, 0xFF, 0xFF, 0xFF, 0x40, 0x40, 0x40, 0x00, 0x00, 0x00, 0x00, 0x00, 0x00,
        0x00, 0x00, 0x00, 0x00, 0x00, 0x00, 0x00, 0x00, 0x00, 0x00, 0x00, 0x00, 0x00, 0x00, 0x00, 0x00,
        0x00, 0x00, 0x00, 0x00, 0x00, 0x00, 0x00, 0x00, 0x00, 0x00, 0x00, 0x00, 0x00, 0x00, 0x00, 0x00,
        0x00, 0x00, 0x00, 0x00, 0x02, 0x3F, 0x00, 0x00, 0x00, 0x00, 0x00, 0x00, 0x00, 0x00, 0x00, 0x00,
        0x00, 0x00, 0x00, 0x00, 0x00, 0x00, 0x00, 0x00, 0x00, 0x00, 0x00, 0x00, 0x00, 0x00, 0x00, 0x00,
        0x00, 0x20, 0x20, 0x20, 0xDF, 0xDF, 0xDF, 0xFF, 0xFF, 0xFF, 0xCF, 0xCF, 0xCF, 0x10, 0x10, 0x10,
        0x00, 0x00, 0x00, 0x00, 0x00, 0x00, 0x00, 0x00, 0x00, 0x00, 0x00, 0x00, 0x00, 0x00, 0x00, 0x40,
        0x40, 0x40, 0xFF, 0xFF, 0xFF, 0xFF, 0xFF, 0xFF, 0xFF, 0xFF, 0xFF, 0xBF, 0xBF, 0xBF, 0x00, 0x00,
        0x00, 0xFF, 0xFF, 0xFF, 0xFF, 0xFF, 0xFF, 0xFF, 0xFF, 0xFF, 0xBF, 0xBF, 0xBF, 0x00, 0x00, 0x00,
        0xBF, 0xBF, 0xBF, 0xFF, 0xFF, 0xFF, 0xFF, 0xFF, 0xFF, 0xFF, 0xFF, 0xFF, 0x00, 0x00, 0x00, 0xBF,
        0xBF, 0xBF, 0xFF, 0xFF, 0xFF, 0xFF, 0xFF, 0xFF, 0xFF, 0xFF, 0xFF, 0x40, 0x40, 0x40, 0x80, 0x80,
        0x80, 0xFF, 0xFF, 0xFF, 0xFF, 0xFF, 0xFF, 0xFF, 0xFF, 0xFF, 0x40, 0x40, 0x40, 0x40, 0x40, 0x40,
        0xFF, 0xFF, 0xFF, 0xFF, 0xFF, 0xFF, 0xFF, 0xFF, 0xFF, 0x80, 0x80, 0x80, 0x20, 0x20, 0x20, 0xFF,
        0xFF, 0xFF, 0xFF, 0xFF, 0xFF, 0xFF, 0xFF, 0xFF, 0x9F, 0x9F, 0x9F, 0x00, 0x00, 0x00, 0xFF, 0xFF,
        0xFF, 0xFF, 0xFF, 0xFF, 0xFF, 0xFF, 0xFF, 0xBF, 0xBF, 0xBF, 0x00, 0x00, 0x00, 0xBF, 0xBF, 0xBF,
        0xFF, 0xFF, 0xFF, 0xFF, 0xFF, 0xFF, 0xFF, 0xFF, 0xFF, 0x00, 0x00, 0x00, 0x00, 0x00, 0x00, 0x00,
        0x00, 0x00, 0x00, 0x00, 0x00, 0x00, 0x00, 0x00, 0x00, 0x00, 0x00, 0x10, 0x10, 0x10, 0xCF, 0xCF,
        0xCF, 0xFF, 0xFF, 0xFF, 0xAF, 0xAF, 0xAF, 0x00, 0x00, 0x00, 0x00, 0x00, 0x00, 0x00, 0x00, 0x00,
        0x00, 0x00, 0x00, 0x00, 0x00, 0x00, 0x00, 0x00, 0x00, 0x00, 0x00, 0x00, 0x00, 0x00, 0x00, 0x00,
        0x00, 0x00, 0x00, 0x00, 0x00, 0x00, 0x00, 0x00, 0x00, 0x00, 0x00, 0x00, 0x00, 0x00, 0x00, 0x00,
        0x00, 0x00, 0x00, 0x00, 0x0B, 0x3E, 0x00, 0x00, 0x00, 0x00, 0x00, 0x00, 0x00, 0x00, 0x00, 0x00,
        0x00, 0x00, 0x00, 0x00, 0x00, 0x00, 0x00, 0x00, 0x00, 0x00, 0x00, 0x00, 0x00, 0x00, 0x00, 0x00,
        0x00, 0x00, 0x00, 0x00, 0x00, 0x00, 0x00, 0x20, 0x20, 0x20, 0x00, 0x00, 0x00, 0x00, 0x00, 0x00,
        0x00, 0x00, 0x00, 0x00, 0x00, 0x00, 0x00, 0x00, 0x00, 0x00, 0x00, 0x00, 0x00, 0x00, 0x00, 0x40,
        0x40, 0x40, 0xFF, 0xFF, 0xFF, 0xFF, 0xFF, 0xFF, 0xFF, 0xFF, 0xFF, 0xBF, 0xBF, 0xBF, 0x00, 0x00,
        0x00, 0xFF, 0xFF, 0xFF, 0xFF, 0xFF, 0xFF, 0xFF, 0xFF, 0xFF, 0xBF, 0xBF, 0xBF, 0x00, 0x00, 0x00,
        0xBF, 0xBF, 0xBF, 0xFF, 0xFF, 0xFF, 0xFF, 0xFF, 0xFF, 0xFF, 0xFF, 0xFF, 0x00, 0x00, 0x00, 0xBF,
        0xBF, 0xBF, 0xFF, 0xFF, 0xFF, 0xFF, 0xFF, 0xFF, 0xFF, 0xFF, 0xFF, 0x40, 0x40, 0x40, 0x80, 0x80,
        0x80, 0xFF, 0xFF, 0xFF, 0xFF, 0xFF, 0xFF, 0xFF, 0xFF, 0xFF, 0x40, 0x40, 0x40, 0x40, 0x40, 0x40,
        0xFF, 0xFF, 0xFF, 0xFF, 0xFF, 0xFF, 0xFF, 0xFF, 0xFF, 0x80, 0x80, 0x80, 0x00, 0x00, 0x00, 0x60,
        0x60, 0x60, 0xBF, 0xBF, 0xBF, 0xAF, 0xAF, 0xAF, 0x10, 0x10, 0x10, 0x00, 0x00, 0x00, 0xFF, 0xFF,
        0xFF, 0xFF, 0xFF, 0xFF, 0xFF, 0xFF, 0xFF, 0xBF, 0xBF, 0xBF, 0x00, 0x00, 0x00, 0xBF, 0xBF, 0xBF,
        0xFF, 0xFF, 0xFF, 0xFF, 0xFF, 0xFF, 0xEF, 0xEF, 0xEF, 0x00, 0x00, 0x00, 0x00, 0x00, 0x00, 0x00,
        0x00, 0x00, 0x00, 0x00, 0x00, 0x00, 0x00, 0x00, 0x00, 0x00, 0x00, 0x00, 0x00, 0x00, 0x00, 0x00,
        0x00, 0x00, 0x00, 0x00, 0x00, 0x00, 0x00, 0x00, 0x00, 0x00, 0x00, 0x00, 0x00, 0x00, 0x00, 0x00,
        0x00, 0x00, 0x00, 0x00, 0x00, 0x00, 0x00, 0x00, 0x00, 0x00, 0x00, 0x00, 0x00, 0x00, 0x00, 0x00,
        0x00, 0x00, 0x00, 0x00, 0x00, 0x00, 0x00, 0x00, 0x00, 0x00, 0x00, 0x00, 0x00, 0x00, 0x00, 0x00,
        0x00, 0x00, 0x00, 0x00, 0x31, 0x3F, 0x00, 0x00, 0x00, 0x00, 0x00, 0x00, 0x00, 0x00, 0x00, 0x00,
        0x00, 0x00, 0x00, 0x00, 0x00, 0x00, 0x00, 0x00, 0x00, 0x00, 0x00, 0x00, 0x00, 0x00, 0x00, 0x00,
        0x00, 0x00, 0x00, 0x00, 0x00, 0x00, 0x00, 0x00, 0x00, 0x00, 0x00, 0x00, 0x00, 0x00, 0x00, 0x00,
        0x00, 0x00, 0x00, 0x00, 0x00, 0x00, 0x00, 0x00, 0x00, 0x00, 0x00, 0x00, 0x00, 0x00, 0x00, 0x40,
        0x40, 0x40, 0xFF, 0xFF, 0xFF, 0xFF, 0xFF, 0xFF, 0xFF, 0xFF, 0xFF, 0xBF, 0xBF, 0xBF, 0x00, 0x00,
        0x00, 0xFF, 0xFF, 0xFF, 0xFF, 0xFF, 0xFF, 0xFF, 0xFF, 0xFF, 0xBF, 0xBF, 0xBF, 0x00, 0x00, 0x00,
        0xBF, 0xBF, 0xBF, 0xFF, 0xFF, 0xFF, 0xFF, 0xFF, 0xFF, 0xFF, 0xFF, 0xFF, 0x00, 0x00, 0x00, 0xBF,
        0xBF, 0xBF, 0xFF, 0xFF, 0xFF, 0xFF, 0xFF, 0xFF, 0xFF, 0xFF, 0xFF, 0x40, 0x40, 0x40, 0x80, 0x80,
        0x80, 0xFF, 0xFF, 0xFF, 0xFF, 0xFF, 0xFF, 0xFF, 0xFF, 0xFF, 0x40, 0x40, 0x40, 0x40, 0x40, 0x40,
        0xFF, 0xFF, 0xFF, 0xFF, 0xFF, 0xFF, 0xFF, 0xFF, 0xFF, 0x80, 0x80, 0x80, 0x00, 0x00, 0x00, 0x00,
        0x00, 0x00, 0x00, 0x00, 0x00, 0x00, 0x00, 0x00, 0x00, 0x00, 0x00, 0x00, 0x00, 0x00, 0xFF, 0xFF,
        0xFF, 0xFF, 0xFF, 0xFF, 0xFF, 0xFF, 0xFF, 0xBF, 0xBF, 0xBF, 0x00, 0x00, 0x00, 0x30, 0x30, 0x30,
        0xDF, 0xDF, 0xDF, 0xDF, 0xDF, 0xDF, 0x60, 0x60, 0x60, 0x00, 0x00, 0x00, 0x00, 0x00, 0x00, 0x00,
        0x00, 0x00, 0x00, 0x00, 0x00, 0x00, 0x00, 0x00, 0x00, 0x00, 0x00, 0x00, 0x00, 0x00, 0x00, 0x00,
        0x00, 0x00, 0x00, 0x00, 0x00, 0x00, 0x00, 0x00, 0x00, 0x00, 0x00, 0x00, 0x00, 0x00, 0x00, 0x00,
        0x00, 0x00, 0x00, 0x00, 0x00, 0x00, 0x00, 0x00, 0x00, 0x00, 0x00, 0x00, 0x00, 0x00, 0x00, 0x00,
        0x00, 0x00, 0x00, 0x00, 0x00, 0x00, 0x00, 0x00, 0x00, 0x00, 0x00, 0x00, 0x00, 0x00, 0x00, 0x00,
        0x00, 0x00, 0x00, 0x00, 0xA5, 0x3E, 0x00, 0x00, 0x00, 0x00, 0x00, 0x00, 0x00, 0x00, 0x00, 0x00,
        0x00, 0x00, 0x00, 0x00, 0x00, 0x00, 0x00, 0x00, 0x00, 0x00, 0x00, 0x00, 0x00, 0x00, 0x00, 0x00,
        0x00, 0x00, 0x00, 0x00, 0x00, 0x00, 0x00, 0x00, 0x00, 0x00, 0x00, 0x00, 0x00, 0x00, 0x00, 0x00,
        0x00, 0x00, 0x00, 0x00, 0x00, 0x00, 0x00, 0x00, 0x00, 0x00, 0x00, 0x00, 0x00, 0x00, 0x00, 0x40,
        0x40, 0x40, 0xFF, 0xFF, 0xFF, 0xFF, 0xFF, 0xFF, 0xFF, 0xFF, 0xFF, 0xBF, 0xBF, 0xBF, 0x00, 0x00,
        0x00, 0xFF, 0xFF, 0xFF, 0xFF, 0xFF, 0xFF, 0xFF, 0xFF, 0xFF, 0xBF, 0xBF, 0xBF, 0x00, 0x00, 0x00,
        0xBF, 0xBF, 0xBF, 0xFF, 0xFF, 0xFF, 0xFF, 0xFF, 0xFF, 0xFF, 0xFF, 0xFF, 0x00, 0x00, 0x00, 0xBF,
        0xBF, 0xBF, 0xFF, 0xFF, 0xFF, 0xFF, 0xFF, 0xFF, 0xFF, 0xFF, 0xFF, 0x40, 0x40, 0x40, 0x80, 0x80,
        0x80, 0xFF, 0xFF, 0xFF, 0xFF, 0xFF, 0xFF, 0xFF, 0xFF, 0xFF, 0x40, 0x40, 0x40, 0x40, 0x40, 0x40,
        0xFF, 0xFF, 0xFF, 0xFF, 0xFF, 0xFF, 0xFF, 0xFF, 0xFF, 0x80, 0x80, 0x80, 0x00, 0x00, 0x00, 0x00,
        0x00, 0x00, 0x00, 0x00, 0x00, 0x00, 0x00, 0x00, 0x00, 0x00, 0x00, 0x00, 0x00, 0x00, 0xFF, 0xFF,
        0xFF, 0xFF, 0xFF, 0xFF, 0xFF, 0xFF, 0xFF, 0xBF, 0xBF, 0xBF, 0x00, 0x00, 0x00, 0x00, 0x00, 0x00,
        0x00, 0x00, 0x00, 0x00, 0x00, 0x00, 0x00, 0x00, 0x00, 0x00, 0x00, 0x00, 0x00, 0x00, 0x00, 0x00,
        0x00, 0x00, 0x00, 0x00, 0x00, 0x00, 0x00, 0x00, 0x00, 0x00, 0x00, 0x00, 0x00, 0x00, 0x00, 0x00,
        0x00, 0x00, 0x00, 0x00, 0x00, 0x00, 0x00, 0x00, 0x00, 0x00, 0x00, 0x00, 0x00, 0x00, 0x00, 0x00,
        0x00, 0x00, 0x00, 0x00, 0x00, 0x00, 0x00, 0x00, 0x00, 0x00, 0x00, 0x00, 0x00, 0x00, 0x00, 0x00,
        0x00, 0x00, 0x00, 0x00, 0x00, 0x00, 0x00, 0x00, 0x00, 0x00, 0x00, 0x00, 0x00, 0x00, 0x00, 0x00,
        0x00, 0x00, 0x00, 0x00, 0x3F, 0xBE, 0x00, 0x00, 0x00, 0x00, 0x00, 0x00, 0x00, 0x00, 0x00, 0x00,
        0x00, 0x00, 0x00, 0x00, 0x00, 0x00, 0x00, 0x00, 0x00, 0x00, 0x00, 0x00, 0x00, 0x00, 0x00, 0x00,
        0x00, 0x00, 0x00, 0x00, 0x00, 0x00, 0x00, 0x00, 0x00, 0x00, 0x00, 0x00, 0x00, 0x00, 0x00, 0x00,
        0x00, 0x00, 0x00, 0x00, 0x00, 0x00, 0x00, 0x00, 0x00, 0x00, 0x00, 0x00, 0x00, 0x00, 0x00, 0x40,
        0x40, 0x40, 0xFF, 0xFF, 0xFF, 0xFF, 0xFF, 0xFF, 0xFF, 0xFF, 0xFF, 0xBF, 0xBF, 0xBF, 0x00, 0x00,
        0x00, 0xFF, 0xFF, 0xFF, 0xFF, 0xFF, 0xFF, 0xFF, 0xFF, 0xFF, 0xBF, 0xBF, 0xBF, 0x00, 0x00, 0x00,
        0xBF, 0xBF, 0xBF, 0xFF, 0xFF, 0xFF, 0xFF, 0xFF, 0xFF, 0xFF, 0xFF, 0xFF, 0x00, 0x00, 0x00, 0xBF,
        0xBF, 0xBF, 0xFF, 0xFF, 0xFF, 0xFF, 0xFF, 0xFF, 0xFF, 0xFF, 0xFF, 0x40, 0x40, 0x40, 0x80, 0x80,
        0x80, 0xFF, 0xFF, 0xFF, 0xFF, 0xFF, 0xFF, 0xFF, 0xFF, 0xFF, 0x40, 0x40, 0x40, 0x40, 0x40, 0x40,
        0xFF, 0xFF, 0xFF, 0xFF, 0xFF, 0xFF, 0xFF, 0xFF, 0xFF, 0x80, 0x80, 0x80, 0x00, 0x00, 0x00, 0x00,
        0x00, 0x00, 0x00, 0x00, 0x00, 0x00, 0x00, 0x00, 0x00, 0x00, 0x00, 0x00, 0x00, 0x00, 0xFF, 0xFF,
        0xFF, 0xFF, 0xFF, 0xFF, 0xFF, 0xFF, 0xFF, 0xBF, 0xBF, 0xBF, 0x00, 0x00, 0x00, 0x00, 0x00, 0x00,
        0x00, 0x00, 0x00, 0x00, 0x00, 0x00, 0x00, 0x00, 0x00, 0x00, 0x00, 0x00, 0x00, 0x00, 0x00, 0x00,
        0x00, 0x00, 0x00, 0x00, 0x00, 0x00, 0x00, 0x00, 0x00, 0x00, 0x00, 0x00, 0x00, 0x00, 0x00, 0x00,
        0x00, 0x00, 0x00, 0x00, 0x00, 0x00, 0x00, 0x00, 0x00, 0x00, 0x00, 0x00, 0x00, 0x00, 0x00, 0x00,
        0x00, 0x00, 0x00, 0x00, 0x00, 0x00, 0x00, 0x00, 0x00, 0x00, 0x00, 0x00, 0x00, 0x00, 0x00, 0x00,
        0x00, 0x00, 0x00, 0x00, 0x00, 0x00, 0x00, 0x00, 0x00, 0x00, 0x00, 0x00, 0x00, 0x00, 0x00, 0x00,
        0x00, 0x00, 0x00, 0x00, 0x04, 0xBE, 0x00, 0x00, 0x00, 0x00, 0x00, 0x00, 0x00, 0x00, 0x00, 0x00,
        0x00, 0x00, 0x00, 0x00, 0x00, 0x00, 0x00, 0x00, 0x00, 0x00, 0x00, 0x00, 0x00, 0x00, 0x00, 0x00,
        0x00, 0x00, 0x00, 0x00, 0x00, 0x00, 0x00, 0x00, 0x00, 0x00, 0x00, 0x00, 0x00, 0x00, 0x00, 0x00,
        0x00, 0x00, 0x00, 0x00, 0x00, 0x00, 0x00, 0x00, 0x00, 0x00, 0x00, 0x00, 0x00, 0x00, 0x00, 0x20,
        0x20, 0x20, 0xFF, 0xFF, 0xFF, 0xFF, 0xFF, 0xFF, 0xFF, 0xFF, 0xFF, 0xAF, 0xAF, 0xAF, 0x00, 0x00,
        0x00, 0xFF, 0xFF, 0xFF, 0xFF, 0xFF, 0xFF, 0xFF, 0xFF, 0xFF, 0xBF, 0xBF, 0xBF, 0x00, 0x00, 0x00,
        0xBF, 0xBF, 0xBF, 0xFF, 0xFF, 0xFF, 0xFF, 0xFF, 0xFF, 0xFF, 0xFF, 0xFF, 0x00, 0x00, 0x00, 0xBF,
        0xBF, 0xBF, 0xFF, 0xFF, 0xFF, 0xFF, 0xFF, 0xFF, 0xFF, 0xFF, 0xFF, 0x40, 0x40, 0x40, 0x80, 0x80,
        0x80, 0xFF, 0xFF, 0xFF, 0xFF, 0xFF, 0xFF, 0xFF, 0xFF, 0xFF, 0x40, 0x40, 0x40, 0x40, 0x40, 0x40,
        0xFF, 0xFF, 0xFF, 0xFF, 0xFF, 0xFF, 0xFF, 0xFF, 0xFF, 0x80, 0x80, 0x80, 0x00, 0x00, 0x00, 0x00,
        0x00, 0x00, 0x00, 0x00, 0x00, 0x00, 0x00, 0x00, 0x00, 0x00, 0x00, 0x00, 0x00, 0x00, 0xFF, 0xFF,
        0xFF, 0xFF, 0xFF, 0xFF, 0xFF, 0xFF, 0xFF, 0xBF, 0xBF, 0xBF, 0x00, 0x00, 0x00, 0x00, 0x00, 0x00,
        0x00, 0x00, 0x00, 0x00, 0x00, 0x00, 0x00, 0x00, 0x00, 0x00, 0x00, 0x00, 0x00, 0x00, 0x00, 0x00,
        0x00, 0x00, 0x00, 0x00, 0x00, 0x00, 0x00, 0x00, 0x00, 0x00, 0x00, 0x00, 0x00, 0x00, 0x00, 0x00,
        0x00, 0x00, 0x00, 0x00, 0x00, 0x00, 0x00, 0x00, 0x00, 0x00, 0x00, 0x00, 0x00, 0x00, 0x00, 0x00,
        0x00, 0x00, 0x00, 0x00, 0x00, 0x00, 0x00, 0x00, 0x00, 0x00, 0x00, 0x00, 0x00, 0x00, 0x00, 0x00,
        0x00, 0x00, 0x00, 0x00, 0x00, 0x00, 0x00, 0x00, 0x00, 0x00, 0x00, 0x00, 0x00, 0x00, 0x00, 0x00,
        0x00, 0x00, 0x00, 0x00, 0x22, 0x3E, 0x00, 0x00, 0x00, 0x00, 0x00, 0x00, 0x00, 0x00, 0x00, 0x00,
        0x00, 0x00, 0x00, 0x00, 0x00, 0x00, 0x00, 0x00, 0x00, 0x00, 0x00, 0x00, 0x00, 0x00, 0x00, 0x00,
        0x00, 0x00, 0x00, 0x00, 0x00, 0x00, 0x00, 0x00, 0x00, 0x00, 0x00, 0x00, 0x00, 0x00, 0x00, 0x00,
        0x00, 0x00, 0x00, 0x00, 0x00, 0x00, 0x00, 0x00, 0x00, 0x00, 0x00, 0x00, 0x00, 0x00, 0x00, 0x00,
        0x00, 0x00, 0x9F, 0x9F, 0x9F, 0xFF, 0xFF, 0xFF, 0xEF, 0xEF, 0xEF, 0x30, 0x30, 0x30, 0x00, 0x00,
        0x00, 0xFF, 0xFF, 0xFF, 0xFF, 0xFF, 0xFF, 0xFF, 0xFF, 0xFF, 0xBF, 0xBF, 0xBF, 0x00, 0x00, 0x00,
        0xBF, 0xBF, 0xBF, 0xFF, 0xFF, 0xFF, 0xFF, 0xFF, 0xFF, 0xFF, 0xFF, 0xFF, 0x00, 0x00, 0x00, 0xBF,
        0xBF, 0xBF, 0xFF, 0xFF, 0xFF, 0xFF, 0xFF, 0xFF, 0xFF, 0xFF, 0xFF, 0x40, 0x40, 0x40, 0x80, 0x80,
        0x80, 0xFF, 0xFF, 0xFF, 0xFF, 0xFF, 0xFF, 0xFF, 0xFF, 0xFF, 0x40, 0x40, 0x40, 0x40, 0x40, 0x40,
        0xFF, 0xFF, 0xFF, 0xFF, 0xFF, 0xFF, 0xFF, 0xFF, 0xFF, 0x80, 0x80, 0x80, 0x00, 0x00, 0x00, 0x00,
        0x00, 0x00, 0x00, 0x00, 0x00, 0x00, 0x00, 0x00, 0x00, 0x00, 0x00, 0x00, 0x00, 0x00, 0xFF, 0xFF,
        0xFF, 0xFF, 0xFF, 0xFF, 0xFF, 0xFF, 0xFF, 0xBF, 0xBF, 0xBF, 0x00, 0x00, 0x00, 0x00, 0x00, 0x00,
        0x00, 0x00, 0x00, 0x00, 0x00, 0x00, 0x00, 0x00, 0x00, 0x00, 0x00, 0x00, 0x00, 0x00, 0x00, 0x00,
        0x00, 0x00, 0x00, 0x00, 0x00, 0x00, 0x00, 0x00, 0x00, 0x00, 0x00, 0x00, 0x00, 0x00, 0x00, 0x00,
        0x00, 0x00, 0x00, 0x00, 0x00, 0x00, 0x00, 0x00, 0x00, 0x00, 0x00, 0x00, 0x00, 0x00, 0x00, 0x00,
        0x00, 0x00, 0x00, 0x00, 0x00, 0x00, 0x00, 0x00, 0x00, 0x00, 0x00, 0x00, 0x00, 0x00, 0x00, 0x00,
        0x00, 0x00, 0x00, 0x00, 0x00, 0x00, 0x00, 0x00, 0x00, 0x00, 0x00, 0x00, 0x00, 0x00, 0x00, 0x00,
        0x00, 0x00, 0x00, 0x00, 0xBD, 0x3E, 0x00, 0x00, 0x00, 0x00, 0x00, 0x00, 0x00, 0x00, 0x00, 0x00,
        0x00, 0x00, 0x00, 0x00, 0x00, 0x00, 0x00, 0x00, 0x00, 0x00, 0x00, 0x00, 0x00, 0x00, 0x00, 0x00,
        0x00, 0x00, 0x00, 0x00, 0x00, 0x00, 0x00, 0x00, 0x00, 0x00, 0x00, 0x00, 0x00, 0x00, 0x00, 0x00,
        0x00, 0x00, 0x00, 0x00, 0x00, 0x00, 0x00, 0x00, 0x00, 0x00, 0x00, 0x00, 0x00, 0x00, 0x00, 0x00,
        0x00, 0x00, 0x00, 0x00, 0x00, 0x00, 0x00, 0x00, 0x00, 0x00, 0x00, 0x00, 0x00, 0x00, 0x00, 0x00,
        0x00, 0xFF, 0xFF, 0xFF, 0xFF, 0xFF, 0xFF, 0xFF, 0xFF, 0xFF, 0xBF, 0xBF, 0xBF, 0x00, 0x00, 0x00,
        0xBF, 0xBF, 0xBF, 0xFF, 0xFF, 0xFF, 0xFF, 0xFF, 0xFF, 0xFF, 0xFF, 0xFF, 0x00, 0x00, 0x00, 0xBF,
        0xBF, 0xBF, 0xFF, 0xFF, 0xFF, 0xFF, 0xFF, 0xFF, 0xFF, 0xFF, 0xFF, 0x40, 0x40, 0x40, 0x80, 0x80,
        0x80, 0xFF, 0xFF, 0xFF, 0xFF, 0xFF, 0xFF, 0xFF, 0xFF, 0xFF, 0x40, 0x40, 0x40, 0x40, 0x40, 0x40,
        0xFF, 0xFF, 0xFF, 0xFF, 0xFF, 0xFF, 0xFF, 0xFF, 0xFF, 0x80, 0x80, 0x80, 0x00, 0x00, 0x00, 0x00,
        0x00, 0x00, 0x00, 0x00, 0x00, 0x00, 0x00, 0x00, 0x00, 0x00, 0x00, 0x00, 0x00, 0x00, 0xBF, 0xBF,
        0xBF, 0xFF, 0xFF, 0xFF, 0xFF, 0xFF, 0xFF, 0x80, 0x80, 0x80, 0x00, 0x00, 0x00, 0x00, 0x00, 0x00,
        0x00, 0x00, 0x00, 0x00, 0x00, 0x00, 0x00, 0x00, 0x00, 0x00, 0x00, 0x00, 0x00, 0x00, 0x00, 0x00,
        0x00, 0x00, 0x00, 0x00, 0x00, 0x00, 0x00, 0x00, 0x00, 0x00, 0x00, 0x00, 0x00, 0x00, 0x00, 0x00,
        0x00, 0x00, 0x00, 0x00, 0x00, 0x00, 0x00, 0x00, 0x00, 0x00, 0x00, 0x00, 0x00, 0x00, 0x00, 0x00,
        0x00, 0x00, 0x00, 0x00, 0x00, 0x00, 0x00, 0x00, 0x00, 0x00, 0x00, 0x00, 0x00, 0x00, 0x00, 0x00,
        0x00, 0x00, 0x00, 0x00, 0x00, 0x00, 0x00, 0x00, 0x00, 0x00, 0x00, 0x00, 0x00, 0x00, 0x00, 0x00,
        0x00, 0x00, 0x00, 0x00, 0x82, 0x3F, 0x00, 0x00, 0x00, 0x00, 0x00, 0x00, 0x00, 0x00, 0x00, 0x00,
        0x00, 0x00, 0x00, 0x00, 0x00, 0x00, 0x00, 0x00, 0x00, 0x00, 0x00, 0x00, 0x00, 0x00, 0x00, 0x00,
        0x00, 0x00, 0x00, 0x00, 0x00, 0x00, 0x00, 0x00, 0x00, 0x00, 0x00, 0x00, 0x00, 0x00, 0x00, 0x00,
        0x00, 0x00, 0x00, 0x00, 0x00, 0x00, 0x00, 0x00, 0x00, 0x00, 0x00, 0x00, 0x00, 0x00, 0x00, 0x00,
        0x00, 0x00, 0x00, 0x00, 0x00, 0x00, 0x00, 0x00, 0x00, 0x00, 0x00, 0x00, 0x00, 0x00, 0x00, 0x00,
        0x00, 0xFF, 0xFF, 0xFF, 0xFF, 0xFF, 0xFF, 0xFF, 0xFF, 0xFF, 0xBF, 0xBF, 0xBF, 0x00, 0x00, 0x00,
        0xBF, 0xBF, 0xBF, 0xFF, 0xFF, 0xFF, 0xFF, 0xFF, 0xFF, 0xFF, 0xFF, 0xFF, 0x00, 0x00, 0x00, 0xBF,
        0xBF, 0xBF, 0xFF, 0xFF, 0xFF, 0xFF, 0xFF, 0xFF, 0xFF, 0xFF, 0xFF, 0x40, 0x40, 0x40, 0x80, 0x80,
        0x80, 0xFF, 0xFF, 0xFF, 0xFF, 0xFF, 0xFF, 0xFF, 0xFF, 0xFF, 0x40, 0x40, 0x40, 0x40, 0x40, 0x40,
        0xFF, 0xFF, 0xFF, 0xFF, 0xFF, 0xFF, 0xFF, 0xFF, 0xFF, 0x80, 0x80, 0x80, 0x00, 0x00, 0x00, 0x00,
        0x00, 0x00, 0x00, 0x00, 0x00, 0x00, 0x00, 0x00, 0x00, 0x00, 0x00, 0x00, 0x00, 0x00, 0x00, 0x00,
        0x00, 0x40, 0x40, 0x40, 0x30, 0x30, 0x30, 0x00, 0x00, 0x00, 0x00, 0x00, 0x00, 0x00, 0x00, 0x00,
        0x00, 0x00, 0x00, 0x00, 0x00, 0x00, 0x00, 0x00, 0x00, 0x00, 0x00, 0x00, 0x00, 0x00, 0x00, 0x00,
        0x00, 0x00, 0x00, 0x00, 0x00, 0x00, 0x00, 0x00, 0x00, 0x00, 0x00, 0x00, 0x00, 0x00, 0x00, 0x00,
        0x00, 0x00, 0x00, 0x00, 0x00, 0x00, 0x00, 0x00, 0x00, 0x00, 0x00, 0x00, 0x00, 0x00, 0x00, 0x00,
        0x00, 0x00, 0x00, 0x00, 0x00, 0x00, 0x00, 0x00, 0x00, 0x00, 0x00, 0x00, 0x00, 0x00, 0x00, 0x00,
        0x00, 0x00, 0x00, 0x00, 0x00, 0x00, 0x00, 0x00, 0x00, 0x00, 0x00, 0x00, 0x00, 0x00, 0x00, 0x00,
        0x00, 0x00, 0x00, 0x00, 0xFE, 0xBD, 0x00, 0x00, 0x00, 0x00, 0x00, 0x00, 0x00, 0x00, 0x00, 0x00,
        0x00, 0x00, 0x00, 0x00, 0x00, 0x00, 0x00, 0x00, 0x00, 0x00, 0x00, 0x00, 0x00, 0x00, 0x00, 0x00,
        0x00, 0x00, 0x00, 0x00, 0x00, 0x00, 0x00, 0x00, 0x00, 0x00, 0x00, 0x00, 0x00, 0x00, 0x00, 0x00,
        0x00, 0x00, 0x00, 0x00, 0x00, 0x00, 0x00, 0x00, 0x00, 0x00, 0x00, 0x00, 0x00, 0x00, 0x00, 0x00,
        0x00, 0x00, 0x00, 0x00, 0x00, 0x00, 0x00, 0x00, 0x00, 0x00, 0x00, 0x00, 0x00, 0x00, 0x00, 0x00,
        0x00, 0xFF, 0xFF, 0xFF, 0xFF, 0xFF, 0xFF, 0xFF, 0xFF, 0xFF, 0xBF, 0xBF, 0xBF, 0x00, 0x00, 0x00,
        0xBF, 0xBF, 0xBF, 0xFF, 0xFF, 0xFF, 0xFF, 0xFF, 0xFF, 0xFF, 0xFF, 0xFF, 0x00, 0x00, 0x00, 0xBF,
        0xBF, 0xBF, 0xFF, 0xFF, 0xFF, 0xFF, 0xFF, 0xFF, 0xFF, 0xFF, 0xFF, 0x40, 0x40, 0x40, 0x80, 0x80,
        0x80, 0xFF, 0xFF, 0xFF, 0xFF, 0xFF, 0xFF, 0xFF, 0xFF, 0xFF, 0x40, 0x40, 0x40, 0x30, 0x30, 0x30,
        0xFF, 0xFF, 0xFF, 0xFF, 0xFF, 0xFF, 0xFF, 0xFF, 0xFF, 0x60, 0x60, 0x60, 0x00, 0x00, 0x00, 0x00,
        0x00, 0x00, 0x00, 0x00, 0x00, 0x00, 0x00, 0x00, 0x00, 0x00, 0x00, 0x00, 0x00, 0x00, 0x00, 0x00,
        0x00, 0x00, 0x00, 0x00, 0x00, 0x00, 0x00, 0x00, 0x00, 0x00, 0x00, 0x00, 0x00, 0x00, 0x00, 0x00,
        0x00, 0x00, 0x00, 0x00, 0x00, 0x00, 0x00, 0x00, 0x00, 0x00, 0x00, 0x00, 0x00, 0x00, 0x00, 0x00,
        0x00, 0x00, 0x00, 0x00, 0x00, 0x00, 0x00, 0x00, 0x00, 0x00, 0x00, 0x00, 0x00, 0x00, 0x00, 0x00,
        0x00, 0x00, 0x00, 0x00, 0x00, 0x00, 0x00, 0x00, 0x00, 0x00, 0x00, 0x00, 0x00, 0x00, 0x00, 0x00,
        0x00, 0x00, 0x00, 0x00, 0x00, 0x00, 0x00, 0x00, 0x00, 0x00, 0x00, 0x00, 0x00, 0x00, 0x00, 0x00,
        0x00, 0x00, 0x00, 0x00, 0x00, 0x00, 0x00, 0x00, 0x00, 0x00, 0x00, 0x00, 0x00, 0x00, 0x00, 0x00,
        0x00, 0x00, 0x00, 0x00, 0x9B, 0xBE, 0x00, 0x00, 0x00, 0x00, 0x00, 0x00, 0x00, 0x00, 0x00, 0x00,
        0x00, 0x00, 0x00, 0x00, 0x00, 0x00, 0x00, 0x00, 0x00, 0x00, 0x00, 0x00, 0x00, 0x00, 0x00, 0x00,
        0x00, 0x00, 0x00, 0x00, 0x00, 0x00, 0x00, 0x00, 0x00, 0x00, 0x00, 0x00, 0x00, 0x00, 0x00, 0x00,
        0x00, 0x00, 0x00, 0x00, 0x00, 0x00, 0x00, 0x00, 0x00, 0x00, 0x00, 0x00, 0x00, 0x00, 0x00, 0x00,
        0x00, 0x00, 0x00, 0x00, 0x00, 0x00, 0x00, 0x00, 0x00, 0x00, 0x00, 0x00, 0x00, 0x00, 0x00, 0x00,
        0x00, 0xFF, 0xFF, 0xFF, 0xFF, 0xFF, 0xFF, 0xFF, 0xFF, 0xFF, 0xBF, 0xBF, 0xBF, 0x00, 0x00, 0x00,
        0xBF, 0xBF, 0xBF, 0xFF, 0xFF, 0xFF, 0xFF, 0xFF, 0xFF, 0xFF, 0xFF, 0xFF, 0x00, 0x00, 0x00, 0xBF,
        0xBF, 0xBF, 0xFF, 0xFF, 0xFF, 0xFF, 0xFF, 0xFF, 0xFF, 0xFF, 0xFF, 0x40, 0x40, 0x40, 0x80, 0x80,
        0x80, 0xFF, 0xFF, 0xFF, 0xFF, 0xFF, 0xFF, 0xFF, 0xFF, 0xFF, 0x40, 0x40, 0x40, 0x00, 0x00, 0x00,
        0x50, 0x50, 0x50, 0x80, 0x80, 0x80, 0x60, 0x60, 0x60, 0x00, 0x00, 0x00, 0x00, 0x00, 0x00, 0x00,
        0x00, 0x00, 0x00, 0x00, 0x00, 0x00, 0x00, 0x00, 0x00, 0x00, 0x00, 0x00, 0x00, 0x00, 0x00, 0x00,
        0x00, 0x00, 0x00, 0x00, 0x00, 0x00, 0x00, 0x00, 0x00, 0x00, 0x00, 0x00, 0x00, 0x00, 0x00, 0x00,
        0x00, 0x00, 0x00, 0x00, 0x00, 0x00, 0x00, 0x00, 0x00, 0x00, 0x00, 0x00, 0x00, 0x00, 0x00, 0x00,
        0x00, 0x00, 0x00, 0x00, 0x00, 0x00, 0x00, 0x00, 0x00, 0x00, 0x00, 0x00, 0x00, 0x00, 0x00, 0x00,
        0x00, 0x00, 0x00, 0x00, 0x00, 0x00, 0x00, 0x00, 0x00, 0x00, 0x00, 0x00, 0x00, 0x00, 0x00, 0x00,
        0x00, 0x00, 0x00, 0x00, 0x00, 0x00, 0x00, 0x00, 0x00, 0x00, 0x00, 0x00, 0x00, 0x00, 0x00, 0x00,
        0x00, 0x00, 0x00, 0x00, 0x00, 0x00, 0x00, 0x00, 0x00, 0x00, 0x00, 0x00, 0x00, 0x00, 0x00, 0x00,
        0x00, 0x00, 0x00, 0x00, 0x44, 0x3F, 0x00, 0x00, 0x00, 0x00, 0x00, 0x00, 0x00, 0x00, 0x00, 0x00,
        0x00, 0x00, 0x00, 0x00, 0x00, 0x00, 0x00, 0x00, 0x00, 0x00, 0x00, 0x00, 0x00, 0x00, 0x00, 0x00,
        0x00, 0x00, 0x00, 0x00, 0x00, 0x00, 0x00, 0x00, 0x00, 0x00, 0x00, 0x00, 0x00, 0x00, 0x00, 0x00,
        0x00, 0x00, 0x00, 0x00, 0x00, 0x00, 0x00, 0x00, 0x00, 0x00, 0x00, 0x00, 0x00, 0x00, 0x00, 0x00,
        0x00, 0x00, 0x00, 0x00, 0x00, 0x00, 0x00, 0x00, 0x00, 0x00, 0x00, 0x00, 0x00, 0x00, 0x00, 0x00,
        0x00, 0xDF, 0xDF, 0xDF, 0xFF, 0xFF, 0xFF, 0xFF, 0xFF, 0xFF, 0xAF, 0xAF, 0xAF, 0x00, 0x00, 0x00,
        0xBF, 0xBF, 0xBF, 0xFF, 0xFF, 0xFF, 0xFF, 0xFF, 0xFF, 0xFF, 0xFF, 0xFF, 0x00, 0x00, 0x00, 0xBF,
        0xBF, 0xBF, 0xFF, 0xFF, 0xFF, 0xFF, 0xFF, 0xFF, 0xFF, 0xFF, 0xFF, 0x40, 0x40, 0x40, 0x80, 0x80,
        0x80, 0xFF, 0xFF, 0xFF, 0xFF, 0xFF, 0xFF, 0xFF, 0xFF, 0xFF, 0x40, 0x40, 0x40, 0x00, 0x00, 0x00,
        0x00, 0x00, 0x00, 0x00, 0x00, 0x00, 0x00, 0x00, 0x00, 0x00, 0x00, 0x00, 0x00, 0x00, 0x00, 0x00,
        0x00, 0x00, 0x00, 0x00, 0x00, 0x00, 0x00, 0x00, 0x00, 0x00, 0x00, 0x00, 0x00, 0x00, 0x00, 0x00,
        0x00, 0x00, 0x00, 0x00, 0x00, 0x00, 0x00, 0x00, 0x00, 0x00, 0x00, 0x00, 0x00, 0x00, 0x00, 0x00,
        0x00, 0x00, 0x00, 0x00, 0x00, 0x00, 0x00, 0x00, 0x00, 0x00, 0x00, 0x00, 0x00, 0x00, 0x00, 0x00,
        0x00, 0x00, 0x00, 0x00, 0x00, 0x00, 0x00, 0x00, 0x00, 0x00, 0x00, 0x00, 0x00, 0x00, 0x00, 0x00,
        0x00, 0x00, 0x00, 0x00, 0x00, 0x00, 0x00, 0x00, 0x00, 0x00, 0x00, 0x00, 0x00, 0x00, 0x00, 0x00,
        0x00, 0x00, 0x00, 0x00, 0x00, 0x00, 0x00, 0x00, 0x00, 0x00, 0x00, 0x00, 0x00, 0x00, 0x00, 0x00,
        0x00, 0x00, 0x00, 0x00, 0x00, 0x00, 0x00, 0x00, 0x00, 0x00, 0x00, 0x00, 0x00, 0x00, 0x00, 0x00,
        0x00, 0x00, 0x00, 0x00, 0x49, 0xBF, 0x00, 0x00, 0x00, 0x00, 0x00, 0x00, 0x00, 0x00, 0x00, 0x00,
        0x00, 0x00, 0x00, 0x00, 0x00, 0x00, 0x00, 0x00, 0x00, 0x00, 0x00, 0x00, 0x00, 0x00, 0x00, 0x00,
        0x00, 0x00, 0x00, 0x00, 0x00, 0x00, 0x00, 0x00, 0x00, 0x00, 0x00, 0x00, 0x00, 0x00, 0x00, 0x00,
        0x00, 0x00, 0x00, 0x00, 0x00, 0x00, 0x00, 0x00, 0x00, 0x00, 0x00, 0x00, 0x00, 0x00, 0x00, 0x00,
        0x00, 0x00, 0x00, 0x00, 0x00, 0x00, 0x00, 0x00, 0x00, 0x00, 0x00, 0x00, 0x00, 0x00, 0x00, 0x00,
        0x00, 0x20, 0x20, 0x20, 0x8F, 0x8F, 0x8F, 0x80, 0x80, 0x80, 0x10, 0x10, 0x10, 0x00, 0x00, 0x00,
        0xBF, 0xBF, 0xBF, 0xFF, 0xFF, 0xFF, 0xFF, 0xFF, 0xFF, 0xFF, 0xFF, 0xFF, 0x00, 0x00, 0x00, 0xBF,
        0xBF, 0xBF, 0xFF, 0xFF, 0xFF, 0xFF, 0xFF, 0xFF, 0xFF, 0xFF, 0xFF, 0x40, 0x40, 0x40, 0x80, 0x80,
        0x80, 0xFF, 0xFF, 0xFF, 0xFF, 0xFF, 0xFF, 0xFF, 0xFF, 0xFF, 0x40, 0x40, 0x40, 0x00, 0x00, 0x00,
        0x00, 0x00, 0x00, 0x00, 0x00, 0x00, 0x00, 0x00, 0x00, 0x00, 0x00, 0x00, 0x00, 0x00, 0x00, 0x00,
        0x00, 0x00, 0x00, 0x00, 0x00, 0x00, 0x00, 0x00, 0x00, 0x00, 0x00, 0x00, 0x00, 0x00, 0x00, 0x00,
        0x00, 0x00, 0x00, 0x00, 0x00, 0x00, 0x00, 0x00, 0x00, 0x00, 0x00, 0x00, 0x00, 0x00, 0x00, 0x00,
        0x00, 0x00, 0x00, 0x00, 0x00, 0x00, 0x00, 0x00, 0x00, 0x00, 0x00, 0x00, 0x00, 0x00, 0x00, 0x00,
        0x00, 0x00, 0x00, 0x00, 0x00, 0x00, 0x00, 0x00, 0x00, 0x00, 0x00, 0x00, 0x00, 0x00, 0x00, 0x00,
        0x00, 0x00, 0x00, 0x00, 0x00, 0x00, 0x00, 0x00, 0x00, 0x00, 0x00, 0x00, 0x00, 0x00, 0x00, 0x00,
        0x00, 0x00, 0x00, 0x00, 0x00, 0x00, 0x00, 0x00, 0x00, 0x00, 0x00, 0x00, 0x00, 0x00, 0x00, 0x00,
        0x00, 0x00, 0x00, 0x00, 0x00, 0x00, 0x00, 0x00, 0x00, 0x00, 0x00, 0x00, 0x00, 0x00, 0x00, 0x00,
        0x00, 0x00, 0x00, 0x00, 0xCD, 0xBE, 0x00, 0x00, 0x00, 0x00, 0x00, 0x00, 0x00, 0x00, 0x00, 0x00,
        0x00, 0x00, 0x00, 0x00, 0x00, 0x00, 0x00, 0x00, 0x00, 0x00, 0x00, 0x00, 0x00, 0x00, 0x00, 0x00,
        0x00, 0x00, 0x00, 0x00, 0x00, 0x00, 0x00, 0x00, 0x00, 0x00, 0x00, 0x00, 0x00, 0x00, 0x00, 0x00,
        0x00, 0x00, 0x00, 0x00, 0x00, 0x00, 0x00, 0x00, 0x00, 0x00, 0x00, 0x00, 0x00, 0x00, 0x00, 0x00,
        0x00, 0x00, 0x00, 0x00, 0x00, 0x00, 0x00, 0x00, 0x00, 0x00, 0x00, 0x00, 0x00, 0x00, 0x00, 0x00,
        0x00, 0x00, 0x00, 0x00, 0x00, 0x00, 0x00, 0x00, 0x00, 0x00, 0x00, 0x00, 0x00, 0x00, 0x00, 0x00,
        0xBF, 0xBF, 0xBF, 0xFF, 0xFF, 0xFF, 0xFF, 0xFF, 0xFF, 0xFF, 0xFF, 0xFF, 0x00, 0x00, 0x00, 0xBF,
        0xBF, 0xBF, 0xFF, 0xFF, 0xFF, 0xFF, 0xFF, 0xFF, 0xFF, 0xFF, 0xFF, 0x40, 0x40, 0x40, 0x80, 0x80,
        0x80, 0xFF, 0xFF, 0xFF, 0xFF, 0xFF, 0xFF, 0xFF, 0xFF, 0xFF, 0x40, 0x40, 0x40, 0x00, 0x00, 0x00,
        0x00, 0x00, 0x00, 0x00, 0x00, 0x00, 0x00, 0x00, 0x00, 0x00, 0x00, 0x00, 0x00, 0x00, 0x00, 0x00,
        0x00, 0x00, 0x00, 0x00, 0x00, 0x00, 0x00, 0x00, 0x00, 0x00, 0x00, 0x00, 0x00, 0x00, 0x00, 0x00,
        0x00, 0x00, 0x00, 0x00, 0x00, 0x00, 0x00, 0x00, 0x00, 0x00, 0x00, 0x00, 0x00, 0x00, 0x00, 0x00,
        0x00, 0x00, 0x00, 0x00, 0x00, 0x00, 0x00, 0x00, 0x00, 0x00, 0x00, 0x00, 0x00, 0x00, 0x00, 0x00,
        0x00, 0x00, 0x00, 0x00, 0x00, 0x00, 0x00, 0x00, 0x00, 0x00, 0x00, 0x00, 0x00, 0x00, 0x00, 0x00,
        0x00, 0x00, 0x00, 0x00, 0x00, 0x00, 0x00, 0x00, 0x00, 0x00, 0x00, 0x00, 0x00, 0x00, 0x00, 0x00,
        0x00, 0x00, 0x00, 0x00, 0x00, 0x00, 0x00, 0x00, 0x00, 0x00, 0x00, 0x00, 0x00, 0x00, 0x00, 0x00,
        0x00, 0x00, 0x00, 0x00, 0x00, 0x00, 0x00, 0x00, 0x00, 0x00, 0x00, 0x00, 0x00, 0x00, 0x00, 0x00,
        0x00, 0x00, 0x00, 0x00, 0x85, 0x3F, 0x00, 0x00, 0x00, 0x00, 0x00, 0x00, 0x00, 0x00, 0x00, 0x00,
        0x00, 0x00, 0x00, 0x00, 0x00, 0x00, 0x00, 0x00, 0x00, 0x00, 0x00, 0x00, 0x00, 0x00, 0x00, 0x00,
        0x00, 0x00, 0x00, 0x00, 0x00, 0x00, 0x00, 0x00, 0x00, 0x00, 0x00, 0x00, 0x00, 0x00, 0x00, 0x00,
        0x00, 0x00, 0x00, 0x00, 0x00, 0x00, 0x00, 0x00, 0x00, 0x00, 0x00, 0x00, 0x00, 0x00, 0x00, 0x00,
        0x00, 0x00, 0x00, 0x00, 0x00, 0x00, 0x00, 0x00, 0x00, 0x00, 0x00, 0x00, 0x00, 0x00, 0x00, 0x00,
        0x00, 0x00, 0x00, 0x00, 0x00, 0x00, 0x00, 0x00, 0x00, 0x00, 0x00, 0x00, 0x00, 0x00, 0x00, 0x00,
        0xBF, 0xBF, 0xBF, 0xFF, 0xFF, 0xFF, 0xFF, 0xFF, 0xFF, 0xFF, 0xFF, 0xFF, 0x00, 0x00, 0x00, 0xBF,
        0xBF, 0xBF, 0xFF, 0xFF, 0xFF, 0xFF, 0xFF, 0xFF, 0xFF, 0xFF, 0xFF, 0x40, 0x40, 0x40, 0x80, 0x80,
        0x80, 0xFF, 0xFF, 0xFF, 0xFF, 0xFF, 0xFF, 0xFF, 0xFF, 0xFF, 0x40, 0x40, 0x40, 0x00, 0x00, 0x00,
        0x00, 0x00, 0x00, 0x00, 0x00, 0x00, 0x00, 0x00, 0x00, 0x00, 0x00, 0x00, 0x00, 0x00, 0x00, 0x00,
        0x00, 0x00, 0x00, 0x00, 0x00, 0x00, 0x00, 0x00, 0x00, 0x00, 0x00, 0x00, 0x00, 0x00, 0x00, 0x00,
        0x00, 0x00, 0x00, 0x00, 0x00, 0x00, 0x00, 0x00, 0x00, 0x00, 0x00, 0x00, 0x00, 0x00, 0x00, 0x00,
        0x00, 0x00, 0x00, 0x00, 0x00, 0x00, 0x00, 0x00, 0x00, 0x00, 0x00, 0x00, 0x00, 0x00, 0x00, 0x00,
        0x00, 0x00, 0x00, 0x00, 0x00, 0x00, 0x00, 0x00, 0x00, 0x00, 0x00, 0x00, 0x00, 0x00, 0x00, 0x00,
        0x00, 0x00, 0x00, 0x00, 0x00, 0x00, 0x00, 0x00, 0x00, 0x00, 0x00, 0x00, 0x00, 0x00, 0x00, 0x00,
        0x00, 0x00, 0x00, 0x00, 0x00, 0x00, 0x00, 0x00, 0x00, 0x00, 0x00, 0x00, 0x00, 0x00, 0x00, 0x00,
        0x00, 0x00, 0x00, 0x00, 0x00, 0x00, 0x00, 0x00, 0x00, 0x00, 0x00, 0x00, 0x00, 0x00, 0x00, 0x00,
        0x00, 0x00, 0x00, 0x00, 0x8B, 0x3E, 0x00, 0x00, 0x00, 0x00, 0x00, 0x00, 0x00, 0x00, 0x00, 0x00,
        0x00, 0x00, 0x00, 0x00, 0x00, 0x00, 0x00, 0x00, 0x00, 0x00, 0x00, 0x00, 0x00, 0x00, 0x00, 0x00,
        0x00, 0x00, 0x00, 0x00, 0x00, 0x00, 0x00, 0x00, 0x00, 0x00, 0x00, 0x00, 0x00, 0x00, 0x00, 0x00,
        0x00, 0x00, 0x00, 0x00, 0x00, 0x00, 0x00, 0x00, 0x00, 0x00, 0x00, 0x00, 0x00, 0x00, 0x00, 0x00,
        0x00, 0x00, 0x00, 0x00, 0x00, 0x00, 0x00, 0x00, 0x00, 0x00, 0x00, 0x00, 0x00, 0x00, 0x00, 0x00,
        0x00, 0x00, 0x00, 0x00, 0x00, 0x00, 0x00, 0x00, 0x00, 0x00, 0x00, 0x00, 0x00, 0x00, 0x00, 0x00,
        0xBF, 0xBF, 0xBF, 0xFF, 0xFF, 0xFF, 0xFF, 0xFF, 0xFF, 0xFF, 0xFF, 0xFF, 0x00, 0x00, 0x00, 0xBF,
        0xBF, 0xBF, 0xFF, 0xFF, 0xFF, 0xFF, 0xFF, 0xFF, 0xFF, 0xFF, 0xFF, 0x40, 0x40, 0x40, 0x80, 0x80,
        0x80, 0xFF, 0xFF, 0xFF, 0xFF, 0xFF, 0xFF, 0xFF, 0xFF, 0xFF, 0x40, 0x40, 0x40, 0x00, 0x00, 0x00,
        0x00, 0x00, 0x00, 0x00, 0x00, 0x00, 0x00, 0x00, 0x00, 0x00, 0x00, 0x00, 0x00, 0x00, 0x00, 0x00,
        0x00, 0x00, 0x00, 0x00, 0x00, 0x00, 0x00, 0x00, 0x00, 0x00, 0x00, 0x00, 0x00, 0x00, 0x00, 0x00,
        0x00, 0x00, 0x00, 0x00, 0x00, 0x00, 0x00, 0x00, 0x00, 0x00, 0x00, 0x00, 0x00, 0x00, 0x00, 0x00,
        0x00, 0x00, 0x00, 0x00, 0x00, 0x00, 0x00, 0x00, 0x00, 0x00, 0x00, 0x00, 0x00, 0x00, 0x00, 0x00,
        0x00, 0x00, 0x00, 0x00, 0x00, 0x00, 0x00, 0x00, 0x00, 0x00, 0x00, 0x00, 0x00, 0x00, 0x00, 0x00,
        0x00, 0x00, 0x00, 0x00, 0x00, 0x00, 0x00, 0x00, 0x00, 0x00, 0x00, 0x00, 0x00, 0x00, 0x00, 0x00,
        0x00, 0x00, 0x00, 0x00, 0x00, 0x00, 0x00, 0x00, 0x00, 0x00, 0x00, 0x00, 0x00, 0x00, 0x00, 0x00,
        0x00, 0x00, 0x00, 0x00, 0x00, 0x00, 0x00, 0x00, 0x00, 0x00, 0x00, 0x00, 0x00, 0x00, 0x00, 0x00,
        0x00, 0x00, 0x00, 0x00, 0x45, 0x3C, 0x00, 0x00, 0x00, 0x00, 0x00, 0x00, 0x00, 0x00, 0x00, 0x00,
        0x00, 0x00, 0x00, 0x00, 0x00, 0x00, 0x00, 0x00, 0x00, 0x00, 0x00, 0x00, 0x00, 0x00, 0x00, 0x00,
        0x00, 0x00, 0x00, 0x00, 0x00, 0x00, 0x00, 0x00, 0x00, 0x00, 0x00, 0x00, 0x00, 0x00, 0x00, 0x00,
        0x00, 0x00, 0x00, 0x00, 0x00, 0x00, 0x00, 0x00, 0x00, 0x00, 0x00, 0x00, 0x00, 0x00, 0x00, 0x00,
        0x00, 0x00, 0x00, 0x00, 0x00, 0x00, 0x00, 0x00, 0x00, 0x00, 0x00, 0x00, 0x00, 0x00, 0x00, 0x00,
        0x00, 0x00, 0x00, 0x00, 0x00, 0x00, 0x00, 0x00, 0x00, 0x00, 0x00, 0x00, 0x00, 0x00, 0x00, 0x00,
        0xBF, 0xBF, 0xBF, 0xFF, 0xFF, 0xFF, 0xFF, 0xFF, 0xFF, 0xFF, 0xFF, 0xFF, 0x00, 0x00, 0x00, 0xBF,
        0xBF, 0xBF, 0xFF, 0xFF, 0xFF, 0xFF, 0xFF, 0xFF, 0xFF, 0xFF, 0xFF, 0x40, 0x40, 0x40, 0x80, 0x80,
        0x80, 0xFF, 0xFF, 0xFF, 0xFF, 0xFF, 0xFF, 0xFF, 0xFF, 0xFF, 0x40, 0x40, 0x40, 0x00, 0x00, 0x00,
        0x00, 0x00, 0x00, 0x00, 0x00, 0x00, 0x00, 0x00, 0x00, 0x00, 0x00, 0x00, 0x00, 0x00, 0x00, 0x00,
        0x00, 0x00, 0x00, 0x00, 0x00, 0x00, 0x00, 0x00, 0x00, 0x00, 0x00, 0x00, 0x00, 0x00, 0x00, 0x00,
        0x00, 0x00, 0x00, 0x00, 0x00, 0x00, 0x00, 0x00, 0x00, 0x00, 0x00, 0x00, 0x00, 0x00, 0x00, 0x00,
        0x00, 0x00, 0x00, 0x00, 0x00, 0x00, 0x00, 0x00, 0x00, 0x00, 0x00, 0x00, 0x00, 0x00, 0x00, 0x00,
        0x00, 0x00, 0x00, 0x00, 0x00, 0x00, 0x00, 0x00, 0x00, 0x00, 0x00, 0x00, 0x00, 0x00, 0x00, 0x00,
        0x00, 0x00, 0x00, 0x00, 0x00, 0x00, 0x00, 0x00, 0x00, 0x00, 0x00, 0x00, 0x00, 0x00, 0x00, 0x00,
        0x00, 0x00, 0x00, 0x00, 0x00, 0x00, 0x00, 0x00, 0x00, 0x00, 0x00, 0x00, 0x00, 0x00, 0x00, 0x00,
        0x00, 0x00, 0x00, 0x00, 0x00, 0x00, 0x00, 0x00, 0x00, 0x00, 0x00, 0x00, 0x00, 0x00, 0x00, 0x00,
        0x00, 0x00, 0x00, 0x00, 0xB7, 0xBE, 0x00, 0x00, 0x00, 0x00, 0x00, 0x00, 0x00, 0x00, 0x00, 0x00,
        0x00, 0x00, 0x00, 0x00, 0x00, 0x00, 0x00, 0x00, 0x00, 0x00, 0x00, 0x00, 0x00, 0x00, 0x00, 0x00,
        0x00, 0x00, 0x00, 0x00, 0x00, 0x00, 0x00, 0x00, 0x00, 0x00, 0x00, 0x00, 0x00, 0x00, 0x00, 0x00,
        0x00, 0x00, 0x00, 0x00, 0x00, 0x00, 0x00, 0x00, 0x00, 0x00, 0x00, 0x00, 0x00, 0x00, 0x00, 0x00,
        0x00, 0x00, 0x00, 0x00, 0x00, 0x00, 0x00, 0x00, 0x00, 0x00, 0x00, 0x00, 0x00, 0x00, 0x00, 0x00,
        0x00, 0x00, 0x00, 0x00, 0x00, 0x00, 0x00, 0x00, 0x00, 0x00, 0x00, 0x00, 0x00, 0x00, 0x00, 0x00,
        0xBF, 0xBF, 0xBF, 0xFF, 0xFF, 0xFF, 0xFF, 0xFF, 0xFF, 0xFF, 0xFF, 0xFF, 0x00, 0x00, 0x00, 0xBF,
        0xBF, 0xBF, 0xFF, 0xFF, 0xFF, 0xFF, 0xFF, 0xFF, 0xFF, 0xFF, 0xFF, 0x40, 0x40, 0x40, 0x80, 0x80,
        0x80, 0xFF, 0xFF, 0xFF, 0xFF, 0xFF, 0xFF, 0xFF, 0xFF, 0xFF, 0x40, 0x40, 0x40, 0x00, 0x00, 0x00,
        0x00, 0x00, 0x00, 0x00, 0x00, 0x00, 0x00, 0x00, 0x00, 0x00, 0x00, 0x00, 0x00, 0x00, 0x00, 0x00,
        0x00, 0x00, 0x00, 0x00, 0x00, 0x00, 0x00, 0x00, 0x00, 0x00, 0x00, 0x00, 0x00, 0x00, 0x00, 0x00,
        0x00, 0x00, 0x00, 0x00, 0x00, 0x00, 0x00, 0x00, 0x00, 0x00, 0x00, 0x00, 0x00, 0x00, 0x00, 0x00,
        0x00, 0x00, 0x00, 0x00, 0x00, 0x00, 0x00, 0x00, 0x00, 0x00, 0x00, 0x00, 0x00, 0x00, 0x00, 0x00,
        0x00, 0x00, 0x00, 0x00, 0x00, 0x00, 0x00, 0x00, 0x00, 0x00, 0x00, 0x00, 0x00, 0x00, 0x00, 0x00,
        0x00, 0x00, 0x00, 0x00, 0x00, 0x00, 0x00, 0x00, 0x00, 0x00, 0x00, 0x00, 0x00, 0x00, 0x00, 0x00,
        0x00, 0x00, 0x00, 0x00, 0x00, 0x00, 0x00, 0x00, 0x00, 0x00, 0x00, 0x00, 0x00, 0x00, 0x00, 0x00,
        0x00, 0x00, 0x00, 0x00, 0x00, 0x00, 0x00, 0x00, 0x00, 0x00, 0x00, 0x00, 0x00, 0x00, 0x00, 0x00,
        0x00, 0x00, 0x00, 0x00, 0x44, 0xBF, 0x00, 0x00, 0x00, 0x00, 0x00, 0x00, 0x00, 0x00, 0x00, 0x00,
        0x00, 0x00, 0x00, 0x00, 0x00, 0x00, 0x00, 0x00, 0x00, 0x00, 0x00, 0x00, 0x00, 0x00, 0x00, 0x00,
        0x00, 0x00, 0x00, 0x00, 0x00, 0x00, 0x00, 0x00, 0x00, 0x00, 0x00, 0x00, 0x00, 0x00, 0x00, 0x00,
        0x00, 0x00, 0x00, 0x00, 0x00, 0x00, 0x00, 0x00, 0x00, 0x00, 0x00, 0x00, 0x00, 0x00, 0x00, 0x00,
        0x00, 0x00, 0x00, 0x00, 0x00, 0x00, 0x00, 0x00, 0x00, 0x00, 0x00, 0x00, 0x00, 0x00, 0x00, 0x00,
        0x00, 0x00, 0x00, 0x00, 0x00, 0x00, 0x00, 0x00, 0x00, 0x00, 0x00, 0x00, 0x00, 0x00, 0x00, 0x00,
        0xBF, 0xBF, 0xBF, 0xFF, 0xFF, 0xFF, 0xFF, 0xFF, 0xFF, 0xFF, 0xFF, 0xFF, 0x00, 0x00, 0x00, 0xBF,
        0xBF, 0xBF, 0xFF, 0xFF, 0xFF, 0xFF, 0xFF, 0xFF, 0xFF, 0xFF, 0xFF, 0x40, 0x40, 0x40, 0x50, 0x50,
        0x50, 0xFF, 0xFF, 0xFF, 0xFF, 0xFF, 0xFF, 0xFF, 0xFF, 0xFF, 0x20, 0x20, 0x20, 0x00, 0x00, 0x00,
        0x00, 0x00, 0x00, 0x00, 0x00, 0x00, 0x00, 0x00, 0x00, 0x00, 0x00, 0x00, 0x00, 0x00, 0x00, 0x00,
        0x00, 0x00, 0x00, 0x00, 0x00, 0x00, 0x00, 0x00, 0x00, 0x00, 0x00, 0x00, 0x00, 0x00, 0x00, 0x00,
        0x00, 0x00, 0x00, 0x00, 0x00, 0x00, 0x00, 0x00, 0x00, 0x00, 0x00, 0x00, 0x00, 0x00, 0x00, 0x00,
        0x00, 0x00, 0x00, 0x00, 0x00, 0x00, 0x00, 0x00, 0x00, 0x00, 0x00, 0x00, 0x00, 0x00, 0x00, 0x00,
        0x00, 0x00, 0x00, 0x00, 0x00, 0x00, 0x00, 0x00, 0x00, 0x00, 0x00, 0x00, 0x00, 0x00, 0x00, 0x00,
        0x00, 0x00, 0x00, 0x00, 0x00, 0x00, 0x00, 0x00, 0x00, 0x00, 0x00, 0x00, 0x00, 0x00, 0x00, 0x00,
        0x00, 0x00, 0x00, 0x00, 0x00, 0x00, 0x00, 0x00, 0x00, 0x00, 0x00, 0x00, 0x00, 0x00, 0x00, 0x00,
        0x00, 0x00, 0x00, 0x00, 0x00, 0x00, 0x00, 0x00, 0x00, 0x00, 0x00, 0x00, 0x00, 0x00, 0x00, 0x00,
        0x00, 0x00, 0x00, 0x00, 0xA0, 0xBE, 0x00, 0x00, 0x00, 0x00, 0x00, 0x00, 0x00, 0x00, 0x00, 0x00,
        0x00, 0x00, 0x00, 0x00, 0x00, 0x00, 0x00, 0x00, 0x00, 0x00, 0x00, 0x00, 0x00, 0x00, 0x00, 0x00,
        0x00, 0x00, 0x00, 0x00, 0x00, 0x00, 0x00, 0x00, 0x00, 0x00, 0x00, 0x00, 0x00, 0x00, 0x00, 0x00,
        0x00, 0x00, 0x00, 0x00, 0x00, 0x00, 0x00, 0x00, 0x00, 0x00, 0x00, 0x00, 0x00, 0x00, 0x00, 0x00,
        0x00, 0x00, 0x00, 0x00, 0x00, 0x00, 0x00, 0x00, 0x00, 0x00, 0x00, 0x00, 0x00, 0x00, 0x00, 0x00,
        0x00, 0x00, 0x00, 0x00, 0x00, 0x00, 0x00, 0x00, 0x00, 0x00, 0x00, 0x00, 0x00, 0x00, 0x00, 0x00,
        0xBF, 0xBF, 0xBF, 0xFF, 0xFF, 0xFF, 0xFF, 0xFF, 0xFF, 0xFF, 0xFF, 0xFF, 0x00, 0x00, 0x00, 0xBF,
        0xBF, 0xBF, 0xFF, 0xFF, 0xFF, 0xFF, 0xFF, 0xFF, 0xFF, 0xFF, 0xFF, 0x40, 0x40, 0x40, 0x00, 0x00,
        0x00, 0x50, 0x50, 0x50, 0x80, 0x80, 0x80, 0x40, 0x40, 0x40, 0x00, 0x00, 0x00, 0x00, 0x00, 0x00,
        0x00, 0x00, 0x00, 0x00, 0x00, 0x00, 0x00, 0x00, 0x00, 0x00, 0x00, 0x00, 0x00, 0x00, 0x00, 0x00,
        0x00, 0x00, 0x00, 0x00, 0x00, 0x00, 0x00, 0x00, 0x00, 0x00, 0x00, 0x00, 0x00, 0x00, 0x00, 0x00,
        0x00, 0x00, 0x00, 0x00, 0x00, 0x00, 0x00, 0x00, 0x00, 0x00, 0x00, 0x00, 0x00, 0x00, 0x00, 0x00,
        0x00, 0x00, 0x00, 0x00, 0x00, 0x00, 0x00, 0x00, 0x00, 0x00, 0x00, 0x00, 0x00, 0x00, 0x00, 0x00,
        0x00, 0x00, 0x00, 0x00, 0x00, 0x00, 0x00, 0x00, 0x00, 0x00, 0x00, 0x00, 0x00, 0x00, 0x00, 0x00,
        0x00, 0x00, 0x00, 0x00, 0x00, 0x00, 0x00, 0x00, 0x00, 0x00, 0x00, 0x00, 0x00, 0x00, 0x00, 0x00,
        0x00, 0x00, 0x00, 0x00, 0x00, 0x00, 0x00, 0x00, 0x00, 0x00, 0x00, 0x00, 0x00, 0x00, 0x00, 0x00,
        0x00, 0x00, 0x00, 0x00, 0x00, 0x00, 0x00, 0x00, 0x00, 0x00, 0x00, 0x00, 0x00, 0x00, 0x00, 0x00,
        0x00, 0x00, 0x00, 0x00, 0xE5, 0xBF, 0x00, 0x00, 0x00, 0x00, 0x00, 0x00, 0x00, 0x00, 0x00, 0x00,
        0x00, 0x00, 0x00, 0x00, 0x00, 0x00, 0x00, 0x00, 0x00, 0x00, 0x00, 0x00, 0x00, 0x00, 0x00, 0x00,
        0x00, 0x00, 0x00, 0x00, 0x00, 0x00, 0x00, 0x00, 0x00, 0x00, 0x00, 0x00, 0x00, 0x00, 0x00, 0x00,
        0x00, 0x00, 0x00, 0x00, 0x00, 0x00, 0x00, 0x00, 0x00, 0x00, 0x00, 0x00, 0x00, 0x00, 0x00, 0x00,
        0x00, 0x00, 0x00, 0x00, 0x00, 0x00, 0x00, 0x00, 0x00, 0x00, 0x00, 0x00, 0x00, 0x00, 0x00, 0x00,
        0x00, 0x00, 0x00, 0x00, 0x00, 0x00, 0x00, 0x00, 0x00, 0x00, 0x00, 0x00, 0x00, 0x00, 0x00, 0x00,
        0xBF, 0xBF, 0xBF, 0xFF, 0xFF, 0xFF, 0xFF, 0xFF, 0xFF, 0xFF, 0xFF, 0xFF, 0x00, 0x00, 0x00, 0xBF,
        0xBF, 0xBF, 0xFF, 0xFF, 0xFF, 0xFF, 0xFF, 0xFF, 0xFF, 0xFF, 0xFF, 0x40, 0x40, 0x40, 0x00, 0x00,
        0x00, 0x00, 0x00, 0x00, 0x00, 0x00, 0x00, 0x00, 0x00, 0x00, 0x00, 0x00, 0x00, 0x00, 0x00, 0x00,
        0x00, 0x00, 0x00, 0x00, 0x00, 0x00, 0x00, 0x00, 0x00, 0x00, 0x00, 0x00, 0x00, 0x00, 0x00, 0x00,
        0x00, 0x00, 0x00, 0x00, 0x00, 0x00, 0x00, 0x00, 0x00, 0x00, 0x00, 0x00, 0x00, 0x00, 0x00, 0x00,
        0x00, 0x00, 0x00, 0x00, 0x00, 0x00, 0x00, 0x00, 0x00, 0x00, 0x00, 0x00, 0x00, 0x00, 0x00, 0x00,
        0x00, 0x00, 0x00, 0x00, 0x00, 0x00, 0x00, 0x00, 0x00, 0x00, 0x00, 0x00, 0x00, 0x00, 0x00, 0x00,
        0x00, 0x00, 0x00, 0x00, 0x00, 0x00, 0x00, 0x00, 0x00, 0x00, 0x00, 0x00, 0x00, 0x00, 0x00, 0x00,
        0x00, 0x00, 0x00, 0x00, 0x00, 0x00, 0x00, 0x00, 0x00, 0x00, 0x00, 0x00, 0x00, 0x00, 0x00, 0x00,
        0x00, 0x00, 0x00, 0x00, 0x00, 0x00, 0x00, 0x00, 0x00, 0x00, 0x00, 0x00, 0x00, 0x00, 0x00, 0x00,
        0x00, 0x00, 0x00, 0x00, 0x00, 0x00, 0x00, 0x00, 0x00, 0x00, 0x00, 0x00, 0x00, 0x00, 0x00, 0x00,
        0x00, 0x00, 0x00, 0x00, 0xD3, 0xBE, 0x00, 0x00, 0x00, 0x00, 0x00, 0x00, 0x00, 0x00, 0x00, 0x00,
        0x00, 0x00, 0x00, 0x00, 0x00, 0x00, 0x00, 0x00, 0x00, 0x00, 0x00, 0x00, 0x00, 0x00, 0x00, 0x00,
        0x00, 0x00, 0x00, 0x00, 0x00, 0x00, 0x00, 0x00, 0x00, 0x00, 0x00, 0x00, 0x00, 0x00, 0x00, 0x00,
        0x00, 0x00, 0x00, 0x00, 0x00, 0x00, 0x00, 0x00, 0x00, 0x00, 0x00, 0x00, 0x00, 0x00, 0x00, 0x00,
        0x00, 0x00, 0x00, 0x00, 0x00, 0x00, 0x00, 0x00, 0x00, 0x00, 0x00, 0x00, 0x00, 0x00, 0x00, 0x00,
        0x00, 0x00, 0x00, 0x00, 0x00, 0x00, 0x00, 0x00, 0x00, 0x00, 0x00, 0x00, 0x00, 0x00, 0x00, 0x00,
        0xBF, 0xBF, 0xBF, 0xFF, 0xFF, 0xFF, 0xFF, 0xFF, 0xFF, 0xFF, 0xFF, 0xFF, 0x00, 0x00, 0x00, 0xBF,
        0xBF, 0xBF, 0xFF, 0xFF, 0xFF, 0xFF, 0xFF, 0xFF, 0xFF, 0xFF, 0xFF, 0x40, 0x40, 0x40, 0x00, 0x00,
        0x00, 0x00, 0x00, 0x00, 0x00, 0x00, 0x00, 0x00, 0x00, 0x00, 0x00, 0x00, 0x00, 0x00, 0x00, 0x00,
        0x00, 0x00, 0x00, 0x00, 0x00, 0x00, 0x00, 0x00, 0x00, 0x00, 0x00, 0x00, 0x00, 0x00, 0x00, 0x00,
        0x00, 0x00, 0x00, 0x00, 0x00, 0x00, 0x00, 0x00, 0x00, 0x00, 0x00, 0x00, 0x00, 0x00, 0x00, 0x00,
        0x00, 0x00, 0x00, 0x00, 0x00, 0x00, 0x00, 0x00, 0x00, 0x00, 0x00, 0x00, 0x00, 0x00, 0x00, 0x00,
        0x00, 0x00, 0x00, 0x00, 0x00, 0x00, 0x00, 0x00, 0x00, 0x00, 0x00, 0x00, 0x00, 0x00, 0x00, 0x00,
        0x00, 0x00, 0x00, 0x00, 0x00, 0x00, 0x00, 0x00, 0x00, 0x00, 0x00, 0x00, 0x00, 0x00, 0x00, 0x00,
        0x00, 0x00, 0x00, 0x00, 0x00, 0x00, 0x00, 0x00, 0x00, 0x00, 0x00, 0x00, 0x00, 0x00, 0x00, 0x00,
        0x00, 0x00, 0x00, 0x00, 0x00, 0x00, 0x00, 0x00, 0x00, 0x00, 0x00, 0x00, 0x00, 0x00, 0x00, 0x00,
        0x00, 0x00, 0x00, 0x00, 0x00, 0x00, 0x00, 0x00, 0x00, 0x00, 0x00, 0x00, 0x00, 0x00, 0x00, 0x00,
        0x00, 0x00, 0x00, 0x00, 0x7E, 0x3E, 0x00, 0x00, 0x00, 0x00, 0x00, 0x00, 0x00, 0x00, 0x00, 0x00,
        0x00, 0x00, 0x00, 0x00, 0x00, 0x00, 0x00, 0x00, 0x00, 0x00, 0x00, 0x00, 0x00, 0x00, 0x00, 0x00,
        0x00, 0x00, 0x00, 0x00, 0x00, 0x00, 0x00, 0x00, 0x00, 0x00, 0x00, 0x00, 0x00, 0x00, 0x00, 0x00,
        0x00, 0x00, 0x00, 0x00, 0x00, 0x00, 0x00, 0x00, 0x00, 0x00, 0x00, 0x00, 0x00, 0x00, 0x00, 0x00,
        0x00, 0x00, 0x00, 0x00, 0x00, 0x00, 0x00, 0x00, 0x00, 0x00, 0x00, 0x00, 0x00, 0x00, 0x00, 0x00,
        0x00, 0x00, 0x00, 0x00, 0x00, 0x00, 0x00, 0x00, 0x00, 0x00, 0x00, 0x00, 0x00, 0x00, 0x00, 0x00,
        0xBF, 0xBF, 0xBF, 0xFF, 0xFF, 0xFF, 0xFF, 0xFF, 0xFF, 0xFF, 0xFF, 0xFF, 0x00, 0x00, 0x00, 0xBF,
        0xBF, 0xBF, 0xFF, 0xFF, 0xFF, 0xFF, 0xFF, 0xFF, 0xFF, 0xFF, 0xFF, 0x40, 0x40, 0x40, 0x00, 0x00,
        0x00, 0x00, 0x00, 0x00, 0x00, 0x00, 0x00, 0x00, 0x00, 0x00, 0x00, 0x00, 0x00, 0x00, 0x00, 0x00,
        0x00, 0x00, 0x00, 0x00, 0x00, 0x00, 0x00, 0x00, 0x00, 0x00, 0x00, 0x00, 0x00, 0x00, 0x00, 0x00,
        0x00, 0x00, 0x00, 0x00, 0x00, 0x00, 0x00, 0x00, 0x00, 0x00, 0x00, 0x00, 0x00, 0x00, 0x00, 0x00,
        0x00, 0x00, 0x00, 0x00, 0x00, 0x00, 0x00, 0x00, 0x00, 0x00, 0x00, 0x00, 0x00, 0x00, 0x00, 0x00,
        0x00, 0x00, 0x00, 0x00, 0x00, 0x00, 0x00, 0x00, 0x00, 0x00, 0x00, 0x00, 0x00, 0x00, 0x00, 0x00,
        0x00, 0x00, 0x00, 0x00, 0x00, 0x00, 0x00, 0x00, 0x00, 0x00, 0x00, 0x00, 0x00, 0x00, 0x00, 0x00,
        0x00, 0x00, 0x00, 0x00, 0x00, 0x00, 0x00, 0x00, 0x00, 0x00, 0x00, 0x00, 0x00, 0x00, 0x00, 0x00,
        0x00, 0x00, 0x00, 0x00, 0x00, 0x00, 0x00, 0x00, 0x00, 0x00, 0x00, 0x00, 0x00, 0x00, 0x00, 0x00,
        0x00, 0x00, 0x00, 0x00, 0x00, 0x00, 0x00, 0x00, 0x00, 0x00, 0x00, 0x00, 0x00, 0x00, 0x00, 0x00,
        0x00, 0x00, 0x00, 0x00, 0x9C, 0xBD, 0x00, 0x00, 0x00, 0x00, 0x00, 0x00, 0x00, 0x00, 0x00, 0x00,
        0x00, 0x00, 0x00, 0x00, 0x00, 0x00, 0x00, 0x00, 0x00, 0x00, 0x00, 0x00, 0x00, 0x00, 0x00, 0x00,
        0x00, 0x00, 0x00, 0x00, 0x00, 0x00, 0x00, 0x00, 0x00, 0x00, 0x00, 0x00, 0x00, 0x00, 0x00, 0x00,
        0x00, 0x00, 0x00, 0x00, 0x00, 0x00, 0x00, 0x00, 0x00, 0x00, 0x00, 0x00, 0x00, 0x00, 0x00, 0x00,
        0x00, 0x00, 0x00, 0x00, 0x00, 0x00, 0x00, 0x00, 0x00, 0x00, 0x00, 0x00, 0x00, 0x00, 0x00, 0x00,
        0x00, 0x00, 0x00, 0x00, 0x00, 0x00, 0x00, 0x00, 0x00, 0x00, 0x00, 0x00, 0x00, 0x00, 0x00, 0x00,
        0xBF, 0xBF, 0xBF, 0xFF, 0xFF, 0xFF, 0xFF, 0xFF, 0xFF, 0xFF, 0xFF, 0xFF, 0x00, 0x00, 0x00, 0xBF,
        0xBF, 0xBF, 0xFF, 0xFF, 0xFF, 0xFF, 0xFF, 0xFF, 0xFF, 0xFF, 0xFF, 0x40, 0x40, 0x40, 0x00, 0x00,
        0x00, 0x00, 0x00, 0x00, 0x00, 0x00, 0x00, 0x00, 0x00, 0x00, 0x00, 0x00, 0x00, 0x00, 0x00, 0x00,
        0x00, 0x00, 0x00, 0x00, 0x00, 0x00, 0x00, 0x00, 0x00, 0x00, 0x00, 0x00, 0x00, 0x00, 0x00, 0x00,
        0x00, 0x00, 0x00, 0x00, 0x00, 0x00, 0x00, 0x00, 0x00, 0x00, 0x00, 0x00, 0x00, 0x00, 0x00, 0x00,
        0x00, 0x00, 0x00, 0x00, 0x00, 0x00, 0x00, 0x00, 0x00, 0x00, 0x00, 0x00, 0x00, 0x00, 0x00, 0x00,
        0x00, 0x00, 0x00, 0x00, 0x00, 0x00, 0x00, 0x00, 0x00, 0x00, 0x00, 0x00, 0x00, 0x00, 0x00, 0x00,
        0x00, 0x00, 0x00, 0x00, 0x00, 0x00, 0x00, 0x00, 0x00, 0x00, 0x00, 0x00, 0x00, 0x00, 0x00, 0x00,
        0x00, 0x00, 0x00, 0x00, 0x00, 0x00, 0x00, 0x00, 0x00, 0x00, 0x00, 0x00, 0x00, 0x00, 0x00, 0x00,
        0x00, 0x00, 0x00, 0x00, 0x00, 0x00, 0x00, 0x00, 0x00, 0x00, 0x00, 0x00, 0x00, 0x00, 0x00, 0x00,
        0x00, 0x00, 0x00, 0x00, 0x00, 0x00, 0x00, 0x00, 0x00, 0x00, 0x00, 0x00, 0x00, 0x00, 0x00, 0x00,
        0x00, 0x00, 0x00, 0x00, 0x0C, 0x3E, 0x00, 0x00, 0x00, 0x00, 0x00, 0x00, 0x00, 0x00, 0x00, 0x00,
        0x00, 0x00, 0x00, 0x00, 0x00, 0x00, 0x00, 0x00, 0x00, 0x00, 0x00, 0x00, 0x00, 0x00, 0x00, 0x00,
        0x00, 0x00, 0x00, 0x00, 0x00, 0x00, 0x00, 0x00, 0x00, 0x00, 0x00, 0x00, 0x00, 0x00, 0x00, 0x00,
        0x00, 0x00, 0x00, 0x00, 0x00, 0x00, 0x00, 0x00, 0x00, 0x00, 0x00, 0x00, 0x00, 0x00, 0x00, 0x00,
        0x00, 0x00, 0x00, 0x00, 0x00, 0x00, 0x00, 0x00, 0x00, 0x00, 0x00, 0x00, 0x00, 0x00, 0x00, 0x00,
        0x00, 0x00, 0x00, 0x00, 0x00, 0x00, 0x00, 0x00, 0x00, 0x00, 0x00, 0x00, 0x00, 0x00, 0x00, 0x00,
        0xBF, 0xBF, 0xBF, 0xFF, 0xFF, 0xFF, 0xFF, 0xFF, 0xFF, 0xFF, 0xFF, 0xFF, 0x00, 0x00, 0x00, 0x9F,
        0x9F, 0x9F, 0xFF, 0xFF, 0xFF, 0xFF, 0xFF, 0xFF, 0xFF, 0xFF, 0xFF, 0x20, 0x20, 0x20, 0x00, 0x00,
        0x00, 0x00, 0x00, 0x00, 0x00, 0x00, 0x00, 0x00, 0x00, 0x00, 0x00, 0x00, 0x00, 0x00, 0x00, 0x00,
        0x00, 0x00, 0x00, 0x00, 0x00, 0x00, 0x00, 0x00, 0x00, 0x00, 0x00, 0x00, 0x00, 0x00, 0x00, 0x00,
        0x00, 0x00, 0x00, 0x00, 0x00, 0x00, 0x00, 0x00, 0x00, 0x00, 0x00, 0x00, 0x00, 0x00, 0x00, 0x00,
        0x00, 0x00, 0x00, 0x00, 0x00, 0x00, 0x00, 0x00, 0x00, 0x00, 0x00, 0x00, 0x00, 0x00, 0x00, 0x00,
        0x00, 0x00, 0x00, 0x00, 0x00, 0x00, 0x00, 0x00, 0x00, 0x00, 0x00, 0x00, 0x00, 0x00, 0x00, 0x00,
        0x00, 0x00, 0x00, 0x00, 0x00, 0x00, 0x00, 0x00, 0x00, 0x00, 0x00, 0x00, 0x00, 0x00, 0x00, 0x00,
        0x00, 0x00, 0x00, 0x00, 0x00, 0x00, 0x00, 0x00, 0x00, 0x00, 0x00, 0x00, 0x00, 0x00, 0x00, 0x00,
        0x00, 0x00, 0x00, 0x00, 0x00, 0x00, 0x00, 0x00, 0x00, 0x00, 0x00, 0x00, 0x00, 0x00, 0x00, 0x00,
        0x00, 0x00, 0x00, 0x00, 0x00, 0x00, 0x00, 0x00, 0x00, 0x00, 0x00, 0x00, 0x00, 0x00, 0x00, 0x00,
        0x00, 0x00, 0x00, 0x00, 0x00, 0x00, 0x00, 0x00, 0x00, 0x00, 0x00, 0x00, 0x00, 0x00, 0x00, 0x00,
        0x00, 0x00, 0x00, 0x00, 0x00, 0x00, 0x00, 0x00, 0x00, 0x00, 0x00, 0x00, 0x00, 0x00, 0x00, 0x00,
        0x00, 0x00, 0x00, 0x00, 0x00, 0x00, 0x00, 0x00, 0x00, 0x00, 0x00, 0x00, 0x00, 0x00, 0x00, 0x00,
        0x00, 0x00, 0x00, 0x00, 0x00, 0x00, 0x00, 0x00, 0x00, 0x00, 0x00, 0x00, 0x00, 0x00, 0x00, 0x00,
        0x00, 0x00, 0x00, 0x00, 0x00, 0x00, 0x00, 0x00, 0x00, 0x00, 0x00, 0x00, 0x00, 0x00, 0x00, 0x00,
        0x00, 0x00, 0x00, 0x00, 0x00, 0x00, 0x00, 0x00, 0x00, 0x00, 0x00, 0x00, 0x00, 0x00, 0x00, 0x00,
        0xBF, 0xBF, 0xBF, 0xFF, 0xFF, 0xFF, 0xFF, 0xFF, 0xFF, 0xFF, 0xFF, 0xFF, 0x00, 0x00, 0x00, 0x10,
        0x10, 0x10, 0xAF, 0xAF, 0xAF, 0xBF, 0xBF, 0xBF, 0x60, 0x60, 0x60, 0x00, 0x00, 0x00, 0x00, 0x00,
        0x00, 0x00, 0x00, 0x00, 0x00, 0x00, 0x00, 0x00, 0x00, 0x00, 0x00, 0x00, 0x00, 0x00, 0x00, 0x00,
        0x00, 0x00, 0x00, 0x00, 0x00, 0x00, 0x00, 0x00, 0x00, 0x00, 0x00, 0x00, 0x00, 0x00, 0x00, 0x00,
        0x00, 0x00, 0x00, 0x00, 0x00, 0x00, 0x00, 0x00, 0x00, 0x00, 0x00, 0x00, 0x00, 0x00, 0x00, 0x00,
        0x00, 0x00, 0x00, 0x00, 0x00, 0x00, 0x00, 0x00, 0x00, 0x00, 0x00, 0x00, 0x00, 0x00, 0x00, 0x00,
        0x00, 0x00, 0x00, 0x00, 0x00, 0x00, 0x00, 0x00, 0x00, 0x00, 0x00, 0x00, 0x00, 0x00, 0x00, 0x00,
        0x00, 0x00, 0x00, 0x00, 0x00, 0x00, 0x00, 0x00, 0x00, 0x00, 0x00, 0x00, 0x00, 0x00, 0x00, 0x00,
        0x00, 0x00, 0x00, 0x00, 0x00, 0x00, 0x00, 0x00, 0x00, 0x00, 0x00, 0x00, 0x00, 0x00, 0x00, 0x00,
        0x00, 0x00, 0x00, 0x00, 0x00, 0x00, 0x00, 0x00, 0x00, 0x00, 0x00, 0x00, 0x00, 0x00, 0x00, 0x00,
        0x00, 0x00, 0x00, 0x00, 0x00, 0x00, 0x00, 0x00, 0x00, 0x00, 0x00, 0x00, 0x00, 0x00, 0x00, 0x00,
        0x00, 0x00, 0x00, 0x00, 0x00, 0x00, 0x00, 0x00, 0x00, 0x00, 0x00, 0x00, 0x00, 0x00, 0x00, 0x00,
        0x00, 0x00, 0x00, 0x00, 0x00, 0x00, 0x00, 0x00, 0x00, 0x00, 0x00, 0x00, 0x00, 0x00, 0x00, 0x00,
        0x00, 0x00, 0x00, 0x00, 0x00, 0x00, 0x00, 0x00, 0x00, 0x00, 0x00, 0x00, 0x00, 0x00, 0x00, 0x00,
        0x00, 0x00, 0x00, 0x00, 0x00, 0x00, 0x00, 0x00, 0x00, 0x00, 0x00, 0x00, 0x00, 0x00, 0x00, 0x00,
        0x00, 0x00, 0x00, 0x00, 0x00, 0x00, 0x00, 0x00, 0x00, 0x00, 0x00, 0x00, 0x00, 0x00, 0x00, 0x00,
        0x00, 0x00, 0x00, 0x00, 0x00, 0x00, 0x00, 0x00, 0x00, 0x00, 0x00, 0x00, 0x00, 0x00, 0x00, 0x00,
        0xBF, 0xBF, 0xBF, 0xFF, 0xFF, 0xFF, 0xFF, 0xFF, 0xFF, 0xFF, 0xFF, 0xFF, 0x00, 0x00, 0x00, 0x00,
        0x00, 0x00, 0x00, 0x00, 0x00, 0x00, 0x00, 0x00, 0x00, 0x00, 0x00, 0x00, 0x00, 0x00, 0x00, 0x00,
        0x00, 0x00, 0x00, 0x00, 0x00, 0x00, 0x00, 0x00, 0x00, 0x00, 0x00, 0x00, 0x00, 0x00, 0x00, 0x00,
        0x00, 0x00, 0x00, 0x00, 0x00, 0x00, 0x00, 0x00, 0x00, 0x00, 0x00, 0x00, 0x00, 0x00, 0x00, 0x00,
        0x00, 0x00, 0x00, 0x00, 0x00, 0x00, 0x00, 0x00, 0x00, 0x00, 0x00, 0x00, 0x00, 0x00, 0x00, 0x00,
        0x00, 0x00, 0x00, 0x00, 0x00, 0x00, 0x00, 0x00, 0x00, 0x00, 0x00, 0x00, 0x00, 0x00, 0x00, 0x00,
        0x00, 0x00, 0x00, 0x00, 0x00, 0x00, 0x00, 0x00, 0x00, 0x00, 0x00, 0x00, 0x00, 0x00, 0x00, 0x00,
        0x00, 0x00, 0x00, 0x00, 0x00, 0x00, 0x00, 0x00, 0x00, 0x00, 0x00, 0x00, 0x00, 0x00, 0x00, 0x00,
        0x00, 0x00, 0x00, 0x00, 0x00, 0x00, 0x00, 0x00, 0x00, 0x00, 0x00, 0x00, 0x00, 0x00, 0x00, 0x00,
        0x00, 0x00, 0x00, 0x00, 0x00, 0x00, 0x00, 0x00, 0x00, 0x00, 0x00, 0x00, 0x00, 0x00, 0x00, 0x00,
        0x00, 0x00, 0x00, 0x00, 0x00, 0x00, 0x00, 0x00, 0x00, 0x00, 0x00, 0x00, 0x00, 0x00, 0x00, 0x00,
        0x00, 0x00, 0x00, 0x00, 0x00, 0x00, 0x00, 0x00, 0x00, 0x00, 0x00, 0x00, 0x00, 0x00, 0x00, 0x00,
        0x00, 0x00, 0x00, 0x00, 0x00, 0x00, 0x00, 0x00, 0x00, 0x00, 0x00, 0x00, 0x00, 0x00, 0x00, 0x00,
        0x00, 0x00, 0x00, 0x00, 0x00, 0x00, 0x00, 0x00, 0x00, 0x00, 0x00, 0x00, 0x00, 0x00, 0x00, 0x00,
        0x00, 0x00, 0x00, 0x00, 0x00, 0x00, 0x00, 0x00, 0x00, 0x00, 0x00, 0x00, 0x00, 0x00, 0x00, 0x00,
        0x00, 0x00, 0x00, 0x00, 0x00, 0x00, 0x00, 0x00, 0x00, 0x00, 0x00, 0x00, 0x00, 0x00, 0x00, 0x00,
        0x00, 0x00, 0x00, 0x00, 0x00, 0x00, 0x00, 0x00, 0x00, 0x00, 0x00, 0x00, 0x00, 0x00, 0x00, 0x00,
        0xBF, 0xBF, 0xBF, 0xFF, 0xFF, 0xFF, 0xFF, 0xFF, 0xFF, 0xFF, 0xFF, 0xFF, 0x00, 0x00, 0x00, 0x00,
        0x00, 0x00, 0x00, 0x00, 0x00, 0x00, 0x00, 0x00, 0x00, 0x00, 0x00, 0x00, 0x00, 0x00, 0x00, 0x00,
        0x00, 0x00, 0x00, 0x00, 0x00, 0x00, 0x00, 0x00, 0x00, 0x00, 0x00, 0x00, 0x00, 0x00, 0x00, 0x00,
        0x00, 0x00, 0x00, 0x00, 0x00, 0x00, 0x00, 0x00, 0x00, 0x00, 0x00, 0x00, 0x00, 0x00, 0x00, 0x00,
        0x00, 0x00, 0x00, 0x00, 0x00, 0x00, 0x00, 0x00, 0x00, 0x00, 0x00, 0x00, 0x00, 0x00, 0x00, 0x00,
        0x00, 0x00, 0x00, 0x00, 0x00, 0x00, 0x00, 0x00, 0x00, 0x00, 0x00, 0x00, 0x00, 0x00, 0x00, 0x00,
        0x00, 0x00, 0x00, 0x00, 0x00, 0x00, 0x00, 0x00, 0x00, 0x00, 0x00, 0x00, 0x00, 0x00, 0x00, 0x00,
        0x00, 0x00, 0x00, 0x00, 0x00, 0x00, 0x00, 0x00, 0x00, 0x00, 0x00, 0x00, 0x00, 0x00, 0x00, 0x00,
        0x00, 0x00, 0x00, 0x00, 0x00, 0x00, 0x00, 0x00, 0x00, 0x00, 0x00, 0x00, 0x00, 0x00, 0x00, 0x00,
        0x00, 0x00, 0x00, 0x00, 0x00, 0x00, 0x00, 0x00, 0x00, 0x00, 0x00, 0x00, 0x00, 0x00, 0x00, 0x00,
        0x00, 0x00, 0x00, 0x00, 0x00, 0x00, 0x00, 0x00, 0x00, 0x00, 0x00, 0x00, 0x00, 0x00, 0x00, 0x00,
        0x00, 0x00, 0x00, 0x00, 0x00, 0x00, 0x00, 0x00, 0x00, 0x00, 0x00, 0x00, 0x00, 0x00, 0x00, 0x00,
        0x00, 0x00, 0x00, 0x00, 0x00, 0x00, 0x00, 0x00, 0x00, 0x00, 0x00, 0x00, 0x00, 0x00, 0x00, 0x00,
        0x00, 0x00, 0x00, 0x00, 0x00, 0x00, 0x00, 0x00, 0x00, 0x00, 0x00, 0x00, 0x00, 0x00, 0x00, 0x00,
        0x00, 0x00, 0x00, 0x00, 0x00, 0x00, 0x00, 0x00, 0x00, 0x00, 0x00, 0x00, 0x00, 0x00, 0x00, 0x00,
        0x00, 0x00, 0x00, 0x00, 0x00, 0x00, 0x00, 0x00, 0x00, 0x00, 0x00, 0x00, 0x00, 0x00, 0x00, 0x00,
        0x00, 0x00, 0x00, 0x00, 0x00, 0x00, 0x00, 0x00, 0x00, 0x00, 0x00, 0x00, 0x00, 0x00, 0x00, 0x00,
        0xBF, 0xBF, 0xBF, 0xFF, 0xFF, 0xFF, 0xFF, 0xFF, 0xFF, 0xFF, 0xFF, 0xFF, 0x00, 0x00, 0x00, 0x00,
        0x00, 0x00, 0x00, 0x00, 0x00, 0x00, 0x00, 0x00, 0x00, 0x00, 0x00, 0x00, 0x00, 0x00, 0x00, 0x00,
        0x00, 0x00, 0x00, 0x00, 0x00, 0x00, 0x00, 0x00, 0x00, 0x00, 0x00, 0x00, 0x00, 0x00, 0x00, 0x00,
        0x00, 0x00, 0x00, 0x00, 0x00, 0x00, 0x00, 0x00, 0x00, 0x00, 0x00, 0x00, 0x00, 0x00, 0x00, 0x00,
        0x00, 0x00, 0x00, 0x00, 0x00, 0x00, 0x00, 0x00, 0x00, 0x00, 0x00, 0x00, 0x00, 0x00, 0x00, 0x00,
        0x00, 0x00, 0x00, 0x00, 0x00, 0x00, 0x00, 0x00, 0x00, 0x00, 0x00, 0x00, 0x00, 0x00, 0x00, 0x00,
        0x00, 0x00, 0x00, 0x00, 0x00, 0x00, 0x00, 0x00, 0x00, 0x00, 0x00, 0x00, 0x00, 0x00, 0x00, 0x00,
        0x00, 0x00, 0x00, 0x00, 0x00, 0x00, 0x00, 0x00, 0x00, 0x00, 0x00, 0x00, 0x00, 0x00, 0x00, 0x00,
        0x00, 0x00, 0x00, 0x00, 0x00, 0x00, 0x00, 0x00, 0x00, 0x00, 0x00, 0x00, 0x00, 0x00, 0x00, 0x00,
        0x00, 0x00, 0x00, 0x00, 0x00, 0x00, 0x00, 0x00, 0x00, 0x00, 0x00, 0x00, 0x00, 0x00, 0x00, 0x00,
        0x00, 0x00, 0x00, 0x00, 0x00, 0x00, 0x00, 0x00, 0x00, 0x00, 0x00, 0x00, 0x00, 0x00, 0x00, 0x00,
        0x00, 0x00, 0x00, 0x00, 0xFD, 0x00, 0x00, 0x00, 0x00, 0x00, 0x00, 0x00, 0x00, 0x00, 0x00, 0x00,
        0x00, 0x00, 0x00, 0x00, 0x00, 0x00, 0x00, 0x00, 0x00, 0x00, 0x00, 0x00, 0x00, 0x00, 0x00, 0x00,
        0x00, 0x00, 0x00, 0x00, 0x00, 0x00, 0x00, 0x00, 0x00, 0x00, 0x00, 0x00, 0x00, 0x00, 0x00, 0x00,
        0x00, 0x00, 0x00, 0x00, 0x00, 0x00, 0x00, 0x00, 0x00, 0x00, 0x00, 0x00, 0x00, 0x00, 0x00, 0x00,
        0x00, 0x00, 0x00, 0x00, 0x00, 0x00, 0x00, 0x00, 0x00, 0x00, 0x00, 0x00, 0x00, 0x00, 0x00, 0x00,
        0x00, 0x00, 0x00, 0x00, 0x00, 0x00, 0x00, 0x00, 0x00, 0x00, 0x00, 0x00, 0x00, 0x00, 0x00, 0x00,
        0xBF, 0xBF, 0xBF, 0xFF, 0xFF, 0xFF, 0xFF, 0xFF, 0xFF, 0xFF, 0xFF, 0xFF, 0x00, 0x00, 0x00, 0x00,
        0x00, 0x00, 0x00, 0x00, 0x00, 0x00, 0x00, 0x00, 0x00, 0x00, 0x00, 0x00, 0x00, 0x00, 0x00, 0x00,
        0x00, 0x00, 0x00, 0x00, 0x00, 0x00, 0x00, 0x00, 0x00, 0x00, 0x00, 0x00, 0x00, 0x00, 0x00, 0x00,
        0x00, 0x00, 0x00, 0x00, 0x00, 0x00, 0x00, 0x00, 0x00, 0x00, 0x00, 0x00, 0x00, 0x00, 0x00, 0x00,
        0x00, 0x00, 0x00, 0x00, 0x00, 0x00, 0x00, 0x00, 0x00, 0x00, 0x00, 0x00, 0x00, 0x00, 0x00, 0x00,
        0x00, 0x00, 0x00, 0x00, 0x00, 0x00, 0x00, 0x00, 0x00, 0x00, 0x00, 0x00, 0x00, 0x00, 0x00, 0x00,
        0x00, 0x00, 0x00, 0x00, 0x00, 0x00, 0x00, 0x00, 0x00, 0x00, 0x00, 0x00, 0x00, 0x00, 0x00, 0x00,
        0x00, 0x00, 0x00, 0x00, 0x00, 0x00, 0x00, 0x00, 0x00, 0x00, 0x00, 0x00, 0x00, 0x00, 0x00, 0x00,
        0x00, 0x00, 0x00, 0x00, 0x00, 0x00, 0x00, 0x00, 0x00, 0x00, 0x00, 0x00, 0x00, 0x00, 0x00, 0x00,
        0x00, 0x00, 0x00, 0x00, 0x00, 0x00, 0x00, 0x00, 0x00, 0x00, 0x00, 0x00, 0x00, 0x00, 0x00, 0x00,
        0x00, 0x00, 0x00, 0x00, 0x00, 0x00, 0x00, 0x00, 0x00, 0x00, 0x00, 0x00, 0x00, 0x00, 0x00, 0x00,
        0x00, 0x00, 0x00, 0x00, 0x00, 0x00, 0x00, 0x00, 0x00, 0x00, 0x00, 0x00, 0x00, 0x00, 0x00, 0x00,
        0x00, 0x00, 0x00, 0x00, 0x00, 0x00, 0x00, 0x00, 0x00, 0x00, 0x00, 0x00, 0x00, 0x00, 0x00, 0x00,
        0x00, 0x00, 0x00, 0x00, 0x00, 0x00, 0x00, 0x00, 0x00, 0x00, 0x00, 0x00, 0x00, 0x00, 0x00, 0x00,
        0x00, 0x00, 0x00, 0x00, 0x00, 0x00, 0x00, 0x00, 0x00, 0x00, 0x00, 0x00, 0x00, 0x00, 0x00, 0x00,
        0x00, 0x00, 0x00, 0x00, 0x00, 0x00, 0x00, 0x00, 0x00, 0x00, 0x00, 0x00, 0x00, 0x00, 0x00, 0x00,
        0x00, 0x00, 0x00, 0x00, 0x00, 0x00, 0x00, 0x00, 0x00, 0x00, 0x00, 0x00, 0x00, 0x00, 0x00, 0x00,
        0xAF, 0xAF, 0xAF, 0xFF, 0xFF, 0xFF, 0xFF, 0xFF, 0xFF, 0xDF, 0xDF, 0xDF, 0x00, 0x00, 0x00, 0x00,
        0x00, 0x00, 0x00, 0x00, 0x00, 0x00, 0x00, 0x00, 0x00, 0x00, 0x00, 0x00, 0x00, 0x00, 0x00, 0x00,
        0x00, 0x00, 0x00, 0x00, 0x00, 0x00, 0x00, 0x00, 0x00, 0x00, 0x00, 0x00, 0x00, 0x00, 0x00, 0x00,
        0x00, 0x00, 0x00, 0x00, 0x00, 0x00, 0x00, 0x00, 0x00, 0x00, 0x00, 0x00, 0x00, 0x00, 0x00, 0x00,
        0x00, 0x00, 0x00, 0x00, 0x00, 0x00, 0x00, 0x00, 0x00, 0x00, 0x00, 0x00, 0x00, 0x00, 0x00, 0x00,
        0x00, 0x00, 0x00, 0x00, 0x00, 0x00, 0x00, 0x00, 0x00, 0x00, 0x00, 0x00, 0x00, 0x00, 0x00, 0x00,
        0x00, 0x00, 0x00, 0x00, 0x00, 0x00, 0x00, 0x00, 0x00, 0x00, 0x00, 0x00, 0x00, 0x00, 0x00, 0x00,
        0x00, 0x00, 0x00, 0x00, 0x00, 0x00, 0x00, 0x00, 0x00, 0x00, 0x00, 0x00, 0x00, 0x00, 0x00, 0x00,
        0x00, 0x00, 0x00, 0x00, 0x00, 0x00, 0x00, 0x00, 0x00, 0x00, 0x00, 0x00, 0x00, 0x00, 0x00, 0x00,
        0x00, 0x00, 0x00, 0x00, 0x00, 0x00, 0x00, 0x00, 0x00, 0x00, 0x00, 0x00, 0x00, 0x00, 0x00, 0x00,
        0x00, 0x00, 0x00, 0x00, 0x00, 0x00, 0x00, 0x00, 0x00, 0x00, 0x00, 0x00, 0x00, 0x00, 0x00, 0x00,
        0x00, 0x00, 0x00, 0x00, 0x00, 0x00, 0x00, 0x00, 0x00, 0x00, 0x00, 0x00, 0x00, 0x00, 0x00, 0x00,
        0x00, 0x00, 0x00, 0x00, 0x00, 0x00, 0x00, 0x00, 0x00, 0x00, 0x00, 0x00, 0x00, 0x00, 0x00, 0x00,
        0x00, 0x00, 0x00, 0x00, 0x00, 0x00, 0x00, 0x00, 0x00, 0x00, 0x00, 0x00, 0x00, 0x00, 0x00, 0x00,
        0x00, 0x00, 0x00, 0x00, 0x00, 0x00, 0x00, 0x00, 0x00, 0x00, 0x00, 0x00, 0x00, 0x00, 0x00, 0x00,
        0x00, 0x00, 0x00, 0x00, 0x00, 0x00, 0x00, 0x00, 0x00, 0x00, 0x00, 0x00, 0x00, 0x00, 0x00, 0x00,
        0x00, 0x00, 0x00, 0x00, 0x00, 0x00, 0x00, 0x00, 0x00, 0x00, 0x00, 0x00, 0x00, 0x00, 0x00, 0x00,
        0x10, 0x10, 0x10, 0x9F, 0x9F, 0x9F, 0xAF, 0xAF, 0xAF, 0x30, 0x30, 0x30, 0x00, 0x00, 0x00, 0x00,
        0x00, 0x00, 0x00, 0x00, 0x00, 0x00, 0x00, 0x00, 0x00, 0x00, 0x00, 0x00, 0x00, 0x00, 0x00, 0x00,
        0x00, 0x00, 0x00, 0x00, 0x00, 0x00, 0x00, 0x00, 0x00, 0x00, 0x00, 0x00, 0x00, 0x00, 0x00, 0x00,
        0x00, 0x00, 0x00, 0x00, 0x00, 0x00, 0x00, 0x00, 0x00, 0x00, 0x00, 0x00, 0x00, 0x00, 0x00, 0x00,
        0x00, 0x00, 0x00, 0x00, 0x00, 0x00, 0x00, 0x00, 0x00, 0x00, 0x00, 0x00, 0x00, 0x00, 0x00, 0x00,
        0x00, 0x00, 0x00, 0x00, 0x00, 0x00, 0x00, 0x00, 0x00, 0x00, 0x00, 0x00, 0x00, 0x00, 0x00, 0x00,
        0x00, 0x00, 0x00, 0x00, 0x00, 0x00, 0x00, 0x00, 0x00, 0x00, 0x00, 0x00, 0x00, 0x00, 0x00, 0x00,
        0x00, 0x00, 0x00, 0x00, 0x00, 0x00, 0x00, 0x00, 0x00, 0x00, 0x00, 0x00, 0x00, 0x00, 0x00, 0x00,
        0x00, 0x00, 0x00, 0x00, 0x00, 0x00, 0x00, 0x00, 0x00, 0x00, 0x00, 0x00, 0x00, 0x00, 0x00, 0x00,
        0x00, 0x00, 0x00, 0x00, 0x00, 0x00, 0x00, 0x00, 0x00, 0x00, 0x00, 0x00, 0x00, 0x00, 0x00, 0x00,
        0x00, 0x00, 0x00, 0x00, 0x00, 0x00, 0x00, 0x00, 0x00, 0x00, 0x00, 0x00, 0x00, 0x00, 0x00, 0x00,
        0x00, 0x00, 0x00, 0x00, 0x00, 0x00, 0x00, 0x00, 0x00, 0x00, 0x00, 0x00, 0x00, 0x00, 0x00, 0x00,
        0x00, 0x00, 0x00, 0x00, 0x00, 0x00, 0x00, 0x00, 0x00, 0x00, 0x00, 0x00, 0x00, 0x00, 0x00, 0x00,
        0x00, 0x00, 0x00, 0x00, 0x00, 0x00, 0x00, 0x00, 0x00, 0x00, 0x00, 0x00, 0x00, 0x00, 0x00, 0x00,
        0x00, 0x00, 0x00, 0x00, 0x00, 0x00, 0x00, 0x00, 0x00, 0x00, 0x00, 0x00, 0x00, 0x00, 0x00, 0x00,
        0x00, 0x00, 0x00, 0x00, 0x00, 0x00, 0x00, 0x00, 0x00, 0x00, 0x00, 0x00, 0x00, 0x00, 0x00, 0x00,
        0x00, 0x00, 0x00, 0x00, 0x00, 0x00, 0x00, 0x00, 0x00, 0x00, 0x00, 0x00, 0x00, 0x00, 0x00, 0x00,
        0x00, 0x00, 0x00, 0x00, 0x00, 0x00, 0x00, 0x00, 0x00, 0x00, 0x00, 0x00, 0x00, 0x00, 0x00, 0x00,
        0x00, 0x00, 0x00, 0x00, 0x00, 0x00, 0x00, 0x00, 0x00, 0x00, 0x00, 0x00, 0x00, 0x00, 0x00, 0x00,
        0x00, 0x00, 0x00, 0x00, 0x00, 0x00, 0x00, 0x00, 0x00, 0x00, 0x00, 0x00, 0x00, 0x00, 0x00, 0x00,
        0x00, 0x00, 0x00, 0x00, 0x00, 0x00, 0x00, 0x00, 0x00, 0x00, 0x00, 0x00, 0x00, 0x00, 0x00, 0x00,
        0x00, 0x00, 0x00, 0x00, 0x00, 0x00, 0x00, 0x00, 0x00, 0x00, 0x00, 0x00, 0x00, 0x00, 0x00, 0x00,
        0x00, 0x00, 0x00, 0x00, 0x00, 0x00, 0x00, 0x00, 0x00, 0x00, 0x00, 0x00, 0x00, 0x00, 0x00, 0x00,
        0x00, 0x00, 0x00, 0x00, 0x00, 0x00, 0x00, 0x00, 0x00, 0x00, 0x00, 0x00, 0x00, 0x00, 0x00, 0x00,
        0x00, 0x00, 0x00, 0x00, 0x00, 0x00, 0x00, 0x00, 0x00, 0x00, 0x00, 0x00, 0x00, 0x00, 0x00, 0x00,
        0x00, 0x00, 0x00, 0x00, 0x00, 0x00, 0x00, 0x00, 0x00, 0x00, 0x00, 0x00, 0x00, 0x00, 0x00, 0x00,
        0x00, 0x00, 0x00, 0x00, 0x00, 0x00, 0x00, 0x00, 0x00, 0x00, 0x00, 0x00, 0x00, 0x00, 0x00, 0x00,
        0x00, 0x00, 0x00, 0x00, 0x00, 0x00, 0x00, 0x00, 0x00, 0x00, 0x00, 0x00, 0x00, 0x00, 0x00, 0x00,
        0x00, 0x00, 0x00, 0x00, 0x00, 0x00, 0x00, 0x00, 0x00, 0x00, 0x00, 0x00, 0x00, 0x00, 0x00, 0x00,
        0x00, 0x00, 0x00, 0x00, 0x00, 0x00, 0x00, 0x00, 0x00, 0x00, 0x00, 0x00, 0x00, 0x00, 0x00, 0x00,
        0x00, 0x00, 0x00, 0x00, 0x00, 0x00, 0x00, 0x00, 0x00, 0x00, 0x00, 0x00, 0x00, 0x00, 0x00, 0x00,
        0x00, 0x00, 0x00, 0x00, 0x00, 0x00, 0x00, 0x00, 0x00, 0x00, 0x00, 0x00, 0x00, 0x00, 0x00, 0x00,
        0x00, 0x00, 0x00, 0x00, 0x00, 0x00, 0x00, 0x00, 0x00, 0x00, 0x00, 0x00, 0x00, 0x00, 0x00, 0x00,
        0x00, 0x00, 0x00, 0x00, 0x00, 0x00, 0x00, 0x00, 0x00, 0x00, 0x00, 0x00, 0x00, 0x00, 0x00, 0x00,
        0x00, 0x00, 0x00, 0x00, 0x00, 0x00, 0x00, 0x00, 0x00, 0x00, 0x00, 0x00, 0x00, 0x00, 0x00, 0x00,
        0x00, 0x00, 0x00, 0x00, 0x00, 0x00, 0x00, 0x00, 0x00, 0x00, 0x00, 0x00, 0x00, 0x00, 0x00, 0x00,
        0x00, 0x00, 0x00, 0x00, 0x00, 0x00, 0x00, 0x00, 0x00, 0x00, 0x00, 0x00, 0x00, 0x00, 0x00, 0x00,
        0x00, 0x00, 0x00, 0x00, 0x00, 0x00, 0x00, 0x00, 0x00, 0x00, 0x00, 0x00, 0x00, 0x00, 0x00, 0x00,
        0x00, 0x00, 0x00, 0x00, 0x00, 0x00, 0x00, 0x00, 0x00, 0x00, 0x00, 0x00, 0x00, 0x00, 0x00, 0x00,
        0x00, 0x00, 0x00, 0x00, 0x00, 0x00, 0x00, 0x00, 0x00, 0x00, 0x00, 0x00, 0x00, 0x00, 0x00, 0x00,
        0x00, 0x00, 0x00, 0x00, 0x00, 0x00, 0x00, 0x00, 0x00, 0x00, 0x00, 0x00, 0x00, 0x00, 0x00, 0x00,
        0x00, 0x00, 0x00, 0x00, 0x00, 0x00, 0x00, 0x00, 0x00, 0x00, 0x00, 0x00, 0x00, 0x00, 0x00, 0x00,
        0x00, 0x00, 0x00, 0x00, 0x00, 0x00, 0x00, 0x00, 0x00, 0x00, 0x00, 0x00, 0x00, 0x00, 0x00, 0x00,
        0x00, 0x00, 0x00, 0x00, 0x00, 0x00, 0x00, 0x00, 0x00, 0x00, 0x00, 0x00, 0x00, 0x00, 0x00, 0x00,
        0x00, 0x00, 0x00, 0x00, 0x00, 0x00, 0x00, 0x00, 0x00, 0x00, 0x00, 0x00, 0x00, 0x00, 0x00, 0x00,
        0x00, 0x00, 0x00, 0x00, 0x00, 0x00, 0x00, 0x00, 0x00, 0x00, 0x00, 0x00, 0x00, 0x00, 0x00, 0x00,
        0x00, 0x00, 0x00, 0x00, 0x00, 0x00, 0x00, 0x00, 0x00, 0x00, 0x00, 0x00, 0x00, 0x00, 0x00, 0x00,
        0x00, 0x00, 0x00, 0x00, 0x00, 0x00, 0x00, 0x00, 0x00, 0x00, 0x00, 0x00, 0x00, 0x00, 0x00, 0x00,
        0x00, 0x00, 0x00, 0x00, 0x00, 0x00, 0x00, 0x00, 0x00, 0x00, 0x00, 0x00, 0x00, 0x00, 0x00, 0x00,
        0x00, 0x00, 0x00, 0x00, 0x00, 0x00, 0x00, 0x00, 0x00, 0x00, 0x00, 0x00, 0x00, 0x00, 0x00, 0x00,
        0x00, 0x00, 0x00, 0x00, 0x00, 0x00, 0x00, 0x00, 0x00, 0x00, 0x00, 0x00, 0x00, 0x00, 0x00, 0x00,
        0x00, 0x00, 0x00, 0x00, 0x00, 0x00, 0x00, 0x00, 0x00, 0x00, 0x00, 0x00, 0x00, 0x00, 0x00, 0x00,
        0x00, 0x00, 0x00, 0x00, 0x00, 0x00, 0x00, 0x00, 0x00, 0x00, 0x00, 0x00, 0x00, 0x00, 0x00, 0x00,
        0x00, 0x00, 0x00, 0x00, 0x00, 0x00, 0x00, 0x00, 0x00, 0x00, 0x00, 0x00, 0x00, 0x00, 0x00, 0x00,
        0x00, 0x00, 0x00, 0x00, 0x00, 0x00, 0x00, 0x00, 0x00, 0x00, 0x00, 0x00, 0x00, 0x00, 0x00, 0x00,
        0x00, 0x00, 0x00, 0x00, 0x00, 0x00, 0x00, 0x00, 0x00, 0x00, 0x00, 0x00, 0x00, 0x00, 0x00, 0x00,
        0x00, 0x00, 0x00, 0x00, 0x00, 0x00, 0x00, 0x00, 0x00, 0x00, 0x00, 0x00, 0x00, 0x00, 0x00, 0x00,
        0x00, 0x00, 0x00, 0x00, 0x00, 0x00, 0x00, 0x00, 0x00, 0x00, 0x00, 0x00, 0x00, 0x00, 0x00, 0x00,
        0x00, 0x00, 0x00, 0x00, 0x00, 0x00, 0x00, 0x00, 0x00, 0x00, 0x00, 0x00, 0x00, 0x00, 0x00, 0x00,
        0x00, 0x00, 0x00, 0x00, 0x00, 0x00, 0x00, 0x00, 0x00, 0x00, 0x00, 0x00, 0x00, 0x00, 0x00, 0x00,
        0x00, 0x00, 0x00, 0x00, 0x00, 0x00, 0x00, 0x00, 0x00, 0x00, 0x00, 0x00, 0x00, 0x00, 0x00, 0x00,
        0x00, 0x00, 0x00, 0x00, 0x00, 0x00, 0x00, 0x00, 0x00, 0x00, 0x00, 0x00, 0x00, 0x00, 0x00, 0x00,
        0x00, 0x00, 0x00, 0x00, 0x00, 0x00, 0x00, 0x00, 0x00, 0x00, 0x00, 0x00, 0x00, 0x00, 0x00, 0x00,
        0x00, 0x00, 0x00, 0x00, 0x00, 0x00, 0x00, 0x00, 0x00, 0x00, 0x00, 0x00, 0x00, 0x00, 0x00, 0x00,
        0x00, 0x00, 0x00, 0x00, 0x00, 0x00, 0x00, 0x00, 0x00, 0x00, 0x00, 0x00, 0x00, 0x00, 0x00, 0x00,
        0x00, 0x00, 0x00, 0x00, 0x00, 0x00, 0x00, 0x00, 0x00, 0x00, 0x00, 0x00, 0x00, 0x00, 0x00, 0x00,
        0x00, 0x00, 0x00, 0x00, 0x00, 0x00, 0x00, 0x00, 0x00, 0x00, 0x00, 0x00, 0x00, 0x00, 0x00, 0x00,
        0x00, 0x00, 0x00, 0x00, 0x00, 0x00, 0x00, 0x00, 0x00, 0x00, 0x00, 0x00, 0x00, 0x00, 0x00, 0x00,
        0x00, 0x00, 0x00, 0x00, 0x00, 0x00, 0x00, 0x00, 0x00, 0x00, 0x00, 0x00, 0x00, 0x00, 0x00, 0x00,
        0x00, 0x00, 0x00, 0x00, 0x00, 0x00, 0x00, 0x00, 0x00, 0x00, 0x00, 0x00, 0x00, 0x00, 0x00, 0x00,
        0x00, 0x00, 0x00, 0x00, 0x00, 0x00, 0x00, 0x00, 0x00, 0x00, 0x00, 0x00, 0x00, 0x00, 0x00, 0x00,
        0x00, 0x00, 0x00, 0x00, 0x00, 0x00, 0x00, 0x00, 0x00, 0x00, 0x00, 0x00, 0x00, 0x00, 0x00, 0x00,
        0x00, 0x00, 0x00, 0x00, 0x00, 0x00, 0x00, 0x00, 0x00, 0x00, 0x00, 0x00, 0x00, 0x00, 0x00, 0x00,
        0x00, 0x00, 0x00, 0x00, 0x00, 0x00, 0x00, 0x00, 0x00, 0x00, 0x00, 0x00, 0x00, 0x00, 0x00, 0x00,
        0x00, 0x00, 0x00, 0x00, 0x00, 0x00, 0x00, 0x00, 0x00, 0x00, 0x00, 0x00, 0x00, 0x00, 0x00, 0x00,
        0x00, 0x00, 0x00, 0x00, 0x00, 0x00, 0x00, 0x00, 0x00, 0x00, 0x00, 0x00, 0x00, 0x00, 0x00, 0x00,
        0x00, 0x00, 0x00, 0x00, 0x00, 0x00, 0x00, 0x00, 0x00, 0x00, 0x00, 0x00, 0x00, 0x00, 0x00, 0x00,
        0x00, 0x00, 0x00, 0x00, 0x00, 0x00, 0x00, 0x00, 0x00, 0x00, 0x00, 0x00, 0x00, 0x00, 0x00, 0x00,
        0x00, 0x00, 0x00, 0x00, 0x00, 0x00, 0x00, 0x00, 0x00, 0x00, 0x00, 0x00, 0x00, 0x00, 0x00, 0x00,
        0x00, 0x00, 0x00, 0x00, 0x00, 0x00, 0x00, 0x00, 0x00, 0x00, 0x00, 0x00, 0x00, 0x00, 0x00, 0x00,
        0x00, 0x00, 0x00, 0x00, 0x00, 0x00, 0x00, 0x00, 0x00, 0x00, 0x00, 0x00, 0x00, 0x00, 0x00, 0x00,
        0x00, 0x00, 0x00, 0x00, 0x00, 0x00, 0x00, 0x00, 0x00, 0x00, 0x00, 0x00, 0x00, 0x00, 0x00, 0x00,
        0x00, 0x00, 0x00, 0x00, 0x00, 0x00, 0x00, 0x00, 0x00, 0x00, 0x00, 0x00, 0x00, 0x00, 0x00, 0x00,
        0x00, 0x00, 0x00, 0x00, 0x00, 0x00, 0x00, 0x00, 0x00, 0x00, 0x00, 0x00, 0x00, 0x00, 0x00, 0x00,
        0x00, 0x00, 0x00, 0x00, 0x00, 0x00, 0x00, 0x00, 0x00, 0x00, 0x00, 0x00, 0x00, 0x00, 0x00, 0x00,
        0x00, 0x00, 0x00, 0x00, 0x00, 0x00, 0x00, 0x00, 0x00, 0x00, 0x00, 0x00, 0x00, 0x00, 0x00, 0x00,
        0x00, 0x00, 0x00, 0x00, 0x00, 0x00, 0x00, 0x00, 0x00, 0x00, 0x00, 0x00, 0x00, 0x00, 0x00, 0x00,
        0x00, 0x00, 0x00, 0x00, 0x00, 0x00, 0x00, 0x00, 0x00, 0x00, 0x00, 0x00, 0x00, 0x00, 0x00, 0x00,
        0x00, 0x00, 0x00, 0x00, 0x00, 0x00, 0x00, 0x00, 0x00, 0x00, 0x00, 0x00, 0x00, 0x00, 0x00, 0x00,
        0x00, 0x00, 0x00, 0x00, 0x00, 0x00, 0x00, 0x00, 0x00, 0x00, 0x00, 0x00, 0x00, 0x00, 0x00, 0x00,
        0x00, 0x00, 0x00, 0x00, 0x00, 0x00, 0x00, 0x00, 0x00, 0x00, 0x00, 0x00, 0x00, 0x00, 0x00, 0x00,
        0x00, 0x00, 0x00, 0x00, 0x00, 0x00, 0x00, 0x00, 0x00, 0x00, 0x00, 0x00, 0x00, 0x00, 0x00, 0x00,
        0x00, 0x00, 0x00, 0x00, 0x00, 0x00, 0x00, 0x00, 0x00, 0x00, 0x00, 0x00, 0x00, 0x00, 0x00, 0x00,
        0x00, 0x00, 0x00, 0x00, 0x00, 0x00, 0x00, 0x00, 0x00, 0x00, 0x00, 0x00, 0x00, 0x00, 0x00, 0x00,
        0x00, 0x00, 0x00, 0x00, 0x00, 0x00, 0x00, 0x00, 0x00, 0x00, 0x00, 0x00, 0x00, 0x00, 0x00, 0x00,
        0x00, 0x00, 0x00, 0x00, 0x00, 0x00, 0x00, 0x00, 0x00, 0x00, 0x00, 0x00, 0x00, 0x00, 0x00, 0x00,
        0x00, 0x00, 0x00, 0x00, 0x00, 0x00, 0x00, 0x00, 0x00, 0x00, 0x00, 0x00, 0x00, 0x00, 0x00, 0x00,
        0x00, 0x00, 0x00, 0x00, 0x00, 0x00, 0x00, 0x00, 0x00, 0x00, 0x00, 0x00, 0x00, 0x00, 0x00, 0x00,
        0x00, 0x00, 0x00, 0x00, 0x00, 0x00, 0x00, 0x00, 0x00, 0x00, 0x00, 0x00, 0x00, 0x00, 0x00, 0x00,
        0x00, 0x00, 0x00, 0x00, 0x00, 0x00, 0x00, 0x00, 0x00, 0x00, 0x00, 0x00, 0x00, 0x00, 0x00, 0x00,
        0x00, 0x00, 0x00, 0x00, 0x00, 0x00, 0x00, 0x00, 0x00, 0x00, 0x00, 0x00, 0x00, 0x00, 0x00, 0x00,
        0x00, 0x00, 0x00, 0x00, 0x00, 0x00, 0x00, 0x00, 0x00, 0x00, 0x00, 0x00, 0x00, 0x00, 0x00, 0x00,
        0x00, 0x00, 0x00, 0x00, 0x00, 0x00, 0x00, 0x00, 0x00, 0x00, 0x00, 0x00, 0x00, 0x00, 0x00, 0x00,
        0x00, 0x00, 0x00, 0x00, 0x00, 0x00, 0x00, 0x00, 0x00, 0x00, 0x00, 0x00, 0x00, 0x00, 0x00, 0x00,
        0x00, 0x00, 0x00, 0x00, 0x00, 0x00, 0x00, 0x00, 0x00, 0x00, 0x00, 0x00, 0x00, 0x00, 0x00, 0x00,
        0x00, 0x00, 0x00, 0x00, 0x00, 0x00, 0x00, 0x00, 0x00, 0x00, 0x00, 0x00, 0x00, 0x00, 0x00, 0x00,
        0x00, 0x00, 0x00, 0x00, 0x00, 0x00, 0x00, 0x00, 0x00, 0x00, 0x00, 0x00, 0x00, 0x00, 0x00, 0x00,
        0x00, 0x00, 0x00, 0x00, 0x00, 0x00, 0x00, 0x00, 0x00, 0x00, 0x00, 0x00, 0x00, 0x00, 0x00, 0x00,
        0x00, 0x00, 0x00, 0x00, 0x00, 0x00, 0x00, 0x00, 0x00, 0x00, 0x00, 0x00, 0x00, 0x00, 0x00, 0x00,
        0x00, 0x00, 0x00, 0x00, 0x00, 0x00, 0x00, 0x00, 0x00, 0x00, 0x00, 0x00, 0x00, 0x00, 0x00, 0x00,
        0x00, 0x00, 0x00, 0x00, 0x00, 0x00, 0x00, 0x00, 0x00, 0x00, 0x00, 0x00, 0x00, 0x00, 0x00, 0x00,
        0x00, 0x00, 0x00, 0x00, 0x00, 0x00, 0x00, 0x00, 0x00, 0x00, 0x00, 0x00, 0x00, 0x00, 0x00, 0x00,
        0x00, 0x00, 0x00, 0x00, 0x00, 0x00, 0x00, 0x00, 0x00, 0x00, 0x00, 0x00, 0x00, 0x00, 0x00, 0x00,
        0x00, 0x00, 0x00, 0x00, 0x00, 0x00, 0x00, 0x00
};  // SoundWaveIcon_90x90

PROGMEM uint8_t MusicKbdIcon_100x70[] =  {
        0x42, 0x4D, 0x40, 0x52, 0x00, 0x00, 0x00, 0x00, 0x00, 0x00, 0x36, 0x00, 0x00, 0x00, 0x28, 0x00,
        0x00, 0x00, 0x64, 0x00, 0x00, 0x00, 0xBA, 0xFF, 0xFF, 0xFF, 0x01, 0x00, 0x18, 0x00, 0x00, 0x00,
        0x00, 0x00, 0x0A, 0x52, 0x00, 0x00, 0x23, 0x2E, 0x00, 0x00, 0x23, 0x2E, 0x00, 0x00, 0x00, 0x00,
        0x00, 0x00, 0x00, 0x00, 0x00, 0x00, 0x00, 0x00, 0x00, 0x00, 0x00, 0x00, 0x00, 0x00, 0x00, 0x00,
        0x00, 0x00, 0x00, 0x00, 0x00, 0x00, 0x00, 0x00, 0x00, 0x00, 0x00, 0x00, 0x00, 0x00, 0x00, 0x00,
        0x00, 0x00, 0x00, 0x00, 0x00, 0x00, 0x00, 0x00, 0x00, 0x00, 0x00, 0x00, 0x00, 0x00, 0x00, 0x00,
        0x00, 0x00, 0x00, 0x00, 0x00, 0x00, 0x00, 0x00, 0x00, 0x00, 0x00, 0x00, 0x00, 0x00, 0x00, 0x00,
        0x00, 0x00, 0x00, 0x00, 0x00, 0x00, 0x00, 0x00, 0x00, 0x00, 0x00, 0x00, 0x00, 0x00, 0x00, 0x00,
        0x00, 0x00, 0x00, 0x00, 0x00, 0x00, 0x00, 0x00, 0x00, 0x00, 0x00, 0x00, 0x00, 0x00, 0x00, 0x00,
        0x00, 0x00, 0x00, 0x00, 0x00, 0x00, 0x00, 0x00, 0x00, 0x00, 0x00, 0x00, 0x00, 0x00, 0x00, 0x00,
        0x00, 0x00, 0x00, 0x00, 0x00, 0x00, 0x00, 0x00, 0x00, 0x00, 0x00, 0x00, 0x00, 0x00, 0x00, 0x00,
        0x00, 0x00, 0x00, 0x00, 0x00, 0x00, 0x00, 0x00, 0x00, 0x00, 0x00, 0x00, 0x00, 0x00, 0x00, 0x00,
        0x00, 0x00, 0x00, 0x00, 0x00, 0x00, 0x00, 0x00, 0x00, 0x00, 0x00, 0x00, 0x00, 0x00, 0x00, 0x00,
        0x00, 0x00, 0x00, 0x00, 0x00, 0x00, 0x00, 0x00, 0x00, 0x00, 0x00, 0x00, 0x00, 0x00, 0x00, 0x00,
        0x00, 0x00, 0x00, 0x00, 0x00, 0x00, 0x00, 0x00, 0x00, 0x00, 0x00, 0x00, 0x00, 0x00, 0x00, 0x00,
        0x00, 0x00, 0x00, 0x00, 0x00, 0x00, 0x00, 0x00, 0x00, 0x00, 0x00, 0x00, 0x00, 0x00, 0x00, 0x00,
        0x00, 0x00, 0x00, 0x00, 0x00, 0x00, 0x00, 0x00, 0x00, 0x00, 0x00, 0x00, 0x00, 0x00, 0x00, 0x00,
        0x00, 0x00, 0x00, 0x00, 0x00, 0x00, 0x00, 0x00, 0x00, 0x00, 0x00, 0x00, 0x00, 0x00, 0x00, 0x00,
        0x00, 0x00, 0x00, 0x00, 0x00, 0x00, 0x00, 0x00, 0x00, 0x00, 0x00, 0x00, 0x00, 0x00, 0x00, 0x00,
        0x00, 0x00, 0x00, 0x00, 0x00, 0x00, 0x00, 0x00, 0x00, 0x00, 0x00, 0x00, 0x00, 0x00, 0x00, 0x00,
        0x00, 0x00, 0x00, 0x00, 0x00, 0x00, 0x00, 0x00, 0x00, 0x00, 0x00, 0x00, 0x00, 0x00, 0x00, 0x00,
        0x00, 0x00, 0x00, 0x00, 0x00, 0x00, 0x00, 0x00, 0x00, 0x00, 0x00, 0x00, 0x00, 0x00, 0x00, 0x00,
        0x00, 0x00, 0x00, 0x00, 0x00, 0x00, 0x00, 0x00, 0x00, 0x00, 0x00, 0x00, 0x00, 0x00, 0x00, 0x00,
        0x00, 0x00, 0x00, 0x00, 0x00, 0x00, 0x00, 0x00, 0x00, 0x00, 0x00, 0x00, 0x00, 0x00, 0x00, 0x00,
        0x00, 0x00, 0x00, 0x00, 0x00, 0x00, 0x00, 0x00, 0x00, 0x00, 0x00, 0x00, 0x00, 0x00, 0x00, 0x00,
        0x00, 0x00, 0x00, 0x00, 0x00, 0x00, 0x00, 0x00, 0x00, 0x00, 0x00, 0x00, 0x00, 0x00, 0x00, 0x00,
        0x00, 0x00, 0x00, 0x00, 0x00, 0x00, 0x00, 0x00, 0x00, 0x00, 0x00, 0x00, 0x00, 0x00, 0x00, 0x00,
        0x00, 0x00, 0x00, 0x00, 0x00, 0x00, 0x00, 0x00, 0x00, 0x00, 0x00, 0x00, 0x00, 0x00, 0x00, 0x00,
        0x00, 0x00, 0x00, 0x00, 0x00, 0x00, 0x00, 0x00, 0x00, 0x00, 0x00, 0x00, 0x00, 0x00, 0x00, 0x00,
        0x00, 0x00, 0x00, 0x00, 0x00, 0x00, 0x00, 0x00, 0x00, 0x00, 0x00, 0x00, 0x00, 0x00, 0x00, 0x00,
        0x00, 0x00, 0x00, 0x00, 0x00, 0x00, 0x00, 0x00, 0x00, 0x00, 0x00, 0x00, 0x00, 0x00, 0x00, 0x00,
        0x00, 0x00, 0x00, 0x00, 0x00, 0x00, 0x00, 0x00, 0x00, 0x00, 0x00, 0x00, 0x00, 0x00, 0x00, 0x00,
        0x00, 0x00, 0x00, 0x00, 0x00, 0x00, 0x00, 0x00, 0x00, 0x00, 0x00, 0x00, 0x00, 0x00, 0x00, 0x00,
        0x00, 0x00, 0x00, 0x00, 0x00, 0x00, 0x00, 0x00, 0x00, 0x00, 0x00, 0x00, 0x00, 0x00, 0x00, 0x00,
        0x00, 0x00, 0x00, 0x00, 0x00, 0x00, 0x00, 0x00, 0x00, 0x00, 0x00, 0x00, 0x00, 0x00, 0x00, 0x00,
        0x00, 0x00, 0x00, 0x00, 0x00, 0x00, 0x00, 0x00, 0x00, 0x00, 0x00, 0x00, 0x00, 0x00, 0x00, 0x00,
        0x00, 0x00, 0x00, 0x00, 0x00, 0x00, 0x00, 0x00, 0x00, 0x00, 0x00, 0x00, 0x00, 0x00, 0x00, 0x00,
        0x00, 0x00, 0x00, 0x00, 0x00, 0x00, 0x00, 0x00, 0x00, 0x00, 0x00, 0x00, 0x00, 0x00, 0x00, 0x00,
        0x00, 0x00, 0x00, 0x00, 0x00, 0x00, 0x00, 0x00, 0x00, 0x00, 0x00, 0x00, 0x00, 0x00, 0x00, 0x00,
        0x00, 0x00, 0x00, 0x00, 0x00, 0x00, 0x00, 0x00, 0x00, 0x00, 0x00, 0x00, 0x00, 0x00, 0x00, 0x00,
        0x00, 0x00, 0x00, 0x00, 0x00, 0x00, 0x00, 0x00, 0x00, 0x00, 0x00, 0x00, 0x00, 0x00, 0x00, 0x00,
        0x00, 0x00, 0x00, 0x00, 0x00, 0x00, 0x00, 0x00, 0x00, 0x00, 0x00, 0x00, 0x00, 0x00, 0x00, 0x00,
        0x00, 0x00, 0x00, 0x00, 0x00, 0x00, 0x00, 0x00, 0x00, 0x00, 0x00, 0x00, 0x00, 0x00, 0x00, 0x00,
        0x00, 0x00, 0x00, 0x00, 0x00, 0x00, 0x00, 0x00, 0x00, 0x00, 0x00, 0x00, 0x00, 0x00, 0x00, 0x00,
        0x00, 0x00, 0x00, 0x00, 0x00, 0x00, 0x00, 0x00, 0x00, 0x00, 0x00, 0x00, 0x00, 0x00, 0x00, 0x00,
        0x00, 0x00, 0x00, 0x00, 0x00, 0x00, 0x00, 0x00, 0x00, 0x00, 0x00, 0x00, 0x00, 0x00, 0x00, 0x00,
        0x00, 0x00, 0x00, 0x00, 0x00, 0x00, 0x00, 0x00, 0x00, 0x00, 0x00, 0x00, 0x00, 0x00, 0x00, 0x00,
        0x00, 0x00, 0x00, 0x00, 0x00, 0x00, 0x00, 0x00, 0x00, 0x00, 0x00, 0x00, 0x00, 0x00, 0x00, 0x00,
        0x00, 0x00, 0x00, 0x00, 0x00, 0x00, 0x00, 0x00, 0x00, 0x00, 0x00, 0x00, 0x00, 0x00, 0x00, 0x00,
        0x00, 0x00, 0x00, 0x00, 0x00, 0x00, 0x00, 0x00, 0x00, 0x00, 0x00, 0x00, 0x00, 0x00, 0x00, 0x00,
        0x00, 0x00, 0x00, 0x00, 0x00, 0x00, 0x00, 0x00, 0x00, 0x00, 0x00, 0x00, 0x00, 0x00, 0x00, 0x00,
        0x00, 0x00, 0x00, 0x00, 0x00, 0x00, 0x00, 0x00, 0x00, 0x00, 0x00, 0x00, 0x00, 0x00, 0x00, 0x00,
        0x00, 0x00, 0x00, 0x00, 0x00, 0x00, 0x00, 0x00, 0x00, 0x00, 0x00, 0x00, 0x00, 0x00, 0x00, 0x00,
        0x00, 0x00, 0x00, 0x00, 0x00, 0x00, 0x00, 0x00, 0x00, 0x00, 0x00, 0x00, 0x00, 0x00, 0x00, 0x00,
        0x00, 0x00, 0x00, 0x00, 0x00, 0x00, 0x00, 0x00, 0x00, 0x00, 0x00, 0x00, 0x00, 0x00, 0x00, 0x00,
        0x00, 0x00, 0x00, 0x00, 0x00, 0x00, 0x00, 0x00, 0x00, 0x00, 0x00, 0x00, 0x00, 0x00, 0x00, 0x00,
        0x00, 0x00, 0x00, 0x00, 0x00, 0x00, 0x00, 0x00, 0x00, 0x00, 0x00, 0x00, 0x00, 0x00, 0x00, 0x00,
        0x00, 0x00, 0x00, 0x00, 0x00, 0x00, 0x00, 0x00, 0x00, 0x00, 0x00, 0x00, 0x00, 0x00, 0x00, 0x00,
        0x00, 0x00, 0x00, 0x00, 0x00, 0x00, 0x00, 0x00, 0x00, 0x00, 0x00, 0x00, 0x00, 0x00, 0x00, 0x00,
        0x00, 0x00, 0x00, 0x00, 0x00, 0x00, 0x00, 0x00, 0x00, 0x00, 0x00, 0x00, 0x00, 0x00, 0x00, 0x00,
        0x00, 0x00, 0x00, 0x00, 0x00, 0x00, 0x00, 0x00, 0x00, 0x00, 0x00, 0x00, 0x00, 0x00, 0x00, 0x00,
        0x00, 0x00, 0x00, 0x00, 0x00, 0x00, 0x00, 0x00, 0x00, 0x00, 0x00, 0x00, 0x00, 0x00, 0x00, 0x00,
        0x00, 0x00, 0x00, 0x00, 0x00, 0x00, 0x00, 0x00, 0x00, 0x00, 0x00, 0x00, 0x00, 0x00, 0x00, 0x00,
        0x00, 0x00, 0x00, 0x00, 0x00, 0x00, 0x00, 0x00, 0x00, 0x00, 0x00, 0x00, 0x00, 0x00, 0x00, 0x00,
        0x00, 0x00, 0x00, 0x00, 0x00, 0x00, 0x00, 0x00, 0x00, 0x00, 0x00, 0x00, 0x00, 0x00, 0x00, 0x00,
        0x00, 0x00, 0x00, 0x00, 0x00, 0x00, 0x00, 0x00, 0x00, 0x00, 0x00, 0x00, 0x00, 0x00, 0x00, 0x00,
        0x00, 0x00, 0x00, 0x00, 0x00, 0x00, 0x00, 0x00, 0x00, 0x00, 0x00, 0x00, 0x00, 0x00, 0x00, 0x00,
        0x00, 0x00, 0x00, 0x00, 0x00, 0x00, 0x00, 0x00, 0x00, 0x00, 0x00, 0x00, 0x00, 0x00, 0x00, 0x00,
        0x00, 0x00, 0x00, 0x00, 0x00, 0x00, 0x00, 0x00, 0x00, 0x00, 0x00, 0x00, 0x00, 0x00, 0x00, 0x00,
        0x00, 0x00, 0x00, 0x00, 0x00, 0x00, 0x00, 0x00, 0x00, 0x00, 0x00, 0x00, 0x00, 0x00, 0x00, 0x00,
        0x00, 0x00, 0x00, 0x00, 0x00, 0x00, 0x00, 0x00, 0x00, 0x00, 0x00, 0x00, 0x00, 0x00, 0x00, 0x00,
        0x00, 0x00, 0x00, 0x00, 0x00, 0x00, 0x00, 0x00, 0x00, 0x00, 0x00, 0x00, 0x00, 0x00, 0x00, 0x00,
        0x00, 0x00, 0x00, 0x00, 0x00, 0x00, 0x00, 0x00, 0x00, 0x00, 0x00, 0x00, 0x00, 0x00, 0x00, 0x00,
        0x00, 0x00, 0x00, 0x00, 0x00, 0x00, 0x00, 0x00, 0x00, 0x00, 0x00, 0x00, 0x00, 0x00, 0x00, 0x00,
        0x00, 0x00, 0x00, 0x00, 0x00, 0x00, 0x00, 0x00, 0x00, 0x00, 0x00, 0x00, 0x00, 0x00, 0x00, 0x00,
        0x00, 0x00, 0x00, 0x00, 0x00, 0x00, 0x00, 0x00, 0x00, 0x00, 0x00, 0x00, 0x00, 0x00, 0x00, 0x00,
        0x00, 0x00, 0x00, 0x00, 0x00, 0x00, 0x00, 0x00, 0x00, 0x00, 0x00, 0x00, 0x00, 0x00, 0x00, 0x00,
        0x00, 0x00, 0x00, 0x00, 0x00, 0x00, 0x00, 0x00, 0x00, 0x00, 0x00, 0x00, 0x00, 0x00, 0x00, 0x00,
        0x00, 0x00, 0x00, 0x00, 0x00, 0x00, 0x00, 0x00, 0x00, 0x00, 0x00, 0x00, 0x00, 0x00, 0x00, 0x00,
        0x00, 0x00, 0x00, 0x00, 0x00, 0x00, 0x00, 0x00, 0x00, 0x00, 0x00, 0x00, 0x00, 0x00, 0x00, 0x00,
        0x00, 0x00, 0x00, 0x00, 0x00, 0x00, 0x00, 0x00, 0x00, 0x00, 0x00, 0x00, 0x00, 0x00, 0x00, 0x00,
        0x00, 0x00, 0x00, 0x00, 0x00, 0x00, 0x00, 0x00, 0x00, 0x00, 0x00, 0x00, 0x00, 0x00, 0x00, 0x00,
        0x00, 0x00, 0x00, 0x00, 0x00, 0x00, 0x00, 0x00, 0x00, 0x00, 0x00, 0x00, 0x00, 0x00, 0x00, 0x00,
        0x00, 0x00, 0x00, 0x00, 0x00, 0x00, 0x00, 0x00, 0x00, 0x00, 0x00, 0x00, 0x00, 0x00, 0x00, 0x00,
        0x00, 0x00, 0x00, 0x00, 0x00, 0x00, 0x00, 0x00, 0x00, 0x00, 0x00, 0x00, 0x00, 0x00, 0x00, 0x00,
        0x00, 0x00, 0x00, 0x00, 0x00, 0x00, 0x00, 0x00, 0x00, 0x00, 0x00, 0x00, 0x00, 0x00, 0x00, 0x00,
        0x00, 0x00, 0x00, 0x00, 0x00, 0x00, 0x00, 0x00, 0x00, 0x00, 0x00, 0x00, 0x00, 0x00, 0x00, 0x00,
        0x00, 0x00, 0x00, 0x00, 0x00, 0x00, 0x00, 0x00, 0x00, 0x00, 0x00, 0x00, 0x00, 0x00, 0x00, 0x00,
        0x00, 0x00, 0x00, 0x00, 0x00, 0x00, 0x00, 0x00, 0x00, 0x00, 0x00, 0x00, 0x00, 0x00, 0x00, 0x00,
        0x00, 0x00, 0x00, 0x00, 0x00, 0x00, 0x00, 0x00, 0x00, 0x00, 0x00, 0x00, 0x00, 0x00, 0x00, 0x00,
        0x00, 0x00, 0x00, 0x00, 0x00, 0x00, 0x00, 0x00, 0x00, 0x00, 0x00, 0x00, 0x00, 0x00, 0x00, 0x00,
        0x00, 0x00, 0x00, 0x00, 0x00, 0x00, 0x00, 0x00, 0x00, 0x00, 0x00, 0x00, 0x00, 0x00, 0x00, 0x00,
        0x00, 0x00, 0x00, 0x00, 0x00, 0x00, 0x00, 0x00, 0x00, 0x00, 0x00, 0x00, 0x00, 0x00, 0x00, 0x00,
        0x00, 0x00, 0x00, 0x00, 0x00, 0x00, 0x00, 0x00, 0x00, 0x00, 0x00, 0x00, 0x00, 0x00, 0x00, 0x00,
        0x00, 0x00, 0x00, 0x00, 0x00, 0x00, 0x00, 0x00, 0x00, 0x00, 0x00, 0x00, 0x00, 0x00, 0x00, 0x00,
        0x00, 0x00, 0x00, 0x00, 0x00, 0x00, 0x00, 0x00, 0x00, 0x00, 0x00, 0x00, 0x00, 0x00, 0x00, 0x00,
        0x00, 0x00, 0x00, 0x00, 0x00, 0x00, 0x00, 0x00, 0x00, 0x00, 0x00, 0x00, 0x00, 0x00, 0x00, 0x00,
        0x00, 0x00, 0x00, 0x00, 0x00, 0x00, 0x00, 0x00, 0x00, 0x00, 0x00, 0x00, 0x00, 0x00, 0x00, 0x00,
        0x00, 0x00, 0x00, 0x00, 0x00, 0x00, 0x00, 0x00, 0x00, 0x00, 0x00, 0x00, 0x00, 0x00, 0x00, 0x00,
        0x00, 0x00, 0x00, 0x00, 0x00, 0x00, 0x00, 0x00, 0x00, 0x00, 0x00, 0x00, 0x00, 0x00, 0x00, 0x00,
        0x00, 0x00, 0x00, 0x00, 0x00, 0x00, 0x00, 0x00, 0x00, 0x00, 0x00, 0x00, 0x00, 0x00, 0x00, 0x00,
        0x00, 0x00, 0x00, 0x00, 0x00, 0x00, 0x00, 0x00, 0x00, 0x00, 0x00, 0x00, 0x00, 0x00, 0x00, 0x00,
        0x00, 0x00, 0x00, 0x00, 0x00, 0x00, 0x00, 0x00, 0x00, 0x00, 0x00, 0x00, 0x00, 0x00, 0x00, 0x00,
        0x00, 0x00, 0x00, 0x00, 0x00, 0x00, 0x00, 0x00, 0x00, 0x00, 0x00, 0x00, 0x00, 0x00, 0x00, 0x00,
        0x00, 0x00, 0x00, 0x00, 0x00, 0x00, 0x00, 0x00, 0x00, 0x00, 0x00, 0x00, 0x00, 0x00, 0x00, 0x00,
        0x00, 0x00, 0x00, 0x00, 0x00, 0x00, 0x00, 0x00, 0x00, 0x00, 0x00, 0x00, 0x00, 0x00, 0x00, 0x00,
        0x00, 0x00, 0x00, 0x00, 0x00, 0x00, 0x00, 0x00, 0x00, 0x00, 0x00, 0x00, 0x00, 0x00, 0x00, 0x00,
        0x00, 0x00, 0x00, 0x00, 0x00, 0x00, 0x00, 0x00, 0x00, 0x00, 0x00, 0x00, 0x00, 0x00, 0x00, 0x00,
        0x00, 0x00, 0x00, 0x00, 0x00, 0x00, 0x00, 0x00, 0x00, 0x00, 0x00, 0x00, 0x00, 0x00, 0x00, 0x00,
        0x00, 0x00, 0x00, 0x00, 0x00, 0x00, 0x00, 0x00, 0x00, 0x00, 0x00, 0x00, 0x00, 0x00, 0x00, 0x00,
        0x00, 0x00, 0x00, 0x00, 0x00, 0x00, 0x00, 0x00, 0x00, 0x00, 0x00, 0x00, 0x00, 0x00, 0x00, 0x00,
        0x00, 0x00, 0x00, 0x00, 0x00, 0x00, 0x00, 0x00, 0x00, 0x00, 0x00, 0x00, 0x00, 0x00, 0x00, 0x00,
        0x00, 0x00, 0x00, 0x00, 0x00, 0x00, 0x00, 0x00, 0x00, 0x00, 0x00, 0x00, 0x00, 0x00, 0x00, 0x00,
        0x00, 0x00, 0x00, 0x00, 0x00, 0x00, 0x00, 0x00, 0x00, 0x00, 0x00, 0x00, 0x00, 0x00, 0x00, 0x00,
        0x00, 0x00, 0x00, 0x00, 0x00, 0x00, 0x00, 0x00, 0x00, 0x00, 0x00, 0x00, 0x00, 0x00, 0x00, 0x00,
        0x00, 0x00, 0x00, 0x00, 0x00, 0x00, 0x00, 0x00, 0x00, 0x00, 0x00, 0x00, 0x00, 0x00, 0x00, 0x00,
        0x00, 0x00, 0x00, 0x00, 0x00, 0x00, 0x00, 0x00, 0x00, 0x00, 0x00, 0x00, 0x00, 0x00, 0x00, 0x00,
        0x00, 0x00, 0x00, 0x00, 0x00, 0x00, 0x00, 0x00, 0x00, 0x00, 0x00, 0x00, 0x00, 0x00, 0x00, 0x00,
        0x00, 0x00, 0x00, 0x00, 0x00, 0x00, 0x00, 0x00, 0x00, 0x00, 0x00, 0x00, 0x00, 0x00, 0x00, 0x00,
        0x00, 0x00, 0x00, 0x00, 0x00, 0x00, 0x00, 0x00, 0x00, 0x00, 0x00, 0x00, 0x00, 0x00, 0x00, 0x00,
        0x00, 0x00, 0x00, 0x00, 0x00, 0x00, 0x00, 0x00, 0x00, 0x00, 0x00, 0x00, 0x00, 0x00, 0x00, 0x00,
        0x00, 0x00, 0x00, 0x00, 0x00, 0x00, 0x00, 0x00, 0x00, 0x00, 0x00, 0x00, 0x00, 0x00, 0x00, 0x00,
        0x00, 0x00, 0x00, 0x00, 0x00, 0x00, 0x00, 0x00, 0x00, 0x00, 0x00, 0x00, 0x00, 0x00, 0x00, 0x00,
        0x00, 0x00, 0x00, 0x00, 0x00, 0x00, 0x00, 0x00, 0x00, 0x00, 0x00, 0x00, 0x00, 0x00, 0x00, 0x00,
        0x00, 0x00, 0x00, 0x00, 0x00, 0x00, 0x00, 0x00, 0x00, 0x00, 0x00, 0x00, 0x00, 0x00, 0x00, 0x00,
        0x00, 0x00, 0x00, 0x00, 0x00, 0x00, 0x00, 0x00, 0x00, 0x00, 0x00, 0x00, 0x00, 0x00, 0x00, 0x00,
        0x00, 0x00, 0x00, 0x00, 0x00, 0x00, 0x00, 0x00, 0x00, 0x00, 0x00, 0x00, 0x00, 0x00, 0x00, 0x00,
        0x00, 0x00, 0x00, 0x00, 0x00, 0x00, 0x00, 0x00, 0x00, 0x00, 0x00, 0x00, 0x00, 0x00, 0x00, 0x00,
        0x00, 0x00, 0x00, 0x00, 0x00, 0x00, 0x00, 0x00, 0x00, 0x00, 0x00, 0x00, 0x00, 0x00, 0x00, 0x00,
        0x00, 0x00, 0x00, 0x00, 0x00, 0x00, 0x00, 0x00, 0x00, 0x00, 0x00, 0x00, 0x00, 0x00, 0x00, 0x00,
        0x00, 0x00, 0x00, 0x00, 0x00, 0x00, 0x00, 0x00, 0x00, 0x00, 0x00, 0x00, 0x00, 0x00, 0x00, 0x00,
        0x00, 0x00, 0x00, 0x00, 0x00, 0x00, 0x00, 0x00, 0x00, 0x00, 0x00, 0x00, 0x00, 0x00, 0x00, 0x00,
        0x00, 0x00, 0x00, 0x00, 0x00, 0x00, 0x00, 0x00, 0x00, 0x00, 0x00, 0x00, 0x00, 0x00, 0x00, 0x00,
        0x00, 0x00, 0x00, 0x00, 0x00, 0x00, 0x00, 0x00, 0x00, 0x00, 0x00, 0x00, 0x00, 0x00, 0x00, 0x00,
        0x00, 0x00, 0x00, 0x00, 0x00, 0x00, 0x00, 0x00, 0x00, 0x00, 0x00, 0x00, 0x00, 0x00, 0x00, 0x00,
        0x00, 0x00, 0x00, 0x00, 0x00, 0x00, 0x00, 0x00, 0x00, 0x00, 0x00, 0x00, 0x00, 0x00, 0x00, 0x00,
        0x00, 0x00, 0x00, 0x00, 0x00, 0x00, 0x00, 0x00, 0x00, 0x00, 0x00, 0x00, 0x00, 0x00, 0x00, 0x00,
        0x00, 0x00, 0x00, 0x00, 0x00, 0x00, 0x00, 0x00, 0x00, 0x00, 0x00, 0x00, 0x00, 0x00, 0x00, 0x00,
        0x00, 0x00, 0x00, 0x00, 0x00, 0x00, 0x00, 0x00, 0x00, 0x00, 0x00, 0x00, 0x00, 0x00, 0x00, 0x00,
        0x00, 0x00, 0x00, 0x00, 0x00, 0x00, 0x00, 0x00, 0x00, 0x00, 0x00, 0x00, 0x00, 0x00, 0x00, 0x00,
        0x00, 0x00, 0x00, 0x00, 0x00, 0x00, 0x00, 0x00, 0x00, 0x00, 0x00, 0x00, 0x00, 0x00, 0x00, 0x00,
        0x00, 0x00, 0x00, 0x00, 0x00, 0x00, 0x00, 0x00, 0x00, 0x00, 0x00, 0x00, 0x00, 0x00, 0x00, 0x00,
        0x00, 0x00, 0x00, 0x00, 0x00, 0x00, 0x00, 0x00, 0x00, 0x00, 0x00, 0x00, 0x00, 0x00, 0x00, 0x00,
        0x00, 0x00, 0x00, 0x00, 0x00, 0x00, 0x00, 0x00, 0x00, 0x00, 0x00, 0x00, 0x00, 0x00, 0x00, 0x00,
        0x00, 0x00, 0x00, 0x00, 0x00, 0x00, 0x00, 0x00, 0x00, 0x00, 0x00, 0x00, 0x00, 0x00, 0x00, 0x00,
        0x00, 0x00, 0x00, 0x00, 0x00, 0x00, 0x00, 0x00, 0x00, 0x00, 0x00, 0x00, 0x00, 0x00, 0x00, 0x00,
        0x00, 0x00, 0x00, 0x00, 0x00, 0x00, 0x00, 0x00, 0x00, 0x00, 0x00, 0x00, 0x00, 0x00, 0x00, 0x00,
        0x00, 0x00, 0x00, 0x00, 0x00, 0x00, 0x00, 0x00, 0x00, 0x00, 0x00, 0x00, 0x00, 0x00, 0x00, 0x00,
        0x00, 0x00, 0x00, 0x00, 0x00, 0x00, 0x00, 0x00, 0x00, 0x00, 0x00, 0x00, 0x00, 0x00, 0x00, 0x00,
        0x00, 0x00, 0x00, 0x00, 0x00, 0x00, 0x00, 0x00, 0x00, 0x00, 0x00, 0x00, 0x00, 0x00, 0x00, 0x00,
        0x00, 0x00, 0x00, 0x00, 0x00, 0x00, 0x00, 0x00, 0x00, 0x00, 0x00, 0x00, 0x00, 0x00, 0x00, 0x00,
        0x00, 0x00, 0x00, 0x00, 0x00, 0x00, 0x00, 0x00, 0x00, 0x00, 0x00, 0x00, 0x00, 0x00, 0x00, 0x00,
        0x00, 0x00, 0x00, 0x00, 0x00, 0x00, 0x00, 0x00, 0x00, 0x00, 0x00, 0x00, 0x00, 0x00, 0x00, 0x00,
        0x00, 0x00, 0x00, 0x00, 0x00, 0x00, 0x00, 0x00, 0x00, 0x00, 0x00, 0x00, 0x00, 0x00, 0x00, 0x00,
        0x00, 0x00, 0x00, 0x00, 0x00, 0x00, 0x00, 0x00, 0x00, 0x00, 0x00, 0x00, 0x00, 0x00, 0x30, 0x30,
        0x30, 0x40, 0x40, 0x40, 0x40, 0x40, 0x40, 0x40, 0x40, 0x40, 0x40, 0x40, 0x40, 0x40, 0x40, 0x40,
        0x40, 0x40, 0x40, 0x40, 0x40, 0x40, 0x40, 0x40, 0x40, 0x40, 0x40, 0x40, 0x40, 0x40, 0x40, 0x40,
        0x40, 0x40, 0x40, 0x40, 0x40, 0x40, 0x40, 0x40, 0x40, 0x40, 0x40, 0x40, 0x40, 0x40, 0x40, 0x40,
        0x40, 0x40, 0x40, 0x40, 0x40, 0x40, 0x40, 0x40, 0x40, 0x40, 0x40, 0x40, 0x40, 0x40, 0x40, 0x40,
        0x40, 0x40, 0x40, 0x40, 0x40, 0x40, 0x40, 0x40, 0x40, 0x40, 0x40, 0x40, 0x40, 0x40, 0x40, 0x40,
        0x40, 0x40, 0x40, 0x40, 0x40, 0x40, 0x40, 0x40, 0x40, 0x40, 0x40, 0x40, 0x40, 0x40, 0x40, 0x40,
        0x40, 0x40, 0x40, 0x40, 0x40, 0x40, 0x40, 0x40, 0x40, 0x40, 0x40, 0x40, 0x40, 0x40, 0x40, 0x40,
        0x40, 0x40, 0x40, 0x40, 0x40, 0x40, 0x40, 0x40, 0x40, 0x40, 0x40, 0x40, 0x40, 0x40, 0x40, 0x40,
        0x40, 0x40, 0x40, 0x40, 0x40, 0x40, 0x40, 0x40, 0x40, 0x40, 0x40, 0x40, 0x40, 0x40, 0x40, 0x40,
        0x40, 0x40, 0x40, 0x40, 0x40, 0x40, 0x40, 0x40, 0x40, 0x40, 0x40, 0x40, 0x40, 0x40, 0x40, 0x40,
        0x40, 0x40, 0x40, 0x40, 0x40, 0x40, 0x40, 0x40, 0x40, 0x40, 0x40, 0x40, 0x40, 0x40, 0x40, 0x40,
        0x40, 0x40, 0x40, 0x40, 0x40, 0x40, 0x40, 0x40, 0x40, 0x40, 0x40, 0x40, 0x40, 0x40, 0x40, 0x40,
        0x40, 0x40, 0x40, 0x40, 0x40, 0x40, 0x40, 0x40, 0x40, 0x40, 0x40, 0x40, 0x40, 0x40, 0x40, 0x40,
        0x40, 0x40, 0x40, 0x40, 0x40, 0x40, 0x40, 0x40, 0x40, 0x40, 0x40, 0x40, 0x40, 0x40, 0x40, 0x40,
        0x40, 0x40, 0x40, 0x40, 0x40, 0x40, 0x40, 0x40, 0x40, 0x40, 0x40, 0x40, 0x40, 0x40, 0x40, 0x40,
        0x40, 0x40, 0x40, 0x40, 0x40, 0x40, 0x40, 0x40, 0x40, 0x40, 0x30, 0x30, 0x30, 0x00, 0x00, 0x00,
        0x00, 0x00, 0x00, 0x00, 0x00, 0x00, 0x00, 0x00, 0x00, 0x00, 0x00, 0x00, 0x00, 0x00, 0x00, 0x00,
        0x00, 0x00, 0x00, 0x00, 0x00, 0x00, 0x00, 0x00, 0x00, 0x00, 0x00, 0x00, 0x00, 0x00, 0x00, 0x00,
        0x00, 0x00, 0x00, 0x00, 0x00, 0x00, 0x00, 0x00, 0x00, 0x00, 0xBF, 0xBF, 0xBF, 0xFF, 0xFF, 0xFF,
        0xFF, 0xFF, 0xFF, 0xFF, 0xFF, 0xFF, 0xFF, 0xFF, 0xFF, 0xFF, 0xFF, 0xFF, 0xFF, 0xFF, 0xFF, 0xFF,
        0xFF, 0xFF, 0xFF, 0xFF, 0xFF, 0xFF, 0xFF, 0xFF, 0xFF, 0xFF, 0xFF, 0xFF, 0xFF, 0xFF, 0xFF, 0xFF,
        0xFF, 0xFF, 0xFF, 0xFF, 0xFF, 0xFF, 0xFF, 0xFF, 0xFF, 0xFF, 0xFF, 0xFF, 0xFF, 0xFF, 0xFF, 0xFF,
        0xFF, 0xFF, 0xFF, 0xFF, 0xFF, 0xFF, 0xFF, 0xFF, 0xFF, 0xFF, 0xFF, 0xFF, 0xFF, 0xFF, 0xFF, 0xFF,
        0xFF, 0xFF, 0xFF, 0xFF, 0xFF, 0xFF, 0xFF, 0xFF, 0xFF, 0xFF, 0xFF, 0xFF, 0xFF, 0xFF, 0xFF, 0xFF,
        0xFF, 0xFF, 0xFF, 0xFF, 0xFF, 0xFF, 0xFF, 0xFF, 0xFF, 0xFF, 0xFF, 0xFF, 0xFF, 0xFF, 0xFF, 0xFF,
        0xFF, 0xFF, 0xFF, 0xFF, 0xFF, 0xFF, 0xFF, 0xFF, 0xFF, 0xFF, 0xFF, 0xFF, 0xFF, 0xFF, 0xFF, 0xFF,
        0xFF, 0xFF, 0xFF, 0xFF, 0xFF, 0xFF, 0xFF, 0xFF, 0xFF, 0xFF, 0xFF, 0xFF, 0xFF, 0xFF, 0xFF, 0xFF,
        0xFF, 0xFF, 0xFF, 0xFF, 0xFF, 0xFF, 0xFF, 0xFF, 0xFF, 0xFF, 0xFF, 0xFF, 0xFF, 0xFF, 0xFF, 0xFF,
        0xFF, 0xFF, 0xFF, 0xFF, 0xFF, 0xFF, 0xFF, 0xFF, 0xFF, 0xFF, 0xFF, 0xFF, 0xFF, 0xFF, 0xFF, 0xFF,
        0xFF, 0xFF, 0xFF, 0xFF, 0xFF, 0xFF, 0xFF, 0xFF, 0xFF, 0xFF, 0xFF, 0xFF, 0xFF, 0xFF, 0xFF, 0xFF,
        0xFF, 0xFF, 0xFF, 0xFF, 0xFF, 0xFF, 0xFF, 0xFF, 0xFF, 0xFF, 0xFF, 0xFF, 0xFF, 0xFF, 0xFF, 0xFF,
        0xFF, 0xFF, 0xFF, 0xFF, 0xFF, 0xFF, 0xFF, 0xFF, 0xFF, 0xFF, 0xFF, 0xFF, 0xFF, 0xFF, 0xFF, 0xFF,
        0xFF, 0xFF, 0xFF, 0xFF, 0xFF, 0xFF, 0xFF, 0xFF, 0xFF, 0xFF, 0xFF, 0xFF, 0xFF, 0xFF, 0xFF, 0xFF,
        0xFF, 0xFF, 0xFF, 0xFF, 0xFF, 0xFF, 0xFF, 0xFF, 0xFF, 0xFF, 0xFF, 0xFF, 0xFF, 0xFF, 0xFF, 0xFF,
        0xFF, 0xFF, 0xFF, 0xFF, 0xFF, 0xFF, 0xBF, 0xBF, 0xBF, 0x00, 0x00, 0x00, 0x00, 0x00, 0x00, 0x00,
        0x00, 0x00, 0x00, 0x00, 0x00, 0x00, 0x00, 0x00, 0x00, 0x00, 0x00, 0x00, 0x00, 0x00, 0x00, 0x00,
        0x00, 0x00, 0x00, 0x00, 0x00, 0x00, 0x00, 0x00, 0x00, 0x00, 0x00, 0x00, 0x00, 0x00, 0x00, 0x00,
        0x00, 0x00, 0x00, 0x00, 0x00, 0x00, 0xBF, 0xBF, 0xBF, 0x9F, 0x9F, 0x9F, 0x40, 0x40, 0x40, 0x40,
        0x40, 0x40, 0x40, 0x40, 0x40, 0x40, 0x40, 0x40, 0x40, 0x40, 0x40, 0x40, 0x40, 0x40, 0x70, 0x70,
        0x70, 0xFF, 0xFF, 0xFF, 0xFF, 0xFF, 0xFF, 0xFF, 0xFF, 0xFF, 0xFF, 0xFF, 0xFF, 0xFF, 0xFF, 0xFF,
        0xFF, 0xFF, 0xFF, 0xFF, 0xFF, 0xFF, 0xFF, 0xFF, 0xFF, 0x40, 0x40, 0x40, 0x40, 0x40, 0x40, 0x40,
        0x40, 0x40, 0x9F, 0x9F, 0x9F, 0xFF, 0xFF, 0xFF, 0xFF, 0xFF, 0xFF, 0xFF, 0xFF, 0xFF, 0xFF, 0xFF,
        0xFF, 0xFF, 0xFF, 0xFF, 0xFF, 0xFF, 0xFF, 0xFF, 0xFF, 0xFF, 0xCF, 0xCF, 0xCF, 0x40, 0x40, 0x40,
        0x40, 0x40, 0x40, 0x40, 0x40, 0x40, 0x40, 0x40, 0x40, 0x40, 0x40, 0x40, 0x40, 0x40, 0x40, 0x40,
        0x40, 0x40, 0xFF, 0xFF, 0xFF, 0x9F, 0x9F, 0x9F, 0x40, 0x40, 0x40, 0x40, 0x40, 0x40, 0x40, 0x40,
        0x40, 0x40, 0x40, 0x40, 0x40, 0x40, 0x40, 0x40, 0x40, 0x40, 0x9F, 0x9F, 0x9F, 0xFF, 0xFF, 0xFF,
        0xFF, 0xFF, 0xFF, 0xFF, 0xFF, 0xFF, 0xFF, 0xFF, 0xFF, 0xFF, 0xFF, 0xFF, 0xFF, 0xFF, 0xFF, 0xFF,
        0xFF, 0xFF, 0xCF, 0xCF, 0xCF, 0x40, 0x40, 0x40, 0x40, 0x40, 0x40, 0x40, 0x40, 0x40, 0xCF, 0xCF,
        0xCF, 0xFF, 0xFF, 0xFF, 0xFF, 0xFF, 0xFF, 0xFF, 0xFF, 0xFF, 0xFF, 0xFF, 0xFF, 0xFF, 0xFF, 0xFF,
        0xFF, 0xFF, 0xFF, 0xFF, 0xFF, 0xFF, 0x9F, 0x9F, 0x9F, 0x40, 0x40, 0x40, 0x40, 0x40, 0x40, 0x40,
        0x40, 0x40, 0xFF, 0xFF, 0xFF, 0xFF, 0xFF, 0xFF, 0xFF, 0xFF, 0xFF, 0xFF, 0xFF, 0xFF, 0xFF, 0xFF,
        0xFF, 0xFF, 0xFF, 0xFF, 0xFF, 0xFF, 0xFF, 0xFF, 0xFF, 0xFF, 0x9F, 0x9F, 0x9F, 0x40, 0x40, 0x40,
        0x40, 0x40, 0x40, 0x40, 0x40, 0x40, 0x40, 0x40, 0x40, 0x40, 0x40, 0x40, 0x40, 0x40, 0x40, 0x9F,
        0x9F, 0x9F, 0xBF, 0xBF, 0xBF, 0x00, 0x00, 0x00, 0x00, 0x00, 0x00, 0x00, 0x00, 0x00, 0x00, 0x00,
        0x00, 0x00, 0x00, 0x00, 0x00, 0x00, 0x00, 0x00, 0x00, 0x00, 0x00, 0x00, 0x00, 0x00, 0x00, 0x00,
        0x00, 0x00, 0x00, 0x00, 0x00, 0x00, 0x00, 0x00, 0x00, 0x00, 0x00, 0x00, 0x00, 0x00, 0x00, 0x00,
        0x00, 0x00, 0xBF, 0xBF, 0xBF, 0x80, 0x80, 0x80, 0x00, 0x00, 0x00, 0x00, 0x00, 0x00, 0x00, 0x00,
        0x00, 0x00, 0x00, 0x00, 0x00, 0x00, 0x00, 0x00, 0x00, 0x00, 0x40, 0x40, 0x40, 0xFF, 0xFF, 0xFF,
        0xFF, 0xFF, 0xFF, 0xFF, 0xFF, 0xFF, 0xFF, 0xFF, 0xFF, 0xFF, 0xFF, 0xFF, 0xFF, 0xFF, 0xFF, 0xFF,
        0xFF, 0xFF, 0xFF, 0xFF, 0xFF, 0x00, 0x00, 0x00, 0x00, 0x00, 0x00, 0x00, 0x00, 0x00, 0x80, 0x80,
        0x80, 0xFF, 0xFF, 0xFF, 0xFF, 0xFF, 0xFF, 0xFF, 0xFF, 0xFF, 0xFF, 0xFF, 0xFF, 0xFF, 0xFF, 0xFF,
        0xFF, 0xFF, 0xFF, 0xFF, 0xFF, 0xFF, 0xBF, 0xBF, 0xBF, 0x00, 0x00, 0x00, 0x00, 0x00, 0x00, 0x00,
        0x00, 0x00, 0x00, 0x00, 0x00, 0x00, 0x00, 0x00, 0x00, 0x00, 0x00, 0x00, 0x00, 0x00, 0xFF, 0xFF,
        0xFF, 0x80, 0x80, 0x80, 0x00, 0x00, 0x00, 0x00, 0x00, 0x00, 0x00, 0x00, 0x00, 0x00, 0x00, 0x00,
        0x00, 0x00, 0x00, 0x00, 0x00, 0x00, 0x80, 0x80, 0x80, 0xFF, 0xFF, 0xFF, 0xFF, 0xFF, 0xFF, 0xFF,
        0xFF, 0xFF, 0xFF, 0xFF, 0xFF, 0xFF, 0xFF, 0xFF, 0xFF, 0xFF, 0xFF, 0xFF, 0xFF, 0xFF, 0xBF, 0xBF,
        0xBF, 0x00, 0x00, 0x00, 0x00, 0x00, 0x00, 0x00, 0x00, 0x00, 0xBF, 0xBF, 0xBF, 0xFF, 0xFF, 0xFF,
        0xFF, 0xFF, 0xFF, 0xFF, 0xFF, 0xFF, 0xFF, 0xFF, 0xFF, 0xFF, 0xFF, 0xFF, 0xFF, 0xFF, 0xFF, 0xFF,
        0xFF, 0xFF, 0x80, 0x80, 0x80, 0x00, 0x00, 0x00, 0x00, 0x00, 0x00, 0x00, 0x00, 0x00, 0xFF, 0xFF,
        0xFF, 0xFF, 0xFF, 0xFF, 0xFF, 0xFF, 0xFF, 0xFF, 0xFF, 0xFF, 0xFF, 0xFF, 0xFF, 0xFF, 0xFF, 0xFF,
        0xFF, 0xFF, 0xFF, 0xFF, 0xFF, 0xFF, 0x80, 0x80, 0x80, 0x00, 0x00, 0x00, 0x00, 0x00, 0x00, 0x00,
        0x00, 0x00, 0x00, 0x00, 0x00, 0x00, 0x00, 0x00, 0x00, 0x00, 0x00, 0x80, 0x80, 0x80, 0xBF, 0xBF,
        0xBF, 0x00, 0x00, 0x00, 0x00, 0x00, 0x00, 0x00, 0x00, 0x00, 0x00, 0x00, 0x00, 0x00, 0x00, 0x00,
        0x00, 0x00, 0x00, 0x00, 0x00, 0x00, 0x00, 0x00, 0x00, 0x00, 0x00, 0x00, 0x00, 0x00, 0x00, 0x00,
        0x00, 0x00, 0x00, 0x00, 0x00, 0x00, 0x00, 0x00, 0x00, 0x00, 0x00, 0x00, 0x00, 0x00, 0xBF, 0xBF,
        0xBF, 0x80, 0x80, 0x80, 0x00, 0x00, 0x00, 0x00, 0x00, 0x00, 0x00, 0x00, 0x00, 0x00, 0x00, 0x00,
        0x00, 0x00, 0x00, 0x00, 0x00, 0x00, 0x40, 0x40, 0x40, 0xFF, 0xFF, 0xFF, 0xFF, 0xFF, 0xFF, 0xFF,
        0xFF, 0xFF, 0xFF, 0xFF, 0xFF, 0xFF, 0xFF, 0xFF, 0xFF, 0xFF, 0xFF, 0xFF, 0xFF, 0xFF, 0xFF, 0xFF,
        0xFF, 0x00, 0x00, 0x00, 0x00, 0x00, 0x00, 0x00, 0x00, 0x00, 0x80, 0x80, 0x80, 0xFF, 0xFF, 0xFF,
        0xFF, 0xFF, 0xFF, 0xFF, 0xFF, 0xFF, 0xFF, 0xFF, 0xFF, 0xFF, 0xFF, 0xFF, 0xFF, 0xFF, 0xFF, 0xFF,
        0xFF, 0xFF, 0xBF, 0xBF, 0xBF, 0x00, 0x00, 0x00, 0x00, 0x00, 0x00, 0x00, 0x00, 0x00, 0x00, 0x00,
        0x00, 0x00, 0x00, 0x00, 0x00, 0x00, 0x00, 0x00, 0x00, 0x00, 0xFF, 0xFF, 0xFF, 0x80, 0x80, 0x80,
        0x00, 0x00, 0x00, 0x00, 0x00, 0x00, 0x00, 0x00, 0x00, 0x00, 0x00, 0x00, 0x00, 0x00, 0x00, 0x00,
        0x00, 0x00, 0x80, 0x80, 0x80, 0xFF, 0xFF, 0xFF, 0xFF, 0xFF, 0xFF, 0xFF, 0xFF, 0xFF, 0xFF, 0xFF,
        0xFF, 0xFF, 0xFF, 0xFF, 0xFF, 0xFF, 0xFF, 0xFF, 0xFF, 0xFF, 0xBF, 0xBF, 0xBF, 0x00, 0x00, 0x00,
        0x00, 0x00, 0x00, 0x00, 0x00, 0x00, 0xBF, 0xBF, 0xBF, 0xFF, 0xFF, 0xFF, 0xFF, 0xFF, 0xFF, 0xFF,
        0xFF, 0xFF, 0xFF, 0xFF, 0xFF, 0xFF, 0xFF, 0xFF, 0xFF, 0xFF, 0xFF, 0xFF, 0xFF, 0xFF, 0x80, 0x80,
        0x80, 0x00, 0x00, 0x00, 0x00, 0x00, 0x00, 0x00, 0x00, 0x00, 0xFF, 0xFF, 0xFF, 0xFF, 0xFF, 0xFF,
        0xFF, 0xFF, 0xFF, 0xFF, 0xFF, 0xFF, 0xFF, 0xFF, 0xFF, 0xFF, 0xFF, 0xFF, 0xFF, 0xFF, 0xFF, 0xFF,
        0xFF, 0xFF, 0x80, 0x80, 0x80, 0x00, 0x00, 0x00, 0x00, 0x00, 0x00, 0x00, 0x00, 0x00, 0x00, 0x00,
        0x00, 0x00, 0x00, 0x00, 0x00, 0x00, 0x00, 0x80, 0x80, 0x80, 0xBF, 0xBF, 0xBF, 0x00, 0x00, 0x00,
        0x00, 0x00, 0x00, 0x00, 0x00, 0x00, 0x00, 0x00, 0x00, 0x00, 0x00, 0x00, 0x00, 0x00, 0x00, 0x00,
        0x00, 0x00, 0x00, 0x00, 0x00, 0x00, 0x00, 0x00, 0x00, 0x00, 0x00, 0x00, 0x00, 0x00, 0x00, 0x00,
        0x00, 0x00, 0x00, 0x00, 0x00, 0x00, 0x00, 0x00, 0x00, 0x00, 0xBF, 0xBF, 0xBF, 0x80, 0x80, 0x80,
        0x00, 0x00, 0x00, 0x00, 0x00, 0x00, 0x00, 0x00, 0x00, 0x00, 0x00, 0x00, 0x00, 0x00, 0x00, 0x00,
        0x00, 0x00, 0x40, 0x40, 0x40, 0xFF, 0xFF, 0xFF, 0xFF, 0xFF, 0xFF, 0xFF, 0xFF, 0xFF, 0xFF, 0xFF,
        0xFF, 0xFF, 0xFF, 0xFF, 0xFF, 0xFF, 0xFF, 0xFF, 0xFF, 0xFF, 0xFF, 0xFF, 0xFF, 0x00, 0x00, 0x00,
        0x00, 0x00, 0x00, 0x00, 0x00, 0x00, 0x80, 0x80, 0x80, 0xFF, 0xFF, 0xFF, 0xFF, 0xFF, 0xFF, 0xFF,
        0xFF, 0xFF, 0xFF, 0xFF, 0xFF, 0xFF, 0xFF, 0xFF, 0xFF, 0xFF, 0xFF, 0xFF, 0xFF, 0xFF, 0xBF, 0xBF,
        0xBF, 0x00, 0x00, 0x00, 0x00, 0x00, 0x00, 0x00, 0x00, 0x00, 0x00, 0x00, 0x00, 0x00, 0x00, 0x00,
        0x00, 0x00, 0x00, 0x00, 0x00, 0x00, 0xFF, 0xFF, 0xFF, 0x80, 0x80, 0x80, 0x00, 0x00, 0x00, 0x00,
        0x00, 0x00, 0x00, 0x00, 0x00, 0x00, 0x00, 0x00, 0x00, 0x00, 0x00, 0x00, 0x00, 0x00, 0x80, 0x80,
        0x80, 0xFF, 0xFF, 0xFF, 0xFF, 0xFF, 0xFF, 0xFF, 0xFF, 0xFF, 0xFF, 0xFF, 0xFF, 0xFF, 0xFF, 0xFF,
        0xFF, 0xFF, 0xFF, 0xFF, 0xFF, 0xFF, 0xBF, 0xBF, 0xBF, 0x00, 0x00, 0x00, 0x00, 0x00, 0x00, 0x00,
        0x00, 0x00, 0xBF, 0xBF, 0xBF, 0xFF, 0xFF, 0xFF, 0xFF, 0xFF, 0xFF, 0xFF, 0xFF, 0xFF, 0xFF, 0xFF,
        0xFF, 0xFF, 0xFF, 0xFF, 0xFF, 0xFF, 0xFF, 0xFF, 0xFF, 0xFF, 0x80, 0x80, 0x80, 0x00, 0x00, 0x00,
        0x00, 0x00, 0x00, 0x00, 0x00, 0x00, 0xFF, 0xFF, 0xFF, 0xFF, 0xFF, 0xFF, 0xFF, 0xFF, 0xFF, 0xFF,
        0xFF, 0xFF, 0xFF, 0xFF, 0xFF, 0xFF, 0xFF, 0xFF, 0xFF, 0xFF, 0xFF, 0xFF, 0xFF, 0xFF, 0x80, 0x80,
        0x80, 0x00, 0x00, 0x00, 0x00, 0x00, 0x00, 0x00, 0x00, 0x00, 0x00, 0x00, 0x00, 0x00, 0x00, 0x00,
        0x00, 0x00, 0x00, 0x80, 0x80, 0x80, 0xBF, 0xBF, 0xBF, 0x00, 0x00, 0x00, 0x00, 0x00, 0x00, 0x00,
        0x00, 0x00, 0x00, 0x00, 0x00, 0x00, 0x00, 0x00, 0x00, 0x00, 0x00, 0x00, 0x00, 0x00, 0x00, 0x00,
        0x00, 0x00, 0x00, 0x00, 0x00, 0x00, 0x00, 0x00, 0x00, 0x00, 0x00, 0x00, 0x00, 0x00, 0x00, 0x00,
        0x00, 0x00, 0x00, 0x00, 0x00, 0x00, 0xBF, 0xBF, 0xBF, 0x80, 0x80, 0x80, 0x00, 0x00, 0x00, 0x00,
        0x00, 0x00, 0x00, 0x00, 0x00, 0x00, 0x00, 0x00, 0x00, 0x00, 0x00, 0x00, 0x00, 0x00, 0x40, 0x40,
        0x40, 0xFF, 0xFF, 0xFF, 0xFF, 0xFF, 0xFF, 0xFF, 0xFF, 0xFF, 0xFF, 0xFF, 0xFF, 0xFF, 0xFF, 0xFF,
        0xFF, 0xFF, 0xFF, 0xFF, 0xFF, 0xFF, 0xFF, 0xFF, 0xFF, 0x00, 0x00, 0x00, 0x00, 0x00, 0x00, 0x00,
        0x00, 0x00, 0x80, 0x80, 0x80, 0xFF, 0xFF, 0xFF, 0xFF, 0xFF, 0xFF, 0xFF, 0xFF, 0xFF, 0xFF, 0xFF,
        0xFF, 0xFF, 0xFF, 0xFF, 0xFF, 0xFF, 0xFF, 0xFF, 0xFF, 0xFF, 0xBF, 0xBF, 0xBF, 0x00, 0x00, 0x00,
        0x00, 0x00, 0x00, 0x00, 0x00, 0x00, 0x00, 0x00, 0x00, 0x00, 0x00, 0x00, 0x00, 0x00, 0x00, 0x00,
        0x00, 0x00, 0xFF, 0xFF, 0xFF, 0x80, 0x80, 0x80, 0x00, 0x00, 0x00, 0x00, 0x00, 0x00, 0x00, 0x00,
        0x00, 0x00, 0x00, 0x00, 0x00, 0x00, 0x00, 0x00, 0x00, 0x00, 0x80, 0x80, 0x80, 0xFF, 0xFF, 0xFF,
        0xFF, 0xFF, 0xFF, 0xFF, 0xFF, 0xFF, 0xFF, 0xFF, 0xFF, 0xFF, 0xFF, 0xFF, 0xFF, 0xFF, 0xFF, 0xFF,
        0xFF, 0xFF, 0xBF, 0xBF, 0xBF, 0x00, 0x00, 0x00, 0x00, 0x00, 0x00, 0x00, 0x00, 0x00, 0xBF, 0xBF,
        0xBF, 0xFF, 0xFF, 0xFF, 0xFF, 0xFF, 0xFF, 0xFF, 0xFF, 0xFF, 0xFF, 0xFF, 0xFF, 0xFF, 0xFF, 0xFF,
        0xFF, 0xFF, 0xFF, 0xFF, 0xFF, 0xFF, 0x80, 0x80, 0x80, 0x00, 0x00, 0x00, 0x00, 0x00, 0x00, 0x00,
        0x00, 0x00, 0xFF, 0xFF, 0xFF, 0xFF, 0xFF, 0xFF, 0xFF, 0xFF, 0xFF, 0xFF, 0xFF, 0xFF, 0xFF, 0xFF,
        0xFF, 0xFF, 0xFF, 0xFF, 0xFF, 0xFF, 0xFF, 0xFF, 0xFF, 0xFF, 0x80, 0x80, 0x80, 0x00, 0x00, 0x00,
        0x00, 0x00, 0x00, 0x00, 0x00, 0x00, 0x00, 0x00, 0x00, 0x00, 0x00, 0x00, 0x00, 0x00, 0x00, 0x80,
        0x80, 0x80, 0xBF, 0xBF, 0xBF, 0x00, 0x00, 0x00, 0x00, 0x00, 0x00, 0x00, 0x00, 0x00, 0x00, 0x00,
        0x00, 0x00, 0x00, 0x00, 0x00, 0x00, 0x00, 0x00, 0x00, 0x00, 0x00, 0x00, 0x00, 0x00, 0x00, 0x00,
        0x00, 0x00, 0x00, 0x00, 0x00, 0x00, 0x00, 0x00, 0x00, 0x00, 0x00, 0x00, 0x00, 0x00, 0x00, 0x00,
        0x00, 0x00, 0xBF, 0xBF, 0xBF, 0x80, 0x80, 0x80, 0x00, 0x00, 0x00, 0x00, 0x00, 0x00, 0x00, 0x00,
        0x00, 0x00, 0x00, 0x00, 0x00, 0x00, 0x00, 0x00, 0x00, 0x00, 0x40, 0x40, 0x40, 0xFF, 0xFF, 0xFF,
        0xFF, 0xFF, 0xFF, 0xFF, 0xFF, 0xFF, 0xFF, 0xFF, 0xFF, 0xFF, 0xFF, 0xFF, 0xFF, 0xFF, 0xFF, 0xFF,
        0xFF, 0xFF, 0xFF, 0xFF, 0xFF, 0x00, 0x00, 0x00, 0x00, 0x00, 0x00, 0x00, 0x00, 0x00, 0x80, 0x80,
        0x80, 0xFF, 0xFF, 0xFF, 0xFF, 0xFF, 0xFF, 0xFF, 0xFF, 0xFF, 0xFF, 0xFF, 0xFF, 0xFF, 0xFF, 0xFF,
        0xFF, 0xFF, 0xFF, 0xFF, 0xFF, 0xFF, 0xBF, 0xBF, 0xBF, 0x00, 0x00, 0x00, 0x00, 0x00, 0x00, 0x00,
        0x00, 0x00, 0x00, 0x00, 0x00, 0x00, 0x00, 0x00, 0x00, 0x00, 0x00, 0x00, 0x00, 0x00, 0xFF, 0xFF,
        0xFF, 0x80, 0x80, 0x80, 0x00, 0x00, 0x00, 0x00, 0x00, 0x00, 0x00, 0x00, 0x00, 0x00, 0x00, 0x00,
        0x00, 0x00, 0x00, 0x00, 0x00, 0x00, 0x80, 0x80, 0x80, 0xFF, 0xFF, 0xFF, 0xFF, 0xFF, 0xFF, 0xFF,
        0xFF, 0xFF, 0xFF, 0xFF, 0xFF, 0xFF, 0xFF, 0xFF, 0xFF, 0xFF, 0xFF, 0xFF, 0xFF, 0xFF, 0xBF, 0xBF,
        0xBF, 0x00, 0x00, 0x00, 0x00, 0x00, 0x00, 0x00, 0x00, 0x00, 0xBF, 0xBF, 0xBF, 0xFF, 0xFF, 0xFF,
        0xFF, 0xFF, 0xFF, 0xFF, 0xFF, 0xFF, 0xFF, 0xFF, 0xFF, 0xFF, 0xFF, 0xFF, 0xFF, 0xFF, 0xFF, 0xFF,
        0xFF, 0xFF, 0x80, 0x80, 0x80, 0x00, 0x00, 0x00, 0x00, 0x00, 0x00, 0x00, 0x00, 0x00, 0xFF, 0xFF,
        0xFF, 0xFF, 0xFF, 0xFF, 0xFF, 0xFF, 0xFF, 0xFF, 0xFF, 0xFF, 0xFF, 0xFF, 0xFF, 0xFF, 0xFF, 0xFF,
        0xFF, 0xFF, 0xFF, 0xFF, 0xFF, 0xFF, 0x80, 0x80, 0x80, 0x00, 0x00, 0x00, 0x00, 0x00, 0x00, 0x00,
        0x00, 0x00, 0x00, 0x00, 0x00, 0x00, 0x00, 0x00, 0x00, 0x00, 0x00, 0x80, 0x80, 0x80, 0xBF, 0xBF,
        0xBF, 0x00, 0x00, 0x00, 0x00, 0x00, 0x00, 0x00, 0x00, 0x00, 0x00, 0x00, 0x00, 0x00, 0x00, 0x00,
        0x00, 0x00, 0x00, 0x00, 0x00, 0x00, 0x00, 0x00, 0x00, 0x00, 0x00, 0x00, 0x00, 0x00, 0x00, 0x00,
        0x00, 0x00, 0x00, 0x00, 0x00, 0x00, 0x00, 0x00, 0x00, 0x00, 0x00, 0x00, 0x00, 0x00, 0xBF, 0xBF,
        0xBF, 0x80, 0x80, 0x80, 0x00, 0x00, 0x00, 0x00, 0x00, 0x00, 0x00, 0x00, 0x00, 0x00, 0x00, 0x00,
        0x00, 0x00, 0x00, 0x00, 0x00, 0x00, 0x40, 0x40, 0x40, 0xFF, 0xFF, 0xFF, 0xFF, 0xFF, 0xFF, 0xFF,
        0xFF, 0xFF, 0xFF, 0xFF, 0xFF, 0xFF, 0xFF, 0xFF, 0xFF, 0xFF, 0xFF, 0xFF, 0xFF, 0xFF, 0xFF, 0xFF,
        0xFF, 0x00, 0x00, 0x00, 0x00, 0x00, 0x00, 0x00, 0x00, 0x00, 0x80, 0x80, 0x80, 0xFF, 0xFF, 0xFF,
        0xFF, 0xFF, 0xFF, 0xFF, 0xFF, 0xFF, 0xFF, 0xFF, 0xFF, 0xFF, 0xFF, 0xFF, 0xFF, 0xFF, 0xFF, 0xFF,
        0xFF, 0xFF, 0xBF, 0xBF, 0xBF, 0x00, 0x00, 0x00, 0x00, 0x00, 0x00, 0x00, 0x00, 0x00, 0x00, 0x00,
        0x00, 0x00, 0x00, 0x00, 0x00, 0x00, 0x00, 0x00, 0x00, 0x00, 0xFF, 0xFF, 0xFF, 0x80, 0x80, 0x80,
        0x00, 0x00, 0x00, 0x00, 0x00, 0x00, 0x00, 0x00, 0x00, 0x00, 0x00, 0x00, 0x00, 0x00, 0x00, 0x00,
        0x00, 0x00, 0x80, 0x80, 0x80, 0xFF, 0xFF, 0xFF, 0xFF, 0xFF, 0xFF, 0xFF, 0xFF, 0xFF, 0xFF, 0xFF,
        0xFF, 0xFF, 0xFF, 0xFF, 0xFF, 0xFF, 0xFF, 0xFF, 0xFF, 0xFF, 0xBF, 0xBF, 0xBF, 0x00, 0x00, 0x00,
        0x00, 0x00, 0x00, 0x00, 0x00, 0x00, 0xBF, 0xBF, 0xBF, 0xFF, 0xFF, 0xFF, 0xFF, 0xFF, 0xFF, 0xFF,
        0xFF, 0xFF, 0xFF, 0xFF, 0xFF, 0xFF, 0xFF, 0xFF, 0xFF, 0xFF, 0xFF, 0xFF, 0xFF, 0xFF, 0x80, 0x80,
        0x80, 0x00, 0x00, 0x00, 0x00, 0x00, 0x00, 0x00, 0x00, 0x00, 0xFF, 0xFF, 0xFF, 0xFF, 0xFF, 0xFF,
        0xFF, 0xFF, 0xFF, 0xFF, 0xFF, 0xFF, 0xFF, 0xFF, 0xFF, 0xFF, 0xFF, 0xFF, 0xFF, 0xFF, 0xFF, 0xFF,
        0xFF, 0xFF, 0x80, 0x80, 0x80, 0x00, 0x00, 0x00, 0x00, 0x00, 0x00, 0x00, 0x00, 0x00, 0x00, 0x00,
        0x00, 0x00, 0x00, 0x00, 0x00, 0x00, 0x00, 0x80, 0x80, 0x80, 0xBF, 0xBF, 0xBF, 0x00, 0x00, 0x00,
        0x00, 0x00, 0x00, 0x00, 0x00, 0x00, 0x00, 0x00, 0x00, 0x00, 0x00, 0x00, 0x00, 0x00, 0x00, 0x00,
        0x00, 0x00, 0x00, 0x00, 0x00, 0x00, 0x00, 0x00, 0x00, 0x00, 0x00, 0x00, 0x00, 0x00, 0x00, 0x00,
        0x00, 0x00, 0x00, 0x00, 0x00, 0x00, 0x00, 0x00, 0x00, 0x00, 0xBF, 0xBF, 0xBF, 0x80, 0x80, 0x80,
        0x00, 0x00, 0x00, 0x00, 0x00, 0x00, 0x00, 0x00, 0x00, 0x00, 0x00, 0x00, 0x00, 0x00, 0x00, 0x00,
        0x00, 0x00, 0x40, 0x40, 0x40, 0xFF, 0xFF, 0xFF, 0xFF, 0xFF, 0xFF, 0xFF, 0xFF, 0xFF, 0xFF, 0xFF,
        0xFF, 0xFF, 0xFF, 0xFF, 0xFF, 0xFF, 0xFF, 0xFF, 0xFF, 0xFF, 0xFF, 0xFF, 0xFF, 0x00, 0x00, 0x00,
        0x00, 0x00, 0x00, 0x00, 0x00, 0x00, 0x80, 0x80, 0x80, 0xFF, 0xFF, 0xFF, 0xFF, 0xFF, 0xFF, 0xFF,
        0xFF, 0xFF, 0xFF, 0xFF, 0xFF, 0xFF, 0xFF, 0xFF, 0xFF, 0xFF, 0xFF, 0xFF, 0xFF, 0xFF, 0xBF, 0xBF,
        0xBF, 0x00, 0x00, 0x00, 0x00, 0x00, 0x00, 0x00, 0x00, 0x00, 0x00, 0x00, 0x00, 0x00, 0x00, 0x00,
        0x00, 0x00, 0x00, 0x00, 0x00, 0x00, 0xFF, 0xFF, 0xFF, 0x80, 0x80, 0x80, 0x00, 0x00, 0x00, 0x00,
        0x00, 0x00, 0x00, 0x00, 0x00, 0x00, 0x00, 0x00, 0x00, 0x00, 0x00, 0x00, 0x00, 0x00, 0x80, 0x80,
        0x80, 0xFF, 0xFF, 0xFF, 0xFF, 0xFF, 0xFF, 0xFF, 0xFF, 0xFF, 0xFF, 0xFF, 0xFF, 0xFF, 0xFF, 0xFF,
        0xFF, 0xFF, 0xFF, 0xFF, 0xFF, 0xFF, 0xBF, 0xBF, 0xBF, 0x00, 0x00, 0x00, 0x00, 0x00, 0x00, 0x00,
        0x00, 0x00, 0xBF, 0xBF, 0xBF, 0xFF, 0xFF, 0xFF, 0xFF, 0xFF, 0xFF, 0xFF, 0xFF, 0xFF, 0xFF, 0xFF,
        0xFF, 0xFF, 0xFF, 0xFF, 0xFF, 0xFF, 0xFF, 0xFF, 0xFF, 0xFF, 0x80, 0x80, 0x80, 0x00, 0x00, 0x00,
        0x00, 0x00, 0x00, 0x00, 0x00, 0x00, 0xFF, 0xFF, 0xFF, 0xFF, 0xFF, 0xFF, 0xFF, 0xFF, 0xFF, 0xFF,
        0xFF, 0xFF, 0xFF, 0xFF, 0xFF, 0xFF, 0xFF, 0xFF, 0xFF, 0xFF, 0xFF, 0xFF, 0xFF, 0xFF, 0x80, 0x80,
        0x80, 0x00, 0x00, 0x00, 0x00, 0x00, 0x00, 0x00, 0x00, 0x00, 0x00, 0x00, 0x00, 0x00, 0x00, 0x00,
        0x00, 0x00, 0x00, 0x80, 0x80, 0x80, 0xBF, 0xBF, 0xBF, 0x00, 0x00, 0x00, 0x00, 0x00, 0x00, 0x00,
        0x00, 0x00, 0x00, 0x00, 0x00, 0x00, 0x00, 0x00, 0x00, 0x00, 0x00, 0x00, 0x00, 0x00, 0x00, 0x00,
        0x00, 0x00, 0x00, 0x00, 0x00, 0x00, 0x00, 0x00, 0x00, 0x00, 0x00, 0x00, 0x00, 0x00, 0x00, 0x00,
        0x00, 0x00, 0x00, 0x00, 0x00, 0x00, 0xBF, 0xBF, 0xBF, 0x80, 0x80, 0x80, 0x00, 0x00, 0x00, 0x00,
        0x00, 0x00, 0x00, 0x00, 0x00, 0x00, 0x00, 0x00, 0x00, 0x00, 0x00, 0x00, 0x00, 0x00, 0x40, 0x40,
        0x40, 0xFF, 0xFF, 0xFF, 0xFF, 0xFF, 0xFF, 0xFF, 0xFF, 0xFF, 0xFF, 0xFF, 0xFF, 0xFF, 0xFF, 0xFF,
        0xFF, 0xFF, 0xFF, 0xFF, 0xFF, 0xFF, 0xFF, 0xFF, 0xFF, 0x00, 0x00, 0x00, 0x00, 0x00, 0x00, 0x00,
        0x00, 0x00, 0x80, 0x80, 0x80, 0xFF, 0xFF, 0xFF, 0xFF, 0xFF, 0xFF, 0xFF, 0xFF, 0xFF, 0xFF, 0xFF,
        0xFF, 0xFF, 0xFF, 0xFF, 0xFF, 0xFF, 0xFF, 0xFF, 0xFF, 0xFF, 0xBF, 0xBF, 0xBF, 0x00, 0x00, 0x00,
        0x00, 0x00, 0x00, 0x00, 0x00, 0x00, 0x00, 0x00, 0x00, 0x00, 0x00, 0x00, 0x00, 0x00, 0x00, 0x00,
        0x00, 0x00, 0xFF, 0xFF, 0xFF, 0x80, 0x80, 0x80, 0x00, 0x00, 0x00, 0x00, 0x00, 0x00, 0x00, 0x00,
        0x00, 0x00, 0x00, 0x00, 0x00, 0x00, 0x00, 0x00, 0x00, 0x00, 0x80, 0x80, 0x80, 0xFF, 0xFF, 0xFF,
        0xFF, 0xFF, 0xFF, 0xFF, 0xFF, 0xFF, 0xFF, 0xFF, 0xFF, 0xFF, 0xFF, 0xFF, 0xFF, 0xFF, 0xFF, 0xFF,
        0xFF, 0xFF, 0xBF, 0xBF, 0xBF, 0x00, 0x00, 0x00, 0x00, 0x00, 0x00, 0x00, 0x00, 0x00, 0xBF, 0xBF,
        0xBF, 0xFF, 0xFF, 0xFF, 0xFF, 0xFF, 0xFF, 0xFF, 0xFF, 0xFF, 0xFF, 0xFF, 0xFF, 0xFF, 0xFF, 0xFF,
        0xFF, 0xFF, 0xFF, 0xFF, 0xFF, 0xFF, 0x80, 0x80, 0x80, 0x00, 0x00, 0x00, 0x00, 0x00, 0x00, 0x00,
        0x00, 0x00, 0xFF, 0xFF, 0xFF, 0xFF, 0xFF, 0xFF, 0xFF, 0xFF, 0xFF, 0xFF, 0xFF, 0xFF, 0xFF, 0xFF,
        0xFF, 0xFF, 0xFF, 0xFF, 0xFF, 0xFF, 0xFF, 0xFF, 0xFF, 0xFF, 0x80, 0x80, 0x80, 0x00, 0x00, 0x00,
        0x00, 0x00, 0x00, 0x00, 0x00, 0x00, 0x00, 0x00, 0x00, 0x00, 0x00, 0x00, 0x00, 0x00, 0x00, 0x80,
        0x80, 0x80, 0xBF, 0xBF, 0xBF, 0x00, 0x00, 0x00, 0x00, 0x00, 0x00, 0x00, 0x00, 0x00, 0x00, 0x00,
        0x00, 0x00, 0x00, 0x00, 0x00, 0x00, 0x00, 0x00, 0x00, 0x00, 0x00, 0x00, 0x00, 0x00, 0x00, 0x00,
        0x00, 0x00, 0x00, 0x00, 0x00, 0x00, 0x00, 0x00, 0x00, 0x00, 0x00, 0x00, 0x00, 0x00, 0x00, 0x00,
        0x00, 0x00, 0xBF, 0xBF, 0xBF, 0x80, 0x80, 0x80, 0x00, 0x00, 0x00, 0x00, 0x00, 0x00, 0x00, 0x00,
        0x00, 0x00, 0x00, 0x00, 0x00, 0x00, 0x00, 0x00, 0x00, 0x00, 0x40, 0x40, 0x40, 0xFF, 0xFF, 0xFF,
        0xFF, 0xFF, 0xFF, 0xFF, 0xFF, 0xFF, 0xFF, 0xFF, 0xFF, 0xFF, 0xFF, 0xFF, 0xFF, 0xFF, 0xFF, 0xFF,
        0xFF, 0xFF, 0xFF, 0xFF, 0xFF, 0x00, 0x00, 0x00, 0x00, 0x00, 0x00, 0x00, 0x00, 0x00, 0x80, 0x80,
        0x80, 0xFF, 0xFF, 0xFF, 0xFF, 0xFF, 0xFF, 0xFF, 0xFF, 0xFF, 0xFF, 0xFF, 0xFF, 0xFF, 0xFF, 0xFF,
        0xFF, 0xFF, 0xFF, 0xFF, 0xFF, 0xFF, 0xBF, 0xBF, 0xBF, 0x00, 0x00, 0x00, 0x00, 0x00, 0x00, 0x00,
        0x00, 0x00, 0x00, 0x00, 0x00, 0x00, 0x00, 0x00, 0x00, 0x00, 0x00, 0x00, 0x00, 0x00, 0xFF, 0xFF,
        0xFF, 0x80, 0x80, 0x80, 0x00, 0x00, 0x00, 0x00, 0x00, 0x00, 0x00, 0x00, 0x00, 0x00, 0x00, 0x00,
        0x00, 0x00, 0x00, 0x00, 0x00, 0x00, 0x80, 0x80, 0x80, 0xFF, 0xFF, 0xFF, 0xFF, 0xFF, 0xFF, 0xFF,
        0xFF, 0xFF, 0xFF, 0xFF, 0xFF, 0xFF, 0xFF, 0xFF, 0xFF, 0xFF, 0xFF, 0xFF, 0xFF, 0xFF, 0xBF, 0xBF,
        0xBF, 0x00, 0x00, 0x00, 0x00, 0x00, 0x00, 0x00, 0x00, 0x00, 0xBF, 0xBF, 0xBF, 0xFF, 0xFF, 0xFF,
        0xFF, 0xFF, 0xFF, 0xFF, 0xFF, 0xFF, 0xFF, 0xFF, 0xFF, 0xFF, 0xFF, 0xFF, 0xFF, 0xFF, 0xFF, 0xFF,
        0xFF, 0xFF, 0x80, 0x80, 0x80, 0x00, 0x00, 0x00, 0x00, 0x00, 0x00, 0x00, 0x00, 0x00, 0xFF, 0xFF,
        0xFF, 0xFF, 0xFF, 0xFF, 0xFF, 0xFF, 0xFF, 0xFF, 0xFF, 0xFF, 0xFF, 0xFF, 0xFF, 0xFF, 0xFF, 0xFF,
        0xFF, 0xFF, 0xFF, 0xFF, 0xFF, 0xFF, 0x80, 0x80, 0x80, 0x00, 0x00, 0x00, 0x00, 0x00, 0x00, 0x00,
        0x00, 0x00, 0x00, 0x00, 0x00, 0x00, 0x00, 0x00, 0x00, 0x00, 0x00, 0x80, 0x80, 0x80, 0xBF, 0xBF,
        0xBF, 0x00, 0x00, 0x00, 0x00, 0x00, 0x00, 0x00, 0x00, 0x00, 0x00, 0x00, 0x00, 0x00, 0x00, 0x00,
        0x00, 0x00, 0x00, 0x00, 0x00, 0x00, 0x00, 0x00, 0x00, 0x00, 0x00, 0x00, 0x00, 0x00, 0x00, 0x00,
        0x00, 0x00, 0x00, 0x00, 0x00, 0x00, 0x00, 0x00, 0x00, 0x00, 0x00, 0x00, 0x00, 0x00, 0xBF, 0xBF,
        0xBF, 0x80, 0x80, 0x80, 0x00, 0x00, 0x00, 0x00, 0x00, 0x00, 0x00, 0x00, 0x00, 0x00, 0x00, 0x00,
        0x00, 0x00, 0x00, 0x00, 0x00, 0x00, 0x40, 0x40, 0x40, 0xFF, 0xFF, 0xFF, 0xFF, 0xFF, 0xFF, 0xFF,
        0xFF, 0xFF, 0xFF, 0xFF, 0xFF, 0xFF, 0xFF, 0xFF, 0xFF, 0xFF, 0xFF, 0xFF, 0xFF, 0xFF, 0xFF, 0xFF,
        0xFF, 0x00, 0x00, 0x00, 0x00, 0x00, 0x00, 0x00, 0x00, 0x00, 0x80, 0x80, 0x80, 0xFF, 0xFF, 0xFF,
        0xFF, 0xFF, 0xFF, 0xFF, 0xFF, 0xFF, 0xFF, 0xFF, 0xFF, 0xFF, 0xFF, 0xFF, 0xFF, 0xFF, 0xFF, 0xFF,
        0xFF, 0xFF, 0xBF, 0xBF, 0xBF, 0x00, 0x00, 0x00, 0x00, 0x00, 0x00, 0x00, 0x00, 0x00, 0x00, 0x00,
        0x00, 0x00, 0x00, 0x00, 0x00, 0x00, 0x00, 0x00, 0x00, 0x00, 0xFF, 0xFF, 0xFF, 0x80, 0x80, 0x80,
        0x00, 0x00, 0x00, 0x00, 0x00, 0x00, 0x00, 0x00, 0x00, 0x00, 0x00, 0x00, 0x00, 0x00, 0x00, 0x00,
        0x00, 0x00, 0x80, 0x80, 0x80, 0xFF, 0xFF, 0xFF, 0xFF, 0xFF, 0xFF, 0xFF, 0xFF, 0xFF, 0xFF, 0xFF,
        0xFF, 0xFF, 0xFF, 0xFF, 0xFF, 0xFF, 0xFF, 0xFF, 0xFF, 0xFF, 0xBF, 0xBF, 0xBF, 0x00, 0x00, 0x00,
        0x00, 0x00, 0x00, 0x00, 0x00, 0x00, 0xBF, 0xBF, 0xBF, 0xFF, 0xFF, 0xFF, 0xFF, 0xFF, 0xFF, 0xFF,
        0xFF, 0xFF, 0xFF, 0xFF, 0xFF, 0xFF, 0xFF, 0xFF, 0xFF, 0xFF, 0xFF, 0xFF, 0xFF, 0xFF, 0x80, 0x80,
        0x80, 0x00, 0x00, 0x00, 0x00, 0x00, 0x00, 0x00, 0x00, 0x00, 0xFF, 0xFF, 0xFF, 0xFF, 0xFF, 0xFF,
        0xFF, 0xFF, 0xFF, 0xFF, 0xFF, 0xFF, 0xFF, 0xFF, 0xFF, 0xFF, 0xFF, 0xFF, 0xFF, 0xFF, 0xFF, 0xFF,
        0xFF, 0xFF, 0x80, 0x80, 0x80, 0x00, 0x00, 0x00, 0x00, 0x00, 0x00, 0x00, 0x00, 0x00, 0x00, 0x00,
        0x00, 0x00, 0x00, 0x00, 0x00, 0x00, 0x00, 0x80, 0x80, 0x80, 0xBF, 0xBF, 0xBF, 0x00, 0x00, 0x00,
        0x00, 0x00, 0x00, 0x00, 0x00, 0x00, 0x00, 0x00, 0x00, 0x00, 0x00, 0x00, 0x00, 0x00, 0x00, 0x00,
        0x00, 0x00, 0x00, 0x00, 0x00, 0x00, 0x00, 0x00, 0x00, 0x00, 0x00, 0x00, 0x00, 0x00, 0x00, 0x00,
        0x00, 0x00, 0x00, 0x00, 0x00, 0x00, 0x00, 0x00, 0x00, 0x00, 0xBF, 0xBF, 0xBF, 0x80, 0x80, 0x80,
        0x00, 0x00, 0x00, 0x00, 0x00, 0x00, 0x00, 0x00, 0x00, 0x00, 0x00, 0x00, 0x00, 0x00, 0x00, 0x00,
        0x00, 0x00, 0x40, 0x40, 0x40, 0xFF, 0xFF, 0xFF, 0xFF, 0xFF, 0xFF, 0xFF, 0xFF, 0xFF, 0xFF, 0xFF,
        0xFF, 0xFF, 0xFF, 0xFF, 0xFF, 0xFF, 0xFF, 0xFF, 0xFF, 0xFF, 0xFF, 0xFF, 0xFF, 0x00, 0x00, 0x00,
        0x00, 0x00, 0x00, 0x00, 0x00, 0x00, 0x80, 0x80, 0x80, 0xFF, 0xFF, 0xFF, 0xFF, 0xFF, 0xFF, 0xFF,
        0xFF, 0xFF, 0xFF, 0xFF, 0xFF, 0xFF, 0xFF, 0xFF, 0xFF, 0xFF, 0xFF, 0xFF, 0xFF, 0xFF, 0xBF, 0xBF,
        0xBF, 0x00, 0x00, 0x00, 0x00, 0x00, 0x00, 0x00, 0x00, 0x00, 0x00, 0x00, 0x00, 0x00, 0x00, 0x00,
        0x00, 0x00, 0x00, 0x00, 0x00, 0x00, 0xFF, 0xFF, 0xFF, 0x80, 0x80, 0x80, 0x00, 0x00, 0x00, 0x00,
        0x00, 0x00, 0x00, 0x00, 0x00, 0x00, 0x00, 0x00, 0x00, 0x00, 0x00, 0x00, 0x00, 0x00, 0x80, 0x80,
        0x80, 0xFF, 0xFF, 0xFF, 0xFF, 0xFF, 0xFF, 0xFF, 0xFF, 0xFF, 0xFF, 0xFF, 0xFF, 0xFF, 0xFF, 0xFF,
        0xFF, 0xFF, 0xFF, 0xFF, 0xFF, 0xFF, 0xBF, 0xBF, 0xBF, 0x00, 0x00, 0x00, 0x00, 0x00, 0x00, 0x00,
        0x00, 0x00, 0xBF, 0xBF, 0xBF, 0xFF, 0xFF, 0xFF, 0xFF, 0xFF, 0xFF, 0xFF, 0xFF, 0xFF, 0xFF, 0xFF,
        0xFF, 0xFF, 0xFF, 0xFF, 0xFF, 0xFF, 0xFF, 0xFF, 0xFF, 0xFF, 0x80, 0x80, 0x80, 0x00, 0x00, 0x00,
        0x00, 0x00, 0x00, 0x00, 0x00, 0x00, 0xFF, 0xFF, 0xFF, 0xFF, 0xFF, 0xFF, 0xFF, 0xFF, 0xFF, 0xFF,
        0xFF, 0xFF, 0xFF, 0xFF, 0xFF, 0xFF, 0xFF, 0xFF, 0xFF, 0xFF, 0xFF, 0xFF, 0xFF, 0xFF, 0x80, 0x80,
        0x80, 0x00, 0x00, 0x00, 0x00, 0x00, 0x00, 0x00, 0x00, 0x00, 0x00, 0x00, 0x00, 0x00, 0x00, 0x00,
        0x00, 0x00, 0x00, 0x80, 0x80, 0x80, 0xBF, 0xBF, 0xBF, 0x00, 0x00, 0x00, 0x00, 0x00, 0x00, 0x00,
        0x00, 0x00, 0x00, 0x00, 0x00, 0x00, 0x00, 0x00, 0x00, 0x00, 0x00, 0x00, 0x00, 0x00, 0x00, 0x00,
        0x00, 0x00, 0x00, 0x00, 0x00, 0x00, 0x00, 0x00, 0x00, 0x00, 0x00, 0x00, 0x00, 0x00, 0x00, 0x00,
        0x00, 0x00, 0x00, 0x00, 0x00, 0x00, 0xBF, 0xBF, 0xBF, 0x80, 0x80, 0x80, 0x00, 0x00, 0x00, 0x00,
        0x00, 0x00, 0x00, 0x00, 0x00, 0x00, 0x00, 0x00, 0x00, 0x00, 0x00, 0x00, 0x00, 0x00, 0x40, 0x40,
        0x40, 0xFF, 0xFF, 0xFF, 0xFF, 0xFF, 0xFF, 0xFF, 0xFF, 0xFF, 0xFF, 0xFF, 0xFF, 0xFF, 0xFF, 0xFF,
        0xFF, 0xFF, 0xFF, 0xFF, 0xFF, 0xFF, 0xFF, 0xFF, 0xFF, 0x00, 0x00, 0x00, 0x00, 0x00, 0x00, 0x00,
        0x00, 0x00, 0x80, 0x80, 0x80, 0xFF, 0xFF, 0xFF, 0xFF, 0xFF, 0xFF, 0xFF, 0xFF, 0xFF, 0xFF, 0xFF,
        0xFF, 0xFF, 0xFF, 0xFF, 0xFF, 0xFF, 0xFF, 0xFF, 0xFF, 0xFF, 0xBF, 0xBF, 0xBF, 0x00, 0x00, 0x00,
        0x00, 0x00, 0x00, 0x00, 0x00, 0x00, 0x00, 0x00, 0x00, 0x00, 0x00, 0x00, 0x00, 0x00, 0x00, 0x00,
        0x00, 0x00, 0xFF, 0xFF, 0xFF, 0x80, 0x80, 0x80, 0x00, 0x00, 0x00, 0x00, 0x00, 0x00, 0x00, 0x00,
        0x00, 0x00, 0x00, 0x00, 0x00, 0x00, 0x00, 0x00, 0x00, 0x00, 0x80, 0x80, 0x80, 0xFF, 0xFF, 0xFF,
        0xFF, 0xFF, 0xFF, 0xFF, 0xFF, 0xFF, 0xFF, 0xFF, 0xFF, 0xFF, 0xFF, 0xFF, 0xFF, 0xFF, 0xFF, 0xFF,
        0xFF, 0xFF, 0xBF, 0xBF, 0xBF, 0x00, 0x00, 0x00, 0x00, 0x00, 0x00, 0x00, 0x00, 0x00, 0xBF, 0xBF,
        0xBF, 0xFF, 0xFF, 0xFF, 0xFF, 0xFF, 0xFF, 0xFF, 0xFF, 0xFF, 0xFF, 0xFF, 0xFF, 0xFF, 0xFF, 0xFF,
        0xFF, 0xFF, 0xFF, 0xFF, 0xFF, 0xFF, 0x80, 0x80, 0x80, 0x00, 0x00, 0x00, 0x00, 0x00, 0x00, 0x00,
        0x00, 0x00, 0xFF, 0xFF, 0xFF, 0xFF, 0xFF, 0xFF, 0xFF, 0xFF, 0xFF, 0xFF, 0xFF, 0xFF, 0xFF, 0xFF,
        0xFF, 0xFF, 0xFF, 0xFF, 0xFF, 0xFF, 0xFF, 0xFF, 0xFF, 0xFF, 0x80, 0x80, 0x80, 0x00, 0x00, 0x00,
        0x00, 0x00, 0x00, 0x00, 0x00, 0x00, 0x00, 0x00, 0x00, 0x00, 0x00, 0x00, 0x00, 0x00, 0x00, 0x80,
        0x80, 0x80, 0xBF, 0xBF, 0xBF, 0x00, 0x00, 0x00, 0x00, 0x00, 0x00, 0x00, 0x00, 0x00, 0x00, 0x00,
        0x00, 0x00, 0x00, 0x00, 0x00, 0x00, 0x00, 0x00, 0x00, 0x00, 0x00, 0x00, 0x00, 0x00, 0x00, 0x00,
        0x00, 0x00, 0x00, 0x00, 0x00, 0x00, 0x00, 0x00, 0x00, 0x00, 0x00, 0x00, 0x00, 0x00, 0x00, 0x00,
        0x00, 0x00, 0xBF, 0xBF, 0xBF, 0x80, 0x80, 0x80, 0x00, 0x00, 0x00, 0x00, 0x00, 0x00, 0x00, 0x00,
        0x00, 0x00, 0x00, 0x00, 0x00, 0x00, 0x00, 0x00, 0x00, 0x00, 0x40, 0x40, 0x40, 0xFF, 0xFF, 0xFF,
        0xFF, 0xFF, 0xFF, 0xFF, 0xFF, 0xFF, 0xFF, 0xFF, 0xFF, 0xFF, 0xFF, 0xFF, 0xFF, 0xFF, 0xFF, 0xFF,
        0xFF, 0xFF, 0xFF, 0xFF, 0xFF, 0x00, 0x00, 0x00, 0x00, 0x00, 0x00, 0x00, 0x00, 0x00, 0x80, 0x80,
        0x80, 0xFF, 0xFF, 0xFF, 0xFF, 0xFF, 0xFF, 0xFF, 0xFF, 0xFF, 0xFF, 0xFF, 0xFF, 0xFF, 0xFF, 0xFF,
        0xFF, 0xFF, 0xFF, 0xFF, 0xFF, 0xFF, 0xBF, 0xBF, 0xBF, 0x00, 0x00, 0x00, 0x00, 0x00, 0x00, 0x00,
        0x00, 0x00, 0x00, 0x00, 0x00, 0x00, 0x00, 0x00, 0x00, 0x00, 0x00, 0x00, 0x00, 0x00, 0xFF, 0xFF,
        0xFF, 0x80, 0x80, 0x80, 0x00, 0x00, 0x00, 0x00, 0x00, 0x00, 0x00, 0x00, 0x00, 0x00, 0x00, 0x00,
        0x00, 0x00, 0x00, 0x00, 0x00, 0x00, 0x80, 0x80, 0x80, 0xFF, 0xFF, 0xFF, 0xFF, 0xFF, 0xFF, 0xFF,
        0xFF, 0xFF, 0xFF, 0xFF, 0xFF, 0xFF, 0xFF, 0xFF, 0xFF, 0xFF, 0xFF, 0xFF, 0xFF, 0xFF, 0xBF, 0xBF,
        0xBF, 0x00, 0x00, 0x00, 0x00, 0x00, 0x00, 0x00, 0x00, 0x00, 0xBF, 0xBF, 0xBF, 0xFF, 0xFF, 0xFF,
        0xFF, 0xFF, 0xFF, 0xFF, 0xFF, 0xFF, 0xFF, 0xFF, 0xFF, 0xFF, 0xFF, 0xFF, 0xFF, 0xFF, 0xFF, 0xFF,
        0xFF, 0xFF, 0x80, 0x80, 0x80, 0x00, 0x00, 0x00, 0x00, 0x00, 0x00, 0x00, 0x00, 0x00, 0xFF, 0xFF,
        0xFF, 0xFF, 0xFF, 0xFF, 0xFF, 0xFF, 0xFF, 0xFF, 0xFF, 0xFF, 0xFF, 0xFF, 0xFF, 0xFF, 0xFF, 0xFF,
        0xFF, 0xFF, 0xFF, 0xFF, 0xFF, 0xFF, 0x80, 0x80, 0x80, 0x00, 0x00, 0x00, 0x00, 0x00, 0x00, 0x00,
        0x00, 0x00, 0x00, 0x00, 0x00, 0x00, 0x00, 0x00, 0x00, 0x00, 0x00, 0x80, 0x80, 0x80, 0xBF, 0xBF,
        0xBF, 0x00, 0x00, 0x00, 0x00, 0x00, 0x00, 0x00, 0x00, 0x00, 0x00, 0x00, 0x00, 0x00, 0x00, 0x00,
        0x00, 0x00, 0x00, 0x00, 0x00, 0x00, 0x00, 0x00, 0x00, 0x00, 0x00, 0x00, 0x00, 0x00, 0x00, 0x00,
        0x00, 0x00, 0x00, 0x00, 0x00, 0x00, 0x00, 0x00, 0x00, 0x00, 0x00, 0x00, 0x00, 0x00, 0xBF, 0xBF,
        0xBF, 0x80, 0x80, 0x80, 0x00, 0x00, 0x00, 0x00, 0x00, 0x00, 0x00, 0x00, 0x00, 0x00, 0x00, 0x00,
        0x00, 0x00, 0x00, 0x00, 0x00, 0x00, 0x40, 0x40, 0x40, 0xFF, 0xFF, 0xFF, 0xFF, 0xFF, 0xFF, 0xFF,
        0xFF, 0xFF, 0xFF, 0xFF, 0xFF, 0xFF, 0xFF, 0xFF, 0xFF, 0xFF, 0xFF, 0xFF, 0xFF, 0xFF, 0xFF, 0xFF,
        0xFF, 0x00, 0x00, 0x00, 0x00, 0x00, 0x00, 0x00, 0x00, 0x00, 0x80, 0x80, 0x80, 0xFF, 0xFF, 0xFF,
        0xFF, 0xFF, 0xFF, 0xFF, 0xFF, 0xFF, 0xFF, 0xFF, 0xFF, 0xFF, 0xFF, 0xFF, 0xFF, 0xFF, 0xFF, 0xFF,
        0xFF, 0xFF, 0xBF, 0xBF, 0xBF, 0x00, 0x00, 0x00, 0x00, 0x00, 0x00, 0x00, 0x00, 0x00, 0x00, 0x00,
        0x00, 0x00, 0x00, 0x00, 0x00, 0x00, 0x00, 0x00, 0x00, 0x00, 0xFF, 0xFF, 0xFF, 0x80, 0x80, 0x80,
        0x00, 0x00, 0x00, 0x00, 0x00, 0x00, 0x00, 0x00, 0x00, 0x00, 0x00, 0x00, 0x00, 0x00, 0x00, 0x00,
        0x00, 0x00, 0x80, 0x80, 0x80, 0xFF, 0xFF, 0xFF, 0xFF, 0xFF, 0xFF, 0xFF, 0xFF, 0xFF, 0xFF, 0xFF,
        0xFF, 0xFF, 0xFF, 0xFF, 0xFF, 0xFF, 0xFF, 0xFF, 0xFF, 0xFF, 0xBF, 0xBF, 0xBF, 0x00, 0x00, 0x00,
        0x00, 0x00, 0x00, 0x00, 0x00, 0x00, 0xBF, 0xBF, 0xBF, 0xFF, 0xFF, 0xFF, 0xFF, 0xFF, 0xFF, 0xFF,
        0xFF, 0xFF, 0xFF, 0xFF, 0xFF, 0xFF, 0xFF, 0xFF, 0xFF, 0xFF, 0xFF, 0xFF, 0xFF, 0xFF, 0x80, 0x80,
        0x80, 0x00, 0x00, 0x00, 0x00, 0x00, 0x00, 0x00, 0x00, 0x00, 0xFF, 0xFF, 0xFF, 0xFF, 0xFF, 0xFF,
        0xFF, 0xFF, 0xFF, 0xFF, 0xFF, 0xFF, 0xFF, 0xFF, 0xFF, 0xFF, 0xFF, 0xFF, 0xFF, 0xFF, 0xFF, 0xFF,
        0xFF, 0xFF, 0x80, 0x80, 0x80, 0x00, 0x00, 0x00, 0x00, 0x00, 0x00, 0x00, 0x00, 0x00, 0x00, 0x00,
        0x00, 0x00, 0x00, 0x00, 0x00, 0x00, 0x00, 0x80, 0x80, 0x80, 0xBF, 0xBF, 0xBF, 0x00, 0x00, 0x00,
        0x00, 0x00, 0x00, 0x00, 0x00, 0x00, 0x00, 0x00, 0x00, 0x00, 0x00, 0x00, 0x00, 0x00, 0x00, 0x00,
        0x00, 0x00, 0x00, 0x00, 0x00, 0x00, 0x00, 0x00, 0x00, 0x00, 0x00, 0x00, 0x00, 0x00, 0x00, 0x00,
        0x00, 0x00, 0x00, 0x00, 0x00, 0x00, 0x00, 0x00, 0x00, 0x00, 0xBF, 0xBF, 0xBF, 0x80, 0x80, 0x80,
        0x00, 0x00, 0x00, 0x00, 0x00, 0x00, 0x00, 0x00, 0x00, 0x00, 0x00, 0x00, 0x00, 0x00, 0x00, 0x00,
        0x00, 0x00, 0x40, 0x40, 0x40, 0xFF, 0xFF, 0xFF, 0xFF, 0xFF, 0xFF, 0xFF, 0xFF, 0xFF, 0xFF, 0xFF,
        0xFF, 0xFF, 0xFF, 0xFF, 0xFF, 0xFF, 0xFF, 0xFF, 0xFF, 0xFF, 0xFF, 0xFF, 0xFF, 0x00, 0x00, 0x00,
        0x00, 0x00, 0x00, 0x00, 0x00, 0x00, 0x80, 0x80, 0x80, 0xFF, 0xFF, 0xFF, 0xFF, 0xFF, 0xFF, 0xFF,
        0xFF, 0xFF, 0xFF, 0xFF, 0xFF, 0xFF, 0xFF, 0xFF, 0xFF, 0xFF, 0xFF, 0xFF, 0xFF, 0xFF, 0xBF, 0xBF,
        0xBF, 0x00, 0x00, 0x00, 0x00, 0x00, 0x00, 0x00, 0x00, 0x00, 0x00, 0x00, 0x00, 0x00, 0x00, 0x00,
        0x00, 0x00, 0x00, 0x00, 0x00, 0x00, 0xFF, 0xFF, 0xFF, 0x80, 0x80, 0x80, 0x00, 0x00, 0x00, 0x00,
        0x00, 0x00, 0x00, 0x00, 0x00, 0x00, 0x00, 0x00, 0x00, 0x00, 0x00, 0x00, 0x00, 0x00, 0x80, 0x80,
        0x80, 0xFF, 0xFF, 0xFF, 0xFF, 0xFF, 0xFF, 0xFF, 0xFF, 0xFF, 0xFF, 0xFF, 0xFF, 0xFF, 0xFF, 0xFF,
        0xFF, 0xFF, 0xFF, 0xFF, 0xFF, 0xFF, 0xBF, 0xBF, 0xBF, 0x00, 0x00, 0x00, 0x00, 0x00, 0x00, 0x00,
        0x00, 0x00, 0xBF, 0xBF, 0xBF, 0xFF, 0xFF, 0xFF, 0xFF, 0xFF, 0xFF, 0xFF, 0xFF, 0xFF, 0xFF, 0xFF,
        0xFF, 0xFF, 0xFF, 0xFF, 0xFF, 0xFF, 0xFF, 0xFF, 0xFF, 0xFF, 0x80, 0x80, 0x80, 0x00, 0x00, 0x00,
        0x00, 0x00, 0x00, 0x00, 0x00, 0x00, 0xFF, 0xFF, 0xFF, 0xFF, 0xFF, 0xFF, 0xFF, 0xFF, 0xFF, 0xFF,
        0xFF, 0xFF, 0xFF, 0xFF, 0xFF, 0xFF, 0xFF, 0xFF, 0xFF, 0xFF, 0xFF, 0xFF, 0xFF, 0xFF, 0x80, 0x80,
        0x80, 0x00, 0x00, 0x00, 0x00, 0x00, 0x00, 0x00, 0x00, 0x00, 0x00, 0x00, 0x00, 0x00, 0x00, 0x00,
        0x00, 0x00, 0x00, 0x80, 0x80, 0x80, 0xBF, 0xBF, 0xBF, 0x00, 0x00, 0x00, 0x00, 0x00, 0x00, 0x00,
        0x00, 0x00, 0x00, 0x00, 0x00, 0x00, 0x00, 0x00, 0x00, 0x00, 0x00, 0x00, 0x00, 0x00, 0x00, 0x00,
        0x00, 0x00, 0x00, 0x00, 0x00, 0x00, 0x00, 0x00, 0x00, 0x00, 0x00, 0x00, 0x00, 0x00, 0x00, 0x00,
        0x00, 0x00, 0x00, 0x00, 0x00, 0x00, 0xBF, 0xBF, 0xBF, 0x80, 0x80, 0x80, 0x00, 0x00, 0x00, 0x00,
        0x00, 0x00, 0x00, 0x00, 0x00, 0x00, 0x00, 0x00, 0x00, 0x00, 0x00, 0x00, 0x00, 0x00, 0x40, 0x40,
        0x40, 0xFF, 0xFF, 0xFF, 0xFF, 0xFF, 0xFF, 0xFF, 0xFF, 0xFF, 0xFF, 0xFF, 0xFF, 0xFF, 0xFF, 0xFF,
        0xFF, 0xFF, 0xFF, 0xFF, 0xFF, 0xFF, 0xFF, 0xFF, 0xFF, 0x00, 0x00, 0x00, 0x00, 0x00, 0x00, 0x00,
        0x00, 0x00, 0x80, 0x80, 0x80, 0xFF, 0xFF, 0xFF, 0xFF, 0xFF, 0xFF, 0xFF, 0xFF, 0xFF, 0xFF, 0xFF,
        0xFF, 0xFF, 0xFF, 0xFF, 0xFF, 0xFF, 0xFF, 0xFF, 0xFF, 0xFF, 0xBF, 0xBF, 0xBF, 0x00, 0x00, 0x00,
        0x00, 0x00, 0x00, 0x00, 0x00, 0x00, 0x00, 0x00, 0x00, 0x00, 0x00, 0x00, 0x00, 0x00, 0x00, 0x00,
        0x00, 0x00, 0xFF, 0xFF, 0xFF, 0x80, 0x80, 0x80, 0x00, 0x00, 0x00, 0x00, 0x00, 0x00, 0x00, 0x00,
        0x00, 0x00, 0x00, 0x00, 0x00, 0x00, 0x00, 0x00, 0x00, 0x00, 0x80, 0x80, 0x80, 0xFF, 0xFF, 0xFF,
        0xFF, 0xFF, 0xFF, 0xFF, 0xFF, 0xFF, 0xFF, 0xFF, 0xFF, 0xFF, 0xFF, 0xFF, 0xFF, 0xFF, 0xFF, 0xFF,
        0xFF, 0xFF, 0xBF, 0xBF, 0xBF, 0x00, 0x00, 0x00, 0x00, 0x00, 0x00, 0x00, 0x00, 0x00, 0xBF, 0xBF,
        0xBF, 0xFF, 0xFF, 0xFF, 0xFF, 0xFF, 0xFF, 0xFF, 0xFF, 0xFF, 0xFF, 0xFF, 0xFF, 0xFF, 0xFF, 0xFF,
        0xFF, 0xFF, 0xFF, 0xFF, 0xFF, 0xFF, 0x80, 0x80, 0x80, 0x00, 0x00, 0x00, 0x00, 0x00, 0x00, 0x00,
        0x00, 0x00, 0xFF, 0xFF, 0xFF, 0xFF, 0xFF, 0xFF, 0xFF, 0xFF, 0xFF, 0xFF, 0xFF, 0xFF, 0xFF, 0xFF,
        0xFF, 0xFF, 0xFF, 0xFF, 0xFF, 0xFF, 0xFF, 0xFF, 0xFF, 0xFF, 0x80, 0x80, 0x80, 0x00, 0x00, 0x00,
        0x00, 0x00, 0x00, 0x00, 0x00, 0x00, 0x00, 0x00, 0x00, 0x00, 0x00, 0x00, 0x00, 0x00, 0x00, 0x80,
        0x80, 0x80, 0xBF, 0xBF, 0xBF, 0x00, 0x00, 0x00, 0x00, 0x00, 0x00, 0x00, 0x00, 0x00, 0x00, 0x00,
        0x00, 0x00, 0x00, 0x00, 0x00, 0x00, 0x00, 0x00, 0x00, 0x00, 0x00, 0x00, 0x00, 0x00, 0x00, 0x00,
        0x00, 0x00, 0x00, 0x00, 0x00, 0x00, 0x00, 0x00, 0x00, 0x00, 0x00, 0x00, 0x00, 0x00, 0x00, 0x00,
        0x00, 0x00, 0xBF, 0xBF, 0xBF, 0x80, 0x80, 0x80, 0x00, 0x00, 0x00, 0x00, 0x00, 0x00, 0x00, 0x00,
        0x00, 0x00, 0x00, 0x00, 0x00, 0x00, 0x00, 0x00, 0x00, 0x00, 0x40, 0x40, 0x40, 0xFF, 0xFF, 0xFF,
        0xFF, 0xFF, 0xFF, 0xFF, 0xFF, 0xFF, 0xFF, 0xFF, 0xFF, 0xFF, 0xFF, 0xFF, 0xFF, 0xFF, 0xFF, 0xFF,
        0xFF, 0xFF, 0xFF, 0xFF, 0xFF, 0x00, 0x00, 0x00, 0x00, 0x00, 0x00, 0x00, 0x00, 0x00, 0x80, 0x80,
        0x80, 0xFF, 0xFF, 0xFF, 0xFF, 0xFF, 0xFF, 0xFF, 0xFF, 0xFF, 0xFF, 0xFF, 0xFF, 0xFF, 0xFF, 0xFF,
        0xFF, 0xFF, 0xFF, 0xFF, 0xFF, 0xFF, 0xBF, 0xBF, 0xBF, 0x00, 0x00, 0x00, 0x00, 0x00, 0x00, 0x00,
        0x00, 0x00, 0x00, 0x00, 0x00, 0x00, 0x00, 0x00, 0x00, 0x00, 0x00, 0x00, 0x00, 0x00, 0xFF, 0xFF,
        0xFF, 0x80, 0x80, 0x80, 0x00, 0x00, 0x00, 0x00, 0x00, 0x00, 0x00, 0x00, 0x00, 0x00, 0x00, 0x00,
        0x00, 0x00, 0x00, 0x00, 0x00, 0x00, 0x80, 0x80, 0x80, 0xFF, 0xFF, 0xFF, 0xFF, 0xFF, 0xFF, 0xFF,
        0xFF, 0xFF, 0xFF, 0xFF, 0xFF, 0xFF, 0xFF, 0xFF, 0xFF, 0xFF, 0xFF, 0xFF, 0xFF, 0xFF, 0xBF, 0xBF,
        0xBF, 0x00, 0x00, 0x00, 0x00, 0x00, 0x00, 0x00, 0x00, 0x00, 0xBF, 0xBF, 0xBF, 0xFF, 0xFF, 0xFF,
        0xFF, 0xFF, 0xFF, 0xFF, 0xFF, 0xFF, 0xFF, 0xFF, 0xFF, 0xFF, 0xFF, 0xFF, 0xFF, 0xFF, 0xFF, 0xFF,
        0xFF, 0xFF, 0x80, 0x80, 0x80, 0x00, 0x00, 0x00, 0x00, 0x00, 0x00, 0x00, 0x00, 0x00, 0xFF, 0xFF,
        0xFF, 0xFF, 0xFF, 0xFF, 0xFF, 0xFF, 0xFF, 0xFF, 0xFF, 0xFF, 0xFF, 0xFF, 0xFF, 0xFF, 0xFF, 0xFF,
        0xFF, 0xFF, 0xFF, 0xFF, 0xFF, 0xFF, 0x80, 0x80, 0x80, 0x00, 0x00, 0x00, 0x00, 0x00, 0x00, 0x00,
        0x00, 0x00, 0x00, 0x00, 0x00, 0x00, 0x00, 0x00, 0x00, 0x00, 0x00, 0x80, 0x80, 0x80, 0xBF, 0xBF,
        0xBF, 0x00, 0x00, 0x00, 0x00, 0x00, 0x00, 0x00, 0x00, 0x00, 0x00, 0x00, 0x00, 0x00, 0x00, 0x00,
        0x00, 0x00, 0x00, 0x00, 0x00, 0x00, 0x00, 0x00, 0x00, 0x00, 0x00, 0x00, 0x00, 0x00, 0x00, 0x00,
        0x00, 0x00, 0x00, 0x00, 0x00, 0x00, 0x00, 0x00, 0x00, 0x00, 0x00, 0x00, 0x00, 0x00, 0xBF, 0xBF,
        0xBF, 0x80, 0x80, 0x80, 0x00, 0x00, 0x00, 0x00, 0x00, 0x00, 0x00, 0x00, 0x00, 0x00, 0x00, 0x00,
        0x00, 0x00, 0x00, 0x00, 0x00, 0x00, 0x40, 0x40, 0x40, 0xFF, 0xFF, 0xFF, 0xFF, 0xFF, 0xFF, 0xFF,
        0xFF, 0xFF, 0xFF, 0xFF, 0xFF, 0xFF, 0xFF, 0xFF, 0xFF, 0xFF, 0xFF, 0xFF, 0xFF, 0xFF, 0xFF, 0xFF,
        0xFF, 0x00, 0x00, 0x00, 0x00, 0x00, 0x00, 0x00, 0x00, 0x00, 0x80, 0x80, 0x80, 0xFF, 0xFF, 0xFF,
        0xFF, 0xFF, 0xFF, 0xFF, 0xFF, 0xFF, 0xFF, 0xFF, 0xFF, 0xFF, 0xFF, 0xFF, 0xFF, 0xFF, 0xFF, 0xFF,
        0xFF, 0xFF, 0xBF, 0xBF, 0xBF, 0x00, 0x00, 0x00, 0x00, 0x00, 0x00, 0x00, 0x00, 0x00, 0x00, 0x00,
        0x00, 0x00, 0x00, 0x00, 0x00, 0x00, 0x00, 0x00, 0x00, 0x00, 0xFF, 0xFF, 0xFF, 0x80, 0x80, 0x80,
        0x00, 0x00, 0x00, 0x00, 0x00, 0x00, 0x00, 0x00, 0x00, 0x00, 0x00, 0x00, 0x00, 0x00, 0x00, 0x00,
        0x00, 0x00, 0x80, 0x80, 0x80, 0xFF, 0xFF, 0xFF, 0xFF, 0xFF, 0xFF, 0xFF, 0xFF, 0xFF, 0xFF, 0xFF,
        0xFF, 0xFF, 0xFF, 0xFF, 0xFF, 0xFF, 0xFF, 0xFF, 0xFF, 0xFF, 0xBF, 0xBF, 0xBF, 0x00, 0x00, 0x00,
        0x00, 0x00, 0x00, 0x00, 0x00, 0x00, 0xBF, 0xBF, 0xBF, 0xFF, 0xFF, 0xFF, 0xFF, 0xFF, 0xFF, 0xFF,
        0xFF, 0xFF, 0xFF, 0xFF, 0xFF, 0xFF, 0xFF, 0xFF, 0xFF, 0xFF, 0xFF, 0xFF, 0xFF, 0xFF, 0x80, 0x80,
        0x80, 0x00, 0x00, 0x00, 0x00, 0x00, 0x00, 0x00, 0x00, 0x00, 0xFF, 0xFF, 0xFF, 0xFF, 0xFF, 0xFF,
        0xFF, 0xFF, 0xFF, 0xFF, 0xFF, 0xFF, 0xFF, 0xFF, 0xFF, 0xFF, 0xFF, 0xFF, 0xFF, 0xFF, 0xFF, 0xFF,
        0xFF, 0xFF, 0x80, 0x80, 0x80, 0x00, 0x00, 0x00, 0x00, 0x00, 0x00, 0x00, 0x00, 0x00, 0x00, 0x00,
        0x00, 0x00, 0x00, 0x00, 0x00, 0x00, 0x00, 0x80, 0x80, 0x80, 0xBF, 0xBF, 0xBF, 0x00, 0x00, 0x00,
        0x00, 0x00, 0x00, 0x00, 0x00, 0x00, 0x00, 0x00, 0x00, 0x00, 0x00, 0x00, 0x00, 0x00, 0x00, 0x00,
        0x00, 0x00, 0x00, 0x00, 0x00, 0x00, 0x00, 0x00, 0x00, 0x00, 0x00, 0x00, 0x00, 0x00, 0x00, 0x00,
        0x00, 0x00, 0x00, 0x00, 0x00, 0x00, 0x00, 0x00, 0x00, 0x00, 0xBF, 0xBF, 0xBF, 0x80, 0x80, 0x80,
        0x00, 0x00, 0x00, 0x00, 0x00, 0x00, 0x00, 0x00, 0x00, 0x00, 0x00, 0x00, 0x00, 0x00, 0x00, 0x00,
        0x00, 0x00, 0x40, 0x40, 0x40, 0xFF, 0xFF, 0xFF, 0xFF, 0xFF, 0xFF, 0xFF, 0xFF, 0xFF, 0xFF, 0xFF,
        0xFF, 0xFF, 0xFF, 0xFF, 0xFF, 0xFF, 0xFF, 0xFF, 0xFF, 0xFF, 0xFF, 0xFF, 0xFF, 0x00, 0x00, 0x00,
        0x00, 0x00, 0x00, 0x00, 0x00, 0x00, 0x80, 0x80, 0x80, 0xFF, 0xFF, 0xFF, 0xFF, 0xFF, 0xFF, 0xFF,
        0xFF, 0xFF, 0xFF, 0xFF, 0xFF, 0xFF, 0xFF, 0xFF, 0xFF, 0xFF, 0xFF, 0xFF, 0xFF, 0xFF, 0xBF, 0xBF,
        0xBF, 0x00, 0x00, 0x00, 0x00, 0x00, 0x00, 0x00, 0x00, 0x00, 0x00, 0x00, 0x00, 0x00, 0x00, 0x00,
        0x00, 0x00, 0x00, 0x00, 0x00, 0x00, 0xFF, 0xFF, 0xFF, 0x80, 0x80, 0x80, 0x00, 0x00, 0x00, 0x00,
        0x00, 0x00, 0x00, 0x00, 0x00, 0x00, 0x00, 0x00, 0x00, 0x00, 0x00, 0x00, 0x00, 0x00, 0x80, 0x80,
        0x80, 0xFF, 0xFF, 0xFF, 0xFF, 0xFF, 0xFF, 0xFF, 0xFF, 0xFF, 0xFF, 0xFF, 0xFF, 0xFF, 0xFF, 0xFF,
        0xFF, 0xFF, 0xFF, 0xFF, 0xFF, 0xFF, 0xBF, 0xBF, 0xBF, 0x00, 0x00, 0x00, 0x00, 0x00, 0x00, 0x00,
        0x00, 0x00, 0xBF, 0xBF, 0xBF, 0xFF, 0xFF, 0xFF, 0xFF, 0xFF, 0xFF, 0xFF, 0xFF, 0xFF, 0xFF, 0xFF,
        0xFF, 0xFF, 0xFF, 0xFF, 0xFF, 0xFF, 0xFF, 0xFF, 0xFF, 0xFF, 0x80, 0x80, 0x80, 0x00, 0x00, 0x00,
        0x00, 0x00, 0x00, 0x00, 0x00, 0x00, 0xFF, 0xFF, 0xFF, 0xFF, 0xFF, 0xFF, 0xFF, 0xFF, 0xFF, 0xFF,
        0xFF, 0xFF, 0xFF, 0xFF, 0xFF, 0xFF, 0xFF, 0xFF, 0xFF, 0xFF, 0xFF, 0xFF, 0xFF, 0xFF, 0x80, 0x80,
        0x80, 0x00, 0x00, 0x00, 0x00, 0x00, 0x00, 0x00, 0x00, 0x00, 0x00, 0x00, 0x00, 0x00, 0x00, 0x00,
        0x00, 0x00, 0x00, 0x80, 0x80, 0x80, 0xBF, 0xBF, 0xBF, 0x00, 0x00, 0x00, 0x00, 0x00, 0x00, 0x00,
        0x00, 0x00, 0x00, 0x00, 0x00, 0x00, 0x00, 0x00, 0x00, 0x00, 0x00, 0x00, 0x00, 0x00, 0x00, 0x00,
        0x00, 0x00, 0x00, 0x00, 0x00, 0x00, 0x00, 0x00, 0x00, 0x00, 0x00, 0x00, 0x00, 0x00, 0x00, 0x00,
        0x00, 0x00, 0x00, 0x00, 0x00, 0x00, 0xBF, 0xBF, 0xBF, 0x80, 0x80, 0x80, 0x00, 0x00, 0x00, 0x00,
        0x00, 0x00, 0x00, 0x00, 0x00, 0x00, 0x00, 0x00, 0x00, 0x00, 0x00, 0x00, 0x00, 0x00, 0x40, 0x40,
        0x40, 0xFF, 0xFF, 0xFF, 0xFF, 0xFF, 0xFF, 0xFF, 0xFF, 0xFF, 0xFF, 0xFF, 0xFF, 0xFF, 0xFF, 0xFF,
        0xFF, 0xFF, 0xFF, 0xFF, 0xFF, 0xFF, 0xFF, 0xFF, 0xFF, 0x00, 0x00, 0x00, 0x00, 0x00, 0x00, 0x00,
        0x00, 0x00, 0x80, 0x80, 0x80, 0xFF, 0xFF, 0xFF, 0xFF, 0xFF, 0xFF, 0xFF, 0xFF, 0xFF, 0xFF, 0xFF,
        0xFF, 0xFF, 0xFF, 0xFF, 0xFF, 0xFF, 0xFF, 0xFF, 0xFF, 0xFF, 0xBF, 0xBF, 0xBF, 0x00, 0x00, 0x00,
        0x00, 0x00, 0x00, 0x00, 0x00, 0x00, 0x00, 0x00, 0x00, 0x00, 0x00, 0x00, 0x00, 0x00, 0x00, 0x00,
        0x00, 0x00, 0xFF, 0xFF, 0xFF, 0x80, 0x80, 0x80, 0x00, 0x00, 0x00, 0x00, 0x00, 0x00, 0x00, 0x00,
        0x00, 0x00, 0x00, 0x00, 0x00, 0x00, 0x00, 0x00, 0x00, 0x00, 0x80, 0x80, 0x80, 0xFF, 0xFF, 0xFF,
        0xFF, 0xFF, 0xFF, 0xFF, 0xFF, 0xFF, 0xFF, 0xFF, 0xFF, 0xFF, 0xFF, 0xFF, 0xFF, 0xFF, 0xFF, 0xFF,
        0xFF, 0xFF, 0xBF, 0xBF, 0xBF, 0x00, 0x00, 0x00, 0x00, 0x00, 0x00, 0x00, 0x00, 0x00, 0xBF, 0xBF,
        0xBF, 0xFF, 0xFF, 0xFF, 0xFF, 0xFF, 0xFF, 0xFF, 0xFF, 0xFF, 0xFF, 0xFF, 0xFF, 0xFF, 0xFF, 0xFF,
        0xFF, 0xFF, 0xFF, 0xFF, 0xFF, 0xFF, 0x80, 0x80, 0x80, 0x00, 0x00, 0x00, 0x00, 0x00, 0x00, 0x00,
        0x00, 0x00, 0xFF, 0xFF, 0xFF, 0xFF, 0xFF, 0xFF, 0xFF, 0xFF, 0xFF, 0xFF, 0xFF, 0xFF, 0xFF, 0xFF,
        0xFF, 0xFF, 0xFF, 0xFF, 0xFF, 0xFF, 0xFF, 0xFF, 0xFF, 0xFF, 0x80, 0x80, 0x80, 0x00, 0x00, 0x00,
        0x00, 0x00, 0x00, 0x00, 0x00, 0x00, 0x00, 0x00, 0x00, 0x00, 0x00, 0x00, 0x00, 0x00, 0x00, 0x80,
        0x80, 0x80, 0xBF, 0xBF, 0xBF, 0x00, 0x00, 0x00, 0x00, 0x00, 0x00, 0x00, 0x00, 0x00, 0x00, 0x00,
        0x00, 0x00, 0x00, 0x00, 0x00, 0x00, 0x00, 0x00, 0x00, 0x00, 0x00, 0x00, 0x00, 0x00, 0x00, 0x00,
        0x00, 0x00, 0x00, 0x00, 0x00, 0x00, 0x00, 0x00, 0x00, 0x00, 0x00, 0x00, 0x00, 0x00, 0x00, 0x00,
        0x00, 0x00, 0xBF, 0xBF, 0xBF, 0x80, 0x80, 0x80, 0x00, 0x00, 0x00, 0x00, 0x00, 0x00, 0x00, 0x00,
        0x00, 0x00, 0x00, 0x00, 0x00, 0x00, 0x00, 0x00, 0x00, 0x00, 0x40, 0x40, 0x40, 0xFF, 0xFF, 0xFF,
        0xFF, 0xFF, 0xFF, 0xFF, 0xFF, 0xFF, 0xFF, 0xFF, 0xFF, 0xFF, 0xFF, 0xFF, 0xFF, 0xFF, 0xFF, 0xFF,
        0xFF, 0xFF, 0xFF, 0xFF, 0xFF, 0x00, 0x00, 0x00, 0x00, 0x00, 0x00, 0x00, 0x00, 0x00, 0x80, 0x80,
        0x80, 0xFF, 0xFF, 0xFF, 0xFF, 0xFF, 0xFF, 0xFF, 0xFF, 0xFF, 0xFF, 0xFF, 0xFF, 0xFF, 0xFF, 0xFF,
        0xFF, 0xFF, 0xFF, 0xFF, 0xFF, 0xFF, 0xBF, 0xBF, 0xBF, 0x00, 0x00, 0x00, 0x00, 0x00, 0x00, 0x00,
        0x00, 0x00, 0x00, 0x00, 0x00, 0x00, 0x00, 0x00, 0x00, 0x00, 0x00, 0x00, 0x00, 0x00, 0xFF, 0xFF,
        0xFF, 0x80, 0x80, 0x80, 0x00, 0x00, 0x00, 0x00, 0x00, 0x00, 0x00, 0x00, 0x00, 0x00, 0x00, 0x00,
        0x00, 0x00, 0x00, 0x00, 0x00, 0x00, 0x80, 0x80, 0x80, 0xFF, 0xFF, 0xFF, 0xFF, 0xFF, 0xFF, 0xFF,
        0xFF, 0xFF, 0xFF, 0xFF, 0xFF, 0xFF, 0xFF, 0xFF, 0xFF, 0xFF, 0xFF, 0xFF, 0xFF, 0xFF, 0xBF, 0xBF,
        0xBF, 0x00, 0x00, 0x00, 0x00, 0x00, 0x00, 0x00, 0x00, 0x00, 0xBF, 0xBF, 0xBF, 0xFF, 0xFF, 0xFF,
        0xFF, 0xFF, 0xFF, 0xFF, 0xFF, 0xFF, 0xFF, 0xFF, 0xFF, 0xFF, 0xFF, 0xFF, 0xFF, 0xFF, 0xFF, 0xFF,
        0xFF, 0xFF, 0x80, 0x80, 0x80, 0x00, 0x00, 0x00, 0x00, 0x00, 0x00, 0x00, 0x00, 0x00, 0xFF, 0xFF,
        0xFF, 0xFF, 0xFF, 0xFF, 0xFF, 0xFF, 0xFF, 0xFF, 0xFF, 0xFF, 0xFF, 0xFF, 0xFF, 0xFF, 0xFF, 0xFF,
        0xFF, 0xFF, 0xFF, 0xFF, 0xFF, 0xFF, 0x80, 0x80, 0x80, 0x00, 0x00, 0x00, 0x00, 0x00, 0x00, 0x00,
        0x00, 0x00, 0x00, 0x00, 0x00, 0x00, 0x00, 0x00, 0x00, 0x00, 0x00, 0x80, 0x80, 0x80, 0xBF, 0xBF,
        0xBF, 0x00, 0x00, 0x00, 0x00, 0x00, 0x00, 0x00, 0x00, 0x00, 0x00, 0x00, 0x00, 0x00, 0x00, 0x00,
        0x00, 0x00, 0x00, 0x00, 0x00, 0x00, 0x00, 0x00, 0x00, 0x00, 0x00, 0x00, 0x00, 0x00, 0x00, 0x00,
        0x00, 0x00, 0x00, 0x00, 0x00, 0x00, 0x00, 0x00, 0x00, 0x00, 0x00, 0x00, 0x00, 0x00, 0xBF, 0xBF,
        0xBF, 0x80, 0x80, 0x80, 0x00, 0x00, 0x00, 0x00, 0x00, 0x00, 0x00, 0x00, 0x00, 0x00, 0x00, 0x00,
        0x00, 0x00, 0x00, 0x00, 0x00, 0x00, 0x40, 0x40, 0x40, 0xFF, 0xFF, 0xFF, 0xFF, 0xFF, 0xFF, 0xFF,
        0xFF, 0xFF, 0xFF, 0xFF, 0xFF, 0xFF, 0xFF, 0xFF, 0xFF, 0xFF, 0xFF, 0xFF, 0xFF, 0xFF, 0xFF, 0xFF,
        0xFF, 0x00, 0x00, 0x00, 0x00, 0x00, 0x00, 0x00, 0x00, 0x00, 0x80, 0x80, 0x80, 0xFF, 0xFF, 0xFF,
        0xFF, 0xFF, 0xFF, 0xFF, 0xFF, 0xFF, 0xFF, 0xFF, 0xFF, 0xFF, 0xFF, 0xFF, 0xFF, 0xFF, 0xFF, 0xFF,
        0xFF, 0xFF, 0xBF, 0xBF, 0xBF, 0x00, 0x00, 0x00, 0x00, 0x00, 0x00, 0x00, 0x00, 0x00, 0x00, 0x00,
        0x00, 0x00, 0x00, 0x00, 0x00, 0x00, 0x00, 0x00, 0x00, 0x00, 0xFF, 0xFF, 0xFF, 0x80, 0x80, 0x80,
        0x00, 0x00, 0x00, 0x00, 0x00, 0x00, 0x00, 0x00, 0x00, 0x00, 0x00, 0x00, 0x00, 0x00, 0x00, 0x00,
        0x00, 0x00, 0x80, 0x80, 0x80, 0xFF, 0xFF, 0xFF, 0xFF, 0xFF, 0xFF, 0xFF, 0xFF, 0xFF, 0xFF, 0xFF,
        0xFF, 0xFF, 0xFF, 0xFF, 0xFF, 0xFF, 0xFF, 0xFF, 0xFF, 0xFF, 0xBF, 0xBF, 0xBF, 0x00, 0x00, 0x00,
        0x00, 0x00, 0x00, 0x00, 0x00, 0x00, 0xBF, 0xBF, 0xBF, 0xFF, 0xFF, 0xFF, 0xFF, 0xFF, 0xFF, 0xFF,
        0xFF, 0xFF, 0xFF, 0xFF, 0xFF, 0xFF, 0xFF, 0xFF, 0xFF, 0xFF, 0xFF, 0xFF, 0xFF, 0xFF, 0x80, 0x80,
        0x80, 0x00, 0x00, 0x00, 0x00, 0x00, 0x00, 0x00, 0x00, 0x00, 0xFF, 0xFF, 0xFF, 0xFF, 0xFF, 0xFF,
        0xFF, 0xFF, 0xFF, 0xFF, 0xFF, 0xFF, 0xFF, 0xFF, 0xFF, 0xFF, 0xFF, 0xFF, 0xFF, 0xFF, 0xFF, 0xFF,
        0xFF, 0xFF, 0x80, 0x80, 0x80, 0x00, 0x00, 0x00, 0x00, 0x00, 0x00, 0x00, 0x00, 0x00, 0x00, 0x00,
        0x00, 0x00, 0x00, 0x00, 0x00, 0x00, 0x00, 0x80, 0x80, 0x80, 0xBF, 0xBF, 0xBF, 0x00, 0x00, 0x00,
        0x00, 0x00, 0x00, 0x00, 0x00, 0x00, 0x00, 0x00, 0x00, 0x00, 0x00, 0x00, 0x00, 0x00, 0x00, 0x00,
        0x00, 0x00, 0x00, 0x00, 0x00, 0x00, 0x00, 0x00, 0x00, 0x00, 0x00, 0x00, 0x00, 0x00, 0x00, 0x00,
        0x00, 0x00, 0x00, 0x00, 0x00, 0x00, 0x00, 0x00, 0x00, 0x00, 0xBF, 0xBF, 0xBF, 0x80, 0x80, 0x80,
        0x00, 0x00, 0x00, 0x00, 0x00, 0x00, 0x00, 0x00, 0x00, 0x00, 0x00, 0x00, 0x00, 0x00, 0x00, 0x00,
        0x00, 0x00, 0x40, 0x40, 0x40, 0xFF, 0xFF, 0xFF, 0xFF, 0xFF, 0xFF, 0xFF, 0xFF, 0xFF, 0xFF, 0xFF,
        0xFF, 0xFF, 0xFF, 0xFF, 0xFF, 0xFF, 0xFF, 0xFF, 0xFF, 0xFF, 0xFF, 0xFF, 0xFF, 0x00, 0x00, 0x00,
        0x00, 0x00, 0x00, 0x00, 0x00, 0x00, 0x80, 0x80, 0x80, 0xFF, 0xFF, 0xFF, 0xFF, 0xFF, 0xFF, 0xFF,
        0xFF, 0xFF, 0xFF, 0xFF, 0xFF, 0xFF, 0xFF, 0xFF, 0xFF, 0xFF, 0xFF, 0xFF, 0xFF, 0xFF, 0xBF, 0xBF,
        0xBF, 0x00, 0x00, 0x00, 0x00, 0x00, 0x00, 0x00, 0x00, 0x00, 0x00, 0x00, 0x00, 0x00, 0x00, 0x00,
        0x00, 0x00, 0x00, 0x00, 0x00, 0x00, 0xFF, 0xFF, 0xFF, 0x80, 0x80, 0x80, 0x00, 0x00, 0x00, 0x00,
        0x00, 0x00, 0x00, 0x00, 0x00, 0x00, 0x00, 0x00, 0x00, 0x00, 0x00, 0x00, 0x00, 0x00, 0x80, 0x80,
        0x80, 0xFF, 0xFF, 0xFF, 0xFF, 0xFF, 0xFF, 0xFF, 0xFF, 0xFF, 0xFF, 0xFF, 0xFF, 0xFF, 0xFF, 0xFF,
        0xFF, 0xFF, 0xFF, 0xFF, 0xFF, 0xFF, 0xBF, 0xBF, 0xBF, 0x00, 0x00, 0x00, 0x00, 0x00, 0x00, 0x00,
        0x00, 0x00, 0xBF, 0xBF, 0xBF, 0xFF, 0xFF, 0xFF, 0xFF, 0xFF, 0xFF, 0xFF, 0xFF, 0xFF, 0xFF, 0xFF,
        0xFF, 0xFF, 0xFF, 0xFF, 0xFF, 0xFF, 0xFF, 0xFF, 0xFF, 0xFF, 0x80, 0x80, 0x80, 0x00, 0x00, 0x00,
        0x00, 0x00, 0x00, 0x00, 0x00, 0x00, 0xFF, 0xFF, 0xFF, 0xFF, 0xFF, 0xFF, 0xFF, 0xFF, 0xFF, 0xFF,
        0xFF, 0xFF, 0xFF, 0xFF, 0xFF, 0xFF, 0xFF, 0xFF, 0xFF, 0xFF, 0xFF, 0xFF, 0xFF, 0xFF, 0x80, 0x80,
        0x80, 0x00, 0x00, 0x00, 0x00, 0x00, 0x00, 0x00, 0x00, 0x00, 0x00, 0x00, 0x00, 0x00, 0x00, 0x00,
        0x00, 0x00, 0x00, 0x80, 0x80, 0x80, 0xBF, 0xBF, 0xBF, 0x00, 0x00, 0x00, 0x00, 0x00, 0x00, 0x00,
        0x00, 0x00, 0x00, 0x00, 0x00, 0x00, 0x00, 0x00, 0x00, 0x00, 0x00, 0x00, 0x00, 0x00, 0x00, 0x00,
        0x00, 0x00, 0x00, 0x00, 0x00, 0x00, 0x00, 0x00, 0x00, 0x00, 0x00, 0x00, 0x00, 0x00, 0x00, 0x00,
        0x00, 0x00, 0x00, 0x00, 0x00, 0x00, 0xBF, 0xBF, 0xBF, 0x80, 0x80, 0x80, 0x00, 0x00, 0x00, 0x00,
        0x00, 0x00, 0x00, 0x00, 0x00, 0x00, 0x00, 0x00, 0x00, 0x00, 0x00, 0x00, 0x00, 0x00, 0x40, 0x40,
        0x40, 0xFF, 0xFF, 0xFF, 0xFF, 0xFF, 0xFF, 0xFF, 0xFF, 0xFF, 0xFF, 0xFF, 0xFF, 0xFF, 0xFF, 0xFF,
        0xFF, 0xFF, 0xFF, 0xFF, 0xFF, 0xFF, 0xFF, 0xFF, 0xFF, 0x00, 0x00, 0x00, 0x00, 0x00, 0x00, 0x00,
        0x00, 0x00, 0x80, 0x80, 0x80, 0xFF, 0xFF, 0xFF, 0xFF, 0xFF, 0xFF, 0xFF, 0xFF, 0xFF, 0xFF, 0xFF,
        0xFF, 0xFF, 0xFF, 0xFF, 0xFF, 0xFF, 0xFF, 0xFF, 0xFF, 0xFF, 0xBF, 0xBF, 0xBF, 0x00, 0x00, 0x00,
        0x00, 0x00, 0x00, 0x00, 0x00, 0x00, 0x00, 0x00, 0x00, 0x00, 0x00, 0x00, 0x00, 0x00, 0x00, 0x00,
        0x00, 0x00, 0xFF, 0xFF, 0xFF, 0x80, 0x80, 0x80, 0x00, 0x00, 0x00, 0x00, 0x00, 0x00, 0x00, 0x00,
        0x00, 0x00, 0x00, 0x00, 0x00, 0x00, 0x00, 0x00, 0x00, 0x00, 0x80, 0x80, 0x80, 0xFF, 0xFF, 0xFF,
        0xFF, 0xFF, 0xFF, 0xFF, 0xFF, 0xFF, 0xFF, 0xFF, 0xFF, 0xFF, 0xFF, 0xFF, 0xFF, 0xFF, 0xFF, 0xFF,
        0xFF, 0xFF, 0xBF, 0xBF, 0xBF, 0x00, 0x00, 0x00, 0x00, 0x00, 0x00, 0x00, 0x00, 0x00, 0xBF, 0xBF,
        0xBF, 0xFF, 0xFF, 0xFF, 0xFF, 0xFF, 0xFF, 0xFF, 0xFF, 0xFF, 0xFF, 0xFF, 0xFF, 0xFF, 0xFF, 0xFF,
        0xFF, 0xFF, 0xFF, 0xFF, 0xFF, 0xFF, 0x80, 0x80, 0x80, 0x00, 0x00, 0x00, 0x00, 0x00, 0x00, 0x00,
        0x00, 0x00, 0xFF, 0xFF, 0xFF, 0xFF, 0xFF, 0xFF, 0xFF, 0xFF, 0xFF, 0xFF, 0xFF, 0xFF, 0xFF, 0xFF,
        0xFF, 0xFF, 0xFF, 0xFF, 0xFF, 0xFF, 0xFF, 0xFF, 0xFF, 0xFF, 0x80, 0x80, 0x80, 0x00, 0x00, 0x00,
        0x00, 0x00, 0x00, 0x00, 0x00, 0x00, 0x00, 0x00, 0x00, 0x00, 0x00, 0x00, 0x00, 0x00, 0x00, 0x80,
        0x80, 0x80, 0xBF, 0xBF, 0xBF, 0x00, 0x00, 0x00, 0x00, 0x00, 0x00, 0x00, 0x00, 0x00, 0x00, 0x00,
        0x00, 0x00, 0x00, 0x00, 0x00, 0x00, 0x00, 0x00, 0x00, 0x00, 0x00, 0x00, 0x00, 0x00, 0x00, 0x00,
        0x00, 0x00, 0x00, 0x00, 0x00, 0x00, 0x00, 0x00, 0x00, 0x00, 0x00, 0x00, 0x00, 0x00, 0x00, 0x00,
        0x00, 0x00, 0xBF, 0xBF, 0xBF, 0x80, 0x80, 0x80, 0x00, 0x00, 0x00, 0x00, 0x00, 0x00, 0x00, 0x00,
        0x00, 0x00, 0x00, 0x00, 0x00, 0x00, 0x00, 0x00, 0x00, 0x00, 0x40, 0x40, 0x40, 0xFF, 0xFF, 0xFF,
        0xFF, 0xFF, 0xFF, 0xFF, 0xFF, 0xFF, 0xFF, 0xFF, 0xFF, 0xFF, 0xFF, 0xFF, 0xFF, 0xFF, 0xFF, 0xFF,
        0xFF, 0xFF, 0xFF, 0xFF, 0xFF, 0x00, 0x00, 0x00, 0x00, 0x00, 0x00, 0x00, 0x00, 0x00, 0x80, 0x80,
        0x80, 0xFF, 0xFF, 0xFF, 0xFF, 0xFF, 0xFF, 0xFF, 0xFF, 0xFF, 0xFF, 0xFF, 0xFF, 0xFF, 0xFF, 0xFF,
        0xFF, 0xFF, 0xFF, 0xFF, 0xFF, 0xFF, 0xBF, 0xBF, 0xBF, 0x00, 0x00, 0x00, 0x00, 0x00, 0x00, 0x00,
        0x00, 0x00, 0x00, 0x00, 0x00, 0x00, 0x00, 0x00, 0x00, 0x00, 0x00, 0x00, 0x00, 0x00, 0xFF, 0xFF,
        0xFF, 0x80, 0x80, 0x80, 0x00, 0x00, 0x00, 0x00, 0x00, 0x00, 0x00, 0x00, 0x00, 0x00, 0x00, 0x00,
        0x00, 0x00, 0x00, 0x00, 0x00, 0x00, 0x80, 0x80, 0x80, 0xFF, 0xFF, 0xFF, 0xFF, 0xFF, 0xFF, 0xFF,
        0xFF, 0xFF, 0xFF, 0xFF, 0xFF, 0xFF, 0xFF, 0xFF, 0xFF, 0xFF, 0xFF, 0xFF, 0xFF, 0xFF, 0xBF, 0xBF,
        0xBF, 0x00, 0x00, 0x00, 0x00, 0x00, 0x00, 0x00, 0x00, 0x00, 0xBF, 0xBF, 0xBF, 0xFF, 0xFF, 0xFF,
        0xFF, 0xFF, 0xFF, 0xFF, 0xFF, 0xFF, 0xFF, 0xFF, 0xFF, 0xFF, 0xFF, 0xFF, 0xFF, 0xFF, 0xFF, 0xFF,
        0xFF, 0xFF, 0x80, 0x80, 0x80, 0x00, 0x00, 0x00, 0x00, 0x00, 0x00, 0x00, 0x00, 0x00, 0xFF, 0xFF,
        0xFF, 0xFF, 0xFF, 0xFF, 0xFF, 0xFF, 0xFF, 0xFF, 0xFF, 0xFF, 0xFF, 0xFF, 0xFF, 0xFF, 0xFF, 0xFF,
        0xFF, 0xFF, 0xFF, 0xFF, 0xFF, 0xFF, 0x80, 0x80, 0x80, 0x00, 0x00, 0x00, 0x00, 0x00, 0x00, 0x00,
        0x00, 0x00, 0x00, 0x00, 0x00, 0x00, 0x00, 0x00, 0x00, 0x00, 0x00, 0x80, 0x80, 0x80, 0xBF, 0xBF,
        0xBF, 0x00, 0x00, 0x00, 0x00, 0x00, 0x00, 0x00, 0x00, 0x00, 0x00, 0x00, 0x00, 0x00, 0x00, 0x00,
        0x00, 0x00, 0x00, 0x00, 0x00, 0x00, 0x00, 0x00, 0x00, 0x00, 0x00, 0x00, 0x00, 0x00, 0x00, 0x00,
        0x00, 0x00, 0x00, 0x00, 0x00, 0x00, 0x00, 0x00, 0x00, 0x00, 0x00, 0x00, 0x00, 0x00, 0xBF, 0xBF,
        0xBF, 0x80, 0x80, 0x80, 0x00, 0x00, 0x00, 0x00, 0x00, 0x00, 0x00, 0x00, 0x00, 0x00, 0x00, 0x00,
        0x00, 0x00, 0x00, 0x00, 0x00, 0x00, 0x40, 0x40, 0x40, 0xFF, 0xFF, 0xFF, 0xFF, 0xFF, 0xFF, 0xFF,
        0xFF, 0xFF, 0xFF, 0xFF, 0xFF, 0xFF, 0xFF, 0xFF, 0xFF, 0xFF, 0xFF, 0xFF, 0xFF, 0xFF, 0xFF, 0xFF,
        0xFF, 0x00, 0x00, 0x00, 0x00, 0x00, 0x00, 0x00, 0x00, 0x00, 0x80, 0x80, 0x80, 0xFF, 0xFF, 0xFF,
        0xFF, 0xFF, 0xFF, 0xFF, 0xFF, 0xFF, 0xFF, 0xFF, 0xFF, 0xFF, 0xFF, 0xFF, 0xFF, 0xFF, 0xFF, 0xFF,
        0xFF, 0xFF, 0xBF, 0xBF, 0xBF, 0x00, 0x00, 0x00, 0x00, 0x00, 0x00, 0x00, 0x00, 0x00, 0x00, 0x00,
        0x00, 0x00, 0x00, 0x00, 0x00, 0x00, 0x00, 0x00, 0x00, 0x00, 0xFF, 0xFF, 0xFF, 0x80, 0x80, 0x80,
        0x00, 0x00, 0x00, 0x00, 0x00, 0x00, 0x00, 0x00, 0x00, 0x00, 0x00, 0x00, 0x00, 0x00, 0x00, 0x00,
        0x00, 0x00, 0x80, 0x80, 0x80, 0xFF, 0xFF, 0xFF, 0xFF, 0xFF, 0xFF, 0xFF, 0xFF, 0xFF, 0xFF, 0xFF,
        0xFF, 0xFF, 0xFF, 0xFF, 0xFF, 0xFF, 0xFF, 0xFF, 0xFF, 0xFF, 0xBF, 0xBF, 0xBF, 0x00, 0x00, 0x00,
        0x00, 0x00, 0x00, 0x00, 0x00, 0x00, 0xBF, 0xBF, 0xBF, 0xFF, 0xFF, 0xFF, 0xFF, 0xFF, 0xFF, 0xFF,
        0xFF, 0xFF, 0xFF, 0xFF, 0xFF, 0xFF, 0xFF, 0xFF, 0xFF, 0xFF, 0xFF, 0xFF, 0xFF, 0xFF, 0x80, 0x80,
        0x80, 0x00, 0x00, 0x00, 0x00, 0x00, 0x00, 0x00, 0x00, 0x00, 0xFF, 0xFF, 0xFF, 0xFF, 0xFF, 0xFF,
        0xFF, 0xFF, 0xFF, 0xFF, 0xFF, 0xFF, 0xFF, 0xFF, 0xFF, 0xFF, 0xFF, 0xFF, 0xFF, 0xFF, 0xFF, 0xFF,
        0xFF, 0xFF, 0x80, 0x80, 0x80, 0x00, 0x00, 0x00, 0x00, 0x00, 0x00, 0x00, 0x00, 0x00, 0x00, 0x00,
        0x00, 0x00, 0x00, 0x00, 0x00, 0x00, 0x00, 0x80, 0x80, 0x80, 0xBF, 0xBF, 0xBF, 0x00, 0x00, 0x00,
        0x00, 0x00, 0x00, 0x00, 0x00, 0x00, 0x00, 0x00, 0x00, 0x00, 0x00, 0x00, 0x00, 0x00, 0x00, 0x00,
        0x00, 0x00, 0x00, 0x00, 0x00, 0x00, 0x00, 0x00, 0x00, 0x00, 0x00, 0x00, 0x00, 0x00, 0x00, 0x00,
        0x00, 0x00, 0x00, 0x00, 0x00, 0x00, 0x00, 0x00, 0x00, 0x00, 0xBF, 0xBF, 0xBF, 0x80, 0x80, 0x80,
        0x00, 0x00, 0x00, 0x00, 0x00, 0x00, 0x00, 0x00, 0x00, 0x00, 0x00, 0x00, 0x00, 0x00, 0x00, 0x00,
        0x00, 0x00, 0x40, 0x40, 0x40, 0xFF, 0xFF, 0xFF, 0xFF, 0xFF, 0xFF, 0xFF, 0xFF, 0xFF, 0xFF, 0xFF,
        0xFF, 0xFF, 0xFF, 0xFF, 0xFF, 0xFF, 0xFF, 0xFF, 0xFF, 0xFF, 0xFF, 0xFF, 0xFF, 0x00, 0x00, 0x00,
        0x00, 0x00, 0x00, 0x00, 0x00, 0x00, 0x80, 0x80, 0x80, 0xFF, 0xFF, 0xFF, 0xFF, 0xFF, 0xFF, 0xFF,
        0xFF, 0xFF, 0xFF, 0xFF, 0xFF, 0xFF, 0xFF, 0xFF, 0xFF, 0xFF, 0xFF, 0xFF, 0xFF, 0xFF, 0xBF, 0xBF,
        0xBF, 0x00, 0x00, 0x00, 0x00, 0x00, 0x00, 0x00, 0x00, 0x00, 0x00, 0x00, 0x00, 0x00, 0x00, 0x00,
        0x00, 0x00, 0x00, 0x00, 0x00, 0x00, 0xFF, 0xFF, 0xFF, 0x80, 0x80, 0x80, 0x00, 0x00, 0x00, 0x00,
        0x00, 0x00, 0x00, 0x00, 0x00, 0x00, 0x00, 0x00, 0x00, 0x00, 0x00, 0x00, 0x00, 0x00, 0x80, 0x80,
        0x80, 0xFF, 0xFF, 0xFF, 0xFF, 0xFF, 0xFF, 0xFF, 0xFF, 0xFF, 0xFF, 0xFF, 0xFF, 0xFF, 0xFF, 0xFF,
        0xFF, 0xFF, 0xFF, 0xFF, 0xFF, 0xFF, 0xBF, 0xBF, 0xBF, 0x00, 0x00, 0x00, 0x00, 0x00, 0x00, 0x00,
        0x00, 0x00, 0xBF, 0xBF, 0xBF, 0xFF, 0xFF, 0xFF, 0xFF, 0xFF, 0xFF, 0xFF, 0xFF, 0xFF, 0xFF, 0xFF,
        0xFF, 0xFF, 0xFF, 0xFF, 0xFF, 0xFF, 0xFF, 0xFF, 0xFF, 0xFF, 0x80, 0x80, 0x80, 0x00, 0x00, 0x00,
        0x00, 0x00, 0x00, 0x00, 0x00, 0x00, 0xFF, 0xFF, 0xFF, 0xFF, 0xFF, 0xFF, 0xFF, 0xFF, 0xFF, 0xFF,
        0xFF, 0xFF, 0xFF, 0xFF, 0xFF, 0xFF, 0xFF, 0xFF, 0xFF, 0xFF, 0xFF, 0xFF, 0xFF, 0xFF, 0x80, 0x80,
        0x80, 0x00, 0x00, 0x00, 0x00, 0x00, 0x00, 0x00, 0x00, 0x00, 0x00, 0x00, 0x00, 0x00, 0x00, 0x00,
        0x00, 0x00, 0x00, 0x80, 0x80, 0x80, 0xBF, 0xBF, 0xBF, 0x00, 0x00, 0x00, 0x00, 0x00, 0x00, 0x00,
        0x00, 0x00, 0x00, 0x00, 0x00, 0x00, 0x00, 0x00, 0x00, 0x00, 0x00, 0x00, 0x00, 0x00, 0x00, 0x00,
        0x00, 0x00, 0x00, 0x00, 0x00, 0x00, 0x00, 0x00, 0x00, 0x00, 0x00, 0x00, 0x00, 0x00, 0x00, 0x00,
        0x00, 0x00, 0x00, 0x00, 0x00, 0x00, 0xBF, 0xBF, 0xBF, 0x80, 0x80, 0x80, 0x00, 0x00, 0x00, 0x00,
        0x00, 0x00, 0x00, 0x00, 0x00, 0x00, 0x00, 0x00, 0x00, 0x00, 0x00, 0x00, 0x00, 0x00, 0x40, 0x40,
        0x40, 0xFF, 0xFF, 0xFF, 0xFF, 0xFF, 0xFF, 0xFF, 0xFF, 0xFF, 0xFF, 0xFF, 0xFF, 0xFF, 0xFF, 0xFF,
        0xFF, 0xFF, 0xFF, 0xFF, 0xFF, 0xFF, 0xFF, 0xFF, 0xFF, 0x00, 0x00, 0x00, 0x00, 0x00, 0x00, 0x00,
        0x00, 0x00, 0x80, 0x80, 0x80, 0xFF, 0xFF, 0xFF, 0xFF, 0xFF, 0xFF, 0xFF, 0xFF, 0xFF, 0xFF, 0xFF,
        0xFF, 0xFF, 0xFF, 0xFF, 0xFF, 0xFF, 0xFF, 0xFF, 0xFF, 0xFF, 0xBF, 0xBF, 0xBF, 0x00, 0x00, 0x00,
        0x00, 0x00, 0x00, 0x00, 0x00, 0x00, 0x00, 0x00, 0x00, 0x00, 0x00, 0x00, 0x00, 0x00, 0x00, 0x00,
        0x00, 0x00, 0xFF, 0xFF, 0xFF, 0x80, 0x80, 0x80, 0x00, 0x00, 0x00, 0x00, 0x00, 0x00, 0x00, 0x00,
        0x00, 0x00, 0x00, 0x00, 0x00, 0x00, 0x00, 0x00, 0x00, 0x00, 0x80, 0x80, 0x80, 0xFF, 0xFF, 0xFF,
        0xFF, 0xFF, 0xFF, 0xFF, 0xFF, 0xFF, 0xFF, 0xFF, 0xFF, 0xFF, 0xFF, 0xFF, 0xFF, 0xFF, 0xFF, 0xFF,
        0xFF, 0xFF, 0xBF, 0xBF, 0xBF, 0x00, 0x00, 0x00, 0x00, 0x00, 0x00, 0x00, 0x00, 0x00, 0xBF, 0xBF,
        0xBF, 0xFF, 0xFF, 0xFF, 0xFF, 0xFF, 0xFF, 0xFF, 0xFF, 0xFF, 0xFF, 0xFF, 0xFF, 0xFF, 0xFF, 0xFF,
        0xFF, 0xFF, 0xFF, 0xFF, 0xFF, 0xFF, 0x80, 0x80, 0x80, 0x00, 0x00, 0x00, 0x00, 0x00, 0x00, 0x00,
        0x00, 0x00, 0xFF, 0xFF, 0xFF, 0xFF, 0xFF, 0xFF, 0xFF, 0xFF, 0xFF, 0xFF, 0xFF, 0xFF, 0xFF, 0xFF,
        0xFF, 0xFF, 0xFF, 0xFF, 0xFF, 0xFF, 0xFF, 0xFF, 0xFF, 0xFF, 0x80, 0x80, 0x80, 0x00, 0x00, 0x00,
        0x00, 0x00, 0x00, 0x00, 0x00, 0x00, 0x00, 0x00, 0x00, 0x00, 0x00, 0x00, 0x00, 0x00, 0x00, 0x80,
        0x80, 0x80, 0xBF, 0xBF, 0xBF, 0x00, 0x00, 0x00, 0x00, 0x00, 0x00, 0x00, 0x00, 0x00, 0x00, 0x00,
        0x00, 0x00, 0x00, 0x00, 0x00, 0x00, 0x00, 0x00, 0x00, 0x00, 0x00, 0x00, 0x00, 0x00, 0x00, 0x00,
        0x00, 0x00, 0x00, 0x00, 0x00, 0x00, 0x00, 0x00, 0x00, 0x00, 0x00, 0x00, 0x00, 0x00, 0x00, 0x00,
        0x00, 0x00, 0xBF, 0xBF, 0xBF, 0x80, 0x80, 0x80, 0x00, 0x00, 0x00, 0x00, 0x00, 0x00, 0x00, 0x00,
        0x00, 0x00, 0x00, 0x00, 0x00, 0x00, 0x00, 0x00, 0x00, 0x00, 0x40, 0x40, 0x40, 0xFF, 0xFF, 0xFF,
        0xFF, 0xFF, 0xFF, 0xFF, 0xFF, 0xFF, 0xFF, 0xFF, 0xFF, 0xFF, 0xFF, 0xFF, 0xFF, 0xFF, 0xFF, 0xFF,
        0xFF, 0xFF, 0xFF, 0xFF, 0xFF, 0x00, 0x00, 0x00, 0x00, 0x00, 0x00, 0x00, 0x00, 0x00, 0x80, 0x80,
        0x80, 0xFF, 0xFF, 0xFF, 0xFF, 0xFF, 0xFF, 0xFF, 0xFF, 0xFF, 0xFF, 0xFF, 0xFF, 0xFF, 0xFF, 0xFF,
        0xFF, 0xFF, 0xFF, 0xFF, 0xFF, 0xFF, 0xBF, 0xBF, 0xBF, 0x00, 0x00, 0x00, 0x00, 0x00, 0x00, 0x00,
        0x00, 0x00, 0x00, 0x00, 0x00, 0x00, 0x00, 0x00, 0x00, 0x00, 0x00, 0x00, 0x00, 0x00, 0xFF, 0xFF,
        0xFF, 0x80, 0x80, 0x80, 0x00, 0x00, 0x00, 0x00, 0x00, 0x00, 0x00, 0x00, 0x00, 0x00, 0x00, 0x00,
        0x00, 0x00, 0x00, 0x00, 0x00, 0x00, 0x80, 0x80, 0x80, 0xFF, 0xFF, 0xFF, 0xFF, 0xFF, 0xFF, 0xFF,
        0xFF, 0xFF, 0xFF, 0xFF, 0xFF, 0xFF, 0xFF, 0xFF, 0xFF, 0xFF, 0xFF, 0xFF, 0xFF, 0xFF, 0xBF, 0xBF,
        0xBF, 0x00, 0x00, 0x00, 0x00, 0x00, 0x00, 0x00, 0x00, 0x00, 0xBF, 0xBF, 0xBF, 0xFF, 0xFF, 0xFF,
        0xFF, 0xFF, 0xFF, 0xFF, 0xFF, 0xFF, 0xFF, 0xFF, 0xFF, 0xFF, 0xFF, 0xFF, 0xFF, 0xFF, 0xFF, 0xFF,
        0xFF, 0xFF, 0x80, 0x80, 0x80, 0x00, 0x00, 0x00, 0x00, 0x00, 0x00, 0x00, 0x00, 0x00, 0xFF, 0xFF,
        0xFF, 0xFF, 0xFF, 0xFF, 0xFF, 0xFF, 0xFF, 0xFF, 0xFF, 0xFF, 0xFF, 0xFF, 0xFF, 0xFF, 0xFF, 0xFF,
        0xFF, 0xFF, 0xFF, 0xFF, 0xFF, 0xFF, 0x80, 0x80, 0x80, 0x00, 0x00, 0x00, 0x00, 0x00, 0x00, 0x00,
        0x00, 0x00, 0x00, 0x00, 0x00, 0x00, 0x00, 0x00, 0x00, 0x00, 0x00, 0x80, 0x80, 0x80, 0xBF, 0xBF,
        0xBF, 0x00, 0x00, 0x00, 0x00, 0x00, 0x00, 0x00, 0x00, 0x00, 0x00, 0x00, 0x00, 0x00, 0x00, 0x00,
        0x00, 0x00, 0x00, 0x00, 0x00, 0x00, 0x00, 0x00, 0x00, 0x00, 0x00, 0x00, 0x00, 0x00, 0x00, 0x00,
        0x00, 0x00, 0x00, 0x00, 0x00, 0x00, 0x00, 0x00, 0x00, 0x00, 0x00, 0x00, 0x00, 0x00, 0xBF, 0xBF,
        0xBF, 0x80, 0x80, 0x80, 0x00, 0x00, 0x00, 0x00, 0x00, 0x00, 0x00, 0x00, 0x00, 0x00, 0x00, 0x00,
        0x00, 0x00, 0x00, 0x00, 0x00, 0x00, 0x40, 0x40, 0x40, 0xFF, 0xFF, 0xFF, 0xFF, 0xFF, 0xFF, 0xFF,
        0xFF, 0xFF, 0xFF, 0xFF, 0xFF, 0xFF, 0xFF, 0xFF, 0xFF, 0xFF, 0xFF, 0xFF, 0xFF, 0xFF, 0xFF, 0xFF,
        0xFF, 0x00, 0x00, 0x00, 0x00, 0x00, 0x00, 0x00, 0x00, 0x00, 0x80, 0x80, 0x80, 0xFF, 0xFF, 0xFF,
        0xFF, 0xFF, 0xFF, 0xFF, 0xFF, 0xFF, 0xFF, 0xFF, 0xFF, 0xFF, 0xFF, 0xFF, 0xFF, 0xFF, 0xFF, 0xFF,
        0xFF, 0xFF, 0xBF, 0xBF, 0xBF, 0x00, 0x00, 0x00, 0x00, 0x00, 0x00, 0x00, 0x00, 0x00, 0x00, 0x00,
        0x00, 0x00, 0x00, 0x00, 0x00, 0x00, 0x00, 0x00, 0x00, 0x00, 0xFF, 0xFF, 0xFF, 0x80, 0x80, 0x80,
        0x00, 0x00, 0x00, 0x00, 0x00, 0x00, 0x00, 0x00, 0x00, 0x00, 0x00, 0x00, 0x00, 0x00, 0x00, 0x00,
        0x00, 0x00, 0x80, 0x80, 0x80, 0xFF, 0xFF, 0xFF, 0xFF, 0xFF, 0xFF, 0xFF, 0xFF, 0xFF, 0xFF, 0xFF,
        0xFF, 0xFF, 0xFF, 0xFF, 0xFF, 0xFF, 0xFF, 0xFF, 0xFF, 0xFF, 0xBF, 0xBF, 0xBF, 0x00, 0x00, 0x00,
        0x00, 0x00, 0x00, 0x00, 0x00, 0x00, 0xBF, 0xBF, 0xBF, 0xFF, 0xFF, 0xFF, 0xFF, 0xFF, 0xFF, 0xFF,
        0xFF, 0xFF, 0xFF, 0xFF, 0xFF, 0xFF, 0xFF, 0xFF, 0xFF, 0xFF, 0xFF, 0xFF, 0xFF, 0xFF, 0x80, 0x80,
        0x80, 0x00, 0x00, 0x00, 0x00, 0x00, 0x00, 0x00, 0x00, 0x00, 0xFF, 0xFF, 0xFF, 0xFF, 0xFF, 0xFF,
        0xFF, 0xFF, 0xFF, 0xFF, 0xFF, 0xFF, 0xFF, 0xFF, 0xFF, 0xFF, 0xFF, 0xFF, 0xFF, 0xFF, 0xFF, 0xFF,
        0xFF, 0xFF, 0x80, 0x80, 0x80, 0x00, 0x00, 0x00, 0x00, 0x00, 0x00, 0x00, 0x00, 0x00, 0x00, 0x00,
        0x00, 0x00, 0x00, 0x00, 0x00, 0x00, 0x00, 0x80, 0x80, 0x80, 0xBF, 0xBF, 0xBF, 0x00, 0x00, 0x00,
        0x00, 0x00, 0x00, 0x00, 0x00, 0x00, 0x00, 0x00, 0x00, 0x00, 0x00, 0x00, 0x00, 0x00, 0x00, 0x00,
        0x00, 0x00, 0x00, 0x00, 0x00, 0x00, 0x00, 0x00, 0x00, 0x00, 0x00, 0x00, 0x00, 0x00, 0x00, 0x00,
        0x00, 0x00, 0x00, 0x00, 0x00, 0x00, 0x00, 0x00, 0x00, 0x00, 0xBF, 0xBF, 0xBF, 0x80, 0x80, 0x80,
        0x00, 0x00, 0x00, 0x00, 0x00, 0x00, 0x00, 0x00, 0x00, 0x00, 0x00, 0x00, 0x00, 0x00, 0x00, 0x00,
        0x00, 0x00, 0x40, 0x40, 0x40, 0xFF, 0xFF, 0xFF, 0xFF, 0xFF, 0xFF, 0xFF, 0xFF, 0xFF, 0xFF, 0xFF,
        0xFF, 0xFF, 0xFF, 0xFF, 0xFF, 0xFF, 0xFF, 0xFF, 0xFF, 0xFF, 0xFF, 0xFF, 0xFF, 0x00, 0x00, 0x00,
        0x00, 0x00, 0x00, 0x00, 0x00, 0x00, 0x80, 0x80, 0x80, 0xFF, 0xFF, 0xFF, 0xFF, 0xFF, 0xFF, 0xFF,
        0xFF, 0xFF, 0xFF, 0xFF, 0xFF, 0xFF, 0xFF, 0xFF, 0xFF, 0xFF, 0xFF, 0xFF, 0xFF, 0xFF, 0xBF, 0xBF,
        0xBF, 0x00, 0x00, 0x00, 0x00, 0x00, 0x00, 0x00, 0x00, 0x00, 0x00, 0x00, 0x00, 0x00, 0x00, 0x00,
        0x00, 0x00, 0x00, 0x00, 0x00, 0x00, 0xFF, 0xFF, 0xFF, 0x80, 0x80, 0x80, 0x00, 0x00, 0x00, 0x00,
        0x00, 0x00, 0x00, 0x00, 0x00, 0x00, 0x00, 0x00, 0x00, 0x00, 0x00, 0x00, 0x00, 0x00, 0x80, 0x80,
        0x80, 0xFF, 0xFF, 0xFF, 0xFF, 0xFF, 0xFF, 0xFF, 0xFF, 0xFF, 0xFF, 0xFF, 0xFF, 0xFF, 0xFF, 0xFF,
        0xFF, 0xFF, 0xFF, 0xFF, 0xFF, 0xFF, 0xBF, 0xBF, 0xBF, 0x00, 0x00, 0x00, 0x00, 0x00, 0x00, 0x00,
        0x00, 0x00, 0xBF, 0xBF, 0xBF, 0xFF, 0xFF, 0xFF, 0xFF, 0xFF, 0xFF, 0xFF, 0xFF, 0xFF, 0xFF, 0xFF,
        0xFF, 0xFF, 0xFF, 0xFF, 0xFF, 0xFF, 0xFF, 0xFF, 0xFF, 0xFF, 0x80, 0x80, 0x80, 0x00, 0x00, 0x00,
        0x00, 0x00, 0x00, 0x00, 0x00, 0x00, 0xFF, 0xFF, 0xFF, 0xFF, 0xFF, 0xFF, 0xFF, 0xFF, 0xFF, 0xFF,
        0xFF, 0xFF, 0xFF, 0xFF, 0xFF, 0xFF, 0xFF, 0xFF, 0xFF, 0xFF, 0xFF, 0xFF, 0xFF, 0xFF, 0x80, 0x80,
        0x80, 0x00, 0x00, 0x00, 0x00, 0x00, 0x00, 0x00, 0x00, 0x00, 0x00, 0x00, 0x00, 0x00, 0x00, 0x00,
        0x00, 0x00, 0x00, 0x80, 0x80, 0x80, 0xBF, 0xBF, 0xBF, 0x00, 0x00, 0x00, 0x00, 0x00, 0x00, 0x00,
        0x00, 0x00, 0x00, 0x00, 0x00, 0x00, 0x00, 0x00, 0x00, 0x00, 0x00, 0x00, 0x00, 0x00, 0x00, 0x00,
        0x00, 0x00, 0x00, 0x00, 0x00, 0x00, 0x00, 0x00, 0x00, 0x00, 0x00, 0x00, 0x00, 0x00, 0x00, 0x00,
        0x00, 0x00, 0x00, 0x00, 0x00, 0x00, 0xBF, 0xBF, 0xBF, 0x80, 0x80, 0x80, 0x00, 0x00, 0x00, 0x00,
        0x00, 0x00, 0x00, 0x00, 0x00, 0x00, 0x00, 0x00, 0x00, 0x00, 0x00, 0x00, 0x00, 0x00, 0x40, 0x40,
        0x40, 0xFF, 0xFF, 0xFF, 0xFF, 0xFF, 0xFF, 0xFF, 0xFF, 0xFF, 0xFF, 0xFF, 0xFF, 0xFF, 0xFF, 0xFF,
        0xFF, 0xFF, 0xFF, 0xFF, 0xFF, 0xFF, 0xFF, 0xFF, 0xFF, 0x00, 0x00, 0x00, 0x00, 0x00, 0x00, 0x00,
        0x00, 0x00, 0x80, 0x80, 0x80, 0xFF, 0xFF, 0xFF, 0xFF, 0xFF, 0xFF, 0xFF, 0xFF, 0xFF, 0xFF, 0xFF,
        0xFF, 0xFF, 0xFF, 0xFF, 0xFF, 0xFF, 0xFF, 0xFF, 0xFF, 0xFF, 0xBF, 0xBF, 0xBF, 0x00, 0x00, 0x00,
        0x00, 0x00, 0x00, 0x00, 0x00, 0x00, 0x00, 0x00, 0x00, 0x00, 0x00, 0x00, 0x00, 0x00, 0x00, 0x00,
        0x00, 0x00, 0xFF, 0xFF, 0xFF, 0x80, 0x80, 0x80, 0x00, 0x00, 0x00, 0x00, 0x00, 0x00, 0x00, 0x00,
        0x00, 0x00, 0x00, 0x00, 0x00, 0x00, 0x00, 0x00, 0x00, 0x00, 0x80, 0x80, 0x80, 0xFF, 0xFF, 0xFF,
        0xFF, 0xFF, 0xFF, 0xFF, 0xFF, 0xFF, 0xFF, 0xFF, 0xFF, 0xFF, 0xFF, 0xFF, 0xFF, 0xFF, 0xFF, 0xFF,
        0xFF, 0xFF, 0xBF, 0xBF, 0xBF, 0x00, 0x00, 0x00, 0x00, 0x00, 0x00, 0x00, 0x00, 0x00, 0xBF, 0xBF,
        0xBF, 0xFF, 0xFF, 0xFF, 0xFF, 0xFF, 0xFF, 0xFF, 0xFF, 0xFF, 0xFF, 0xFF, 0xFF, 0xFF, 0xFF, 0xFF,
        0xFF, 0xFF, 0xFF, 0xFF, 0xFF, 0xFF, 0x80, 0x80, 0x80, 0x00, 0x00, 0x00, 0x00, 0x00, 0x00, 0x00,
        0x00, 0x00, 0xFF, 0xFF, 0xFF, 0xFF, 0xFF, 0xFF, 0xFF, 0xFF, 0xFF, 0xFF, 0xFF, 0xFF, 0xFF, 0xFF,
        0xFF, 0xFF, 0xFF, 0xFF, 0xFF, 0xFF, 0xFF, 0xFF, 0xFF, 0xFF, 0x80, 0x80, 0x80, 0x00, 0x00, 0x00,
        0x00, 0x00, 0x00, 0x00, 0x00, 0x00, 0x00, 0x00, 0x00, 0x00, 0x00, 0x00, 0x00, 0x00, 0x00, 0x80,
        0x80, 0x80, 0xBF, 0xBF, 0xBF, 0x00, 0x00, 0x00, 0x00, 0x00, 0x00, 0x00, 0x00, 0x00, 0x00, 0x00,
        0x00, 0x00, 0x00, 0x00, 0x00, 0x00, 0x00, 0x00, 0x00, 0x00, 0x00, 0x00, 0x00, 0x00, 0x00, 0x00,
        0x00, 0x00, 0x00, 0x00, 0x00, 0x00, 0x00, 0x00, 0x00, 0x00, 0x00, 0x00, 0x00, 0x00, 0x00, 0x00,
        0x00, 0x00, 0xBF, 0xBF, 0xBF, 0x80, 0x80, 0x80, 0x00, 0x00, 0x00, 0x00, 0x00, 0x00, 0x00, 0x00,
        0x00, 0x00, 0x00, 0x00, 0x00, 0x00, 0x00, 0x00, 0x00, 0x00, 0x00, 0x00, 0x00, 0x00, 0x00, 0x00,
        0x00, 0x00, 0x00, 0x00, 0x00, 0x00, 0xFF, 0xFF, 0xFF, 0x80, 0x80, 0x80, 0x00, 0x00, 0x00, 0x00,
        0x00, 0x00, 0x00, 0x00, 0x00, 0x00, 0x00, 0x00, 0x00, 0x00, 0x00, 0x00, 0x00, 0x00, 0x00, 0x00,
        0x00, 0x00, 0x00, 0x00, 0x00, 0x00, 0x00, 0x00, 0x00, 0x00, 0xFF, 0xFF, 0xFF, 0x80, 0x80, 0x80,
        0x00, 0x00, 0x00, 0x00, 0x00, 0x00, 0x00, 0x00, 0x00, 0x00, 0x00, 0x00, 0x00, 0x00, 0x00, 0x00,
        0x00, 0x00, 0x00, 0x00, 0x00, 0x00, 0x00, 0x00, 0x00, 0x00, 0x00, 0x00, 0x00, 0x00, 0xFF, 0xFF,
        0xFF, 0x80, 0x80, 0x80, 0x00, 0x00, 0x00, 0x00, 0x00, 0x00, 0x00, 0x00, 0x00, 0x00, 0x00, 0x00,
        0x00, 0x00, 0x00, 0x00, 0x00, 0x00, 0x00, 0x00, 0x00, 0x00, 0x00, 0x00, 0x00, 0x00, 0x00, 0x00,
        0x00, 0x00, 0xFF, 0xFF, 0xFF, 0x40, 0x40, 0x40, 0x00, 0x00, 0x00, 0x00, 0x00, 0x00, 0x00, 0x00,
        0x00, 0x00, 0x00, 0x00, 0x00, 0x00, 0x00, 0x00, 0x00, 0x00, 0x00, 0x00, 0x00, 0x00, 0x00, 0x00,
        0x00, 0x00, 0x00, 0x40, 0x40, 0x40, 0xFF, 0xFF, 0xFF, 0x00, 0x00, 0x00, 0x00, 0x00, 0x00, 0x00,
        0x00, 0x00, 0x00, 0x00, 0x00, 0x00, 0x00, 0x00, 0x00, 0x00, 0x00, 0x00, 0x00, 0x00, 0x00, 0x00,
        0x00, 0x00, 0x00, 0x00, 0x00, 0x00, 0x00, 0x80, 0x80, 0x80, 0xFF, 0xFF, 0xFF, 0x00, 0x00, 0x00,
        0x00, 0x00, 0x00, 0x00, 0x00, 0x00, 0x00, 0x00, 0x00, 0x00, 0x00, 0x00, 0x00, 0x00, 0x00, 0x00,
        0x00, 0x00, 0x00, 0x00, 0x00, 0x00, 0x00, 0x00, 0x00, 0x00, 0x00, 0x80, 0x80, 0x80, 0xBF, 0xBF,
        0xBF, 0x00, 0x00, 0x00, 0x00, 0x00, 0x00, 0x00, 0x00, 0x00, 0x00, 0x00, 0x00, 0x00, 0x00, 0x00,
        0x00, 0x00, 0x00, 0x00, 0x00, 0x00, 0x00, 0x00, 0x00, 0x00, 0x00, 0x00, 0x00, 0x00, 0x00, 0x00,
        0x00, 0x00, 0x00, 0x00, 0x00, 0x00, 0x00, 0x00, 0x00, 0x00, 0x00, 0x00, 0x00, 0x00, 0xBF, 0xBF,
        0xBF, 0x80, 0x80, 0x80, 0x00, 0x00, 0x00, 0x00, 0x00, 0x00, 0x00, 0x00, 0x00, 0x00, 0x00, 0x00,
        0x00, 0x00, 0x00, 0x00, 0x00, 0x00, 0x00, 0x00, 0x00, 0x00, 0x00, 0x00, 0x00, 0x00, 0x00, 0x00,
        0x00, 0x00, 0xFF, 0xFF, 0xFF, 0x80, 0x80, 0x80, 0x00, 0x00, 0x00, 0x00, 0x00, 0x00, 0x00, 0x00,
        0x00, 0x00, 0x00, 0x00, 0x00, 0x00, 0x00, 0x00, 0x00, 0x00, 0x00, 0x00, 0x00, 0x00, 0x00, 0x00,
        0x00, 0x00, 0x00, 0x00, 0x00, 0x00, 0xFF, 0xFF, 0xFF, 0x80, 0x80, 0x80, 0x00, 0x00, 0x00, 0x00,
        0x00, 0x00, 0x00, 0x00, 0x00, 0x00, 0x00, 0x00, 0x00, 0x00, 0x00, 0x00, 0x00, 0x00, 0x00, 0x00,
        0x00, 0x00, 0x00, 0x00, 0x00, 0x00, 0x00, 0x00, 0x00, 0x00, 0xFF, 0xFF, 0xFF, 0x80, 0x80, 0x80,
        0x00, 0x00, 0x00, 0x00, 0x00, 0x00, 0x00, 0x00, 0x00, 0x00, 0x00, 0x00, 0x00, 0x00, 0x00, 0x00,
        0x00, 0x00, 0x00, 0x00, 0x00, 0x00, 0x00, 0x00, 0x00, 0x00, 0x00, 0x00, 0x00, 0x00, 0xFF, 0xFF,
        0xFF, 0x40, 0x40, 0x40, 0x00, 0x00, 0x00, 0x00, 0x00, 0x00, 0x00, 0x00, 0x00, 0x00, 0x00, 0x00,
        0x00, 0x00, 0x00, 0x00, 0x00, 0x00, 0x00, 0x00, 0x00, 0x00, 0x00, 0x00, 0x00, 0x00, 0x00, 0x40,
        0x40, 0x40, 0xFF, 0xFF, 0xFF, 0x00, 0x00, 0x00, 0x00, 0x00, 0x00, 0x00, 0x00, 0x00, 0x00, 0x00,
        0x00, 0x00, 0x00, 0x00, 0x00, 0x00, 0x00, 0x00, 0x00, 0x00, 0x00, 0x00, 0x00, 0x00, 0x00, 0x00,
        0x00, 0x00, 0x00, 0x80, 0x80, 0x80, 0xFF, 0xFF, 0xFF, 0x00, 0x00, 0x00, 0x00, 0x00, 0x00, 0x00,
        0x00, 0x00, 0x00, 0x00, 0x00, 0x00, 0x00, 0x00, 0x00, 0x00, 0x00, 0x00, 0x00, 0x00, 0x00, 0x00,
        0x00, 0x00, 0x00, 0x00, 0x00, 0x00, 0x00, 0x80, 0x80, 0x80, 0xBF, 0xBF, 0xBF, 0x00, 0x00, 0x00,
        0x00, 0x00, 0x00, 0x00, 0x00, 0x00, 0x00, 0x00, 0x00, 0x00, 0x00, 0x00, 0x00, 0x00, 0x00, 0x00,
        0x00, 0x00, 0x00, 0x00, 0x00, 0x00, 0x00, 0x00, 0x00, 0x00, 0x00, 0x00, 0x00, 0x00, 0x00, 0x00,
        0x00, 0x00, 0x00, 0x00, 0x00, 0x00, 0x00, 0x00, 0x00, 0x00, 0xBF, 0xBF, 0xBF, 0x80, 0x80, 0x80,
        0x00, 0x00, 0x00, 0x00, 0x00, 0x00, 0x00, 0x00, 0x00, 0x00, 0x00, 0x00, 0x00, 0x00, 0x00, 0x00,
        0x00, 0x00, 0x00, 0x00, 0x00, 0x00, 0x00, 0x00, 0x00, 0x00, 0x00, 0x00, 0x00, 0x00, 0xFF, 0xFF,
        0xFF, 0x80, 0x80, 0x80, 0x00, 0x00, 0x00, 0x00, 0x00, 0x00, 0x00, 0x00, 0x00, 0x00, 0x00, 0x00,
        0x00, 0x00, 0x00, 0x00, 0x00, 0x00, 0x00, 0x00, 0x00, 0x00, 0x00, 0x00, 0x00, 0x00, 0x00, 0x00,
        0x00, 0x00, 0xFF, 0xFF, 0xFF, 0x80, 0x80, 0x80, 0x00, 0x00, 0x00, 0x00, 0x00, 0x00, 0x00, 0x00,
        0x00, 0x00, 0x00, 0x00, 0x00, 0x00, 0x00, 0x00, 0x00, 0x00, 0x00, 0x00, 0x00, 0x00, 0x00, 0x00,
        0x00, 0x00, 0x00, 0x00, 0x00, 0x00, 0xFF, 0xFF, 0xFF, 0x80, 0x80, 0x80, 0x00, 0x00, 0x00, 0x00,
        0x00, 0x00, 0x00, 0x00, 0x00, 0x00, 0x00, 0x00, 0x00, 0x00, 0x00, 0x00, 0x00, 0x00, 0x00, 0x00,
        0x00, 0x00, 0x00, 0x00, 0x00, 0x00, 0x00, 0x00, 0x00, 0x00, 0xFF, 0xFF, 0xFF, 0x40, 0x40, 0x40,
        0x00, 0x00, 0x00, 0x00, 0x00, 0x00, 0x00, 0x00, 0x00, 0x00, 0x00, 0x00, 0x00, 0x00, 0x00, 0x00,
        0x00, 0x00, 0x00, 0x00, 0x00, 0x00, 0x00, 0x00, 0x00, 0x00, 0x00, 0x40, 0x40, 0x40, 0xFF, 0xFF,
        0xFF, 0x00, 0x00, 0x00, 0x00, 0x00, 0x00, 0x00, 0x00, 0x00, 0x00, 0x00, 0x00, 0x00, 0x00, 0x00,
        0x00, 0x00, 0x00, 0x00, 0x00, 0x00, 0x00, 0x00, 0x00, 0x00, 0x00, 0x00, 0x00, 0x00, 0x00, 0x80,
        0x80, 0x80, 0xFF, 0xFF, 0xFF, 0x00, 0x00, 0x00, 0x00, 0x00, 0x00, 0x00, 0x00, 0x00, 0x00, 0x00,
        0x00, 0x00, 0x00, 0x00, 0x00, 0x00, 0x00, 0x00, 0x00, 0x00, 0x00, 0x00, 0x00, 0x00, 0x00, 0x00,
        0x00, 0x00, 0x00, 0x80, 0x80, 0x80, 0xBF, 0xBF, 0xBF, 0x00, 0x00, 0x00, 0x00, 0x00, 0x00, 0x00,
        0x00, 0x00, 0x00, 0x00, 0x00, 0x00, 0x00, 0x00, 0x00, 0x00, 0x00, 0x00, 0x00, 0x00, 0x00, 0x00,
        0x00, 0x00, 0x00, 0x00, 0x00, 0x00, 0x00, 0x00, 0x00, 0x00, 0x00, 0x00, 0x00, 0x00, 0x00, 0x00,
        0x00, 0x00, 0x00, 0x00, 0x00, 0x00, 0xBF, 0xBF, 0xBF, 0x80, 0x80, 0x80, 0x00, 0x00, 0x00, 0x00,
        0x00, 0x00, 0x00, 0x00, 0x00, 0x00, 0x00, 0x00, 0x00, 0x00, 0x00, 0x00, 0x00, 0x00, 0x00, 0x00,
        0x00, 0x00, 0x00, 0x00, 0x00, 0x00, 0x00, 0x00, 0x00, 0x00, 0xFF, 0xFF, 0xFF, 0x80, 0x80, 0x80,
        0x00, 0x00, 0x00, 0x00, 0x00, 0x00, 0x00, 0x00, 0x00, 0x00, 0x00, 0x00, 0x00, 0x00, 0x00, 0x00,
        0x00, 0x00, 0x00, 0x00, 0x00, 0x00, 0x00, 0x00, 0x00, 0x00, 0x00, 0x00, 0x00, 0x00, 0xFF, 0xFF,
        0xFF, 0x80, 0x80, 0x80, 0x00, 0x00, 0x00, 0x00, 0x00, 0x00, 0x00, 0x00, 0x00, 0x00, 0x00, 0x00,
        0x00, 0x00, 0x00, 0x00, 0x00, 0x00, 0x00, 0x00, 0x00, 0x00, 0x00, 0x00, 0x00, 0x00, 0x00, 0x00,
        0x00, 0x00, 0xFF, 0xFF, 0xFF, 0x80, 0x80, 0x80, 0x00, 0x00, 0x00, 0x00, 0x00, 0x00, 0x00, 0x00,
        0x00, 0x00, 0x00, 0x00, 0x00, 0x00, 0x00, 0x00, 0x00, 0x00, 0x00, 0x00, 0x00, 0x00, 0x00, 0x00,
        0x00, 0x00, 0x00, 0x00, 0x00, 0x00, 0xFF, 0xFF, 0xFF, 0x40, 0x40, 0x40, 0x00, 0x00, 0x00, 0x00,
        0x00, 0x00, 0x00, 0x00, 0x00, 0x00, 0x00, 0x00, 0x00, 0x00, 0x00, 0x00, 0x00, 0x00, 0x00, 0x00,
        0x00, 0x00, 0x00, 0x00, 0x00, 0x00, 0x00, 0x40, 0x40, 0x40, 0xFF, 0xFF, 0xFF, 0x00, 0x00, 0x00,
        0x00, 0x00, 0x00, 0x00, 0x00, 0x00, 0x00, 0x00, 0x00, 0x00, 0x00, 0x00, 0x00, 0x00, 0x00, 0x00,
        0x00, 0x00, 0x00, 0x00, 0x00, 0x00, 0x00, 0x00, 0x00, 0x00, 0x00, 0x80, 0x80, 0x80, 0xFF, 0xFF,
        0xFF, 0x00, 0x00, 0x00, 0x00, 0x00, 0x00, 0x00, 0x00, 0x00, 0x00, 0x00, 0x00, 0x00, 0x00, 0x00,
        0x00, 0x00, 0x00, 0x00, 0x00, 0x00, 0x00, 0x00, 0x00, 0x00, 0x00, 0x00, 0x00, 0x00, 0x00, 0x80,
        0x80, 0x80, 0xBF, 0xBF, 0xBF, 0x00, 0x00, 0x00, 0x00, 0x00, 0x00, 0x00, 0x00, 0x00, 0x00, 0x00,
        0x00, 0x00, 0x00, 0x00, 0x00, 0x00, 0x00, 0x00, 0x00, 0x00, 0x00, 0x00, 0x00, 0x00, 0x00, 0x00,
        0x00, 0x00, 0x00, 0x00, 0x00, 0x00, 0x00, 0x00, 0x00, 0x00, 0x00, 0x00, 0x00, 0x00, 0x00, 0x00,
        0x00, 0x00, 0xBF, 0xBF, 0xBF, 0x80, 0x80, 0x80, 0x00, 0x00, 0x00, 0x00, 0x00, 0x00, 0x00, 0x00,
        0x00, 0x00, 0x00, 0x00, 0x00, 0x00, 0x00, 0x00, 0x00, 0x00, 0x00, 0x00, 0x00, 0x00, 0x00, 0x00,
        0x00, 0x00, 0x00, 0x00, 0x00, 0x00, 0xFF, 0xFF, 0xFF, 0x80, 0x80, 0x80, 0x00, 0x00, 0x00, 0x00,
        0x00, 0x00, 0x00, 0x00, 0x00, 0x00, 0x00, 0x00, 0x00, 0x00, 0x00, 0x00, 0x00, 0x00, 0x00, 0x00,
        0x00, 0x00, 0x00, 0x00, 0x00, 0x00, 0x00, 0x00, 0x00, 0x00, 0xFF, 0xFF, 0xFF, 0x80, 0x80, 0x80,
        0x00, 0x00, 0x00, 0x00, 0x00, 0x00, 0x00, 0x00, 0x00, 0x00, 0x00, 0x00, 0x00, 0x00, 0x00, 0x00,
        0x00, 0x00, 0x00, 0x00, 0x00, 0x00, 0x00, 0x00, 0x00, 0x00, 0x00, 0x00, 0x00, 0x00, 0xFF, 0xFF,
        0xFF, 0x80, 0x80, 0x80, 0x00, 0x00, 0x00, 0x00, 0x00, 0x00, 0x00, 0x00, 0x00, 0x00, 0x00, 0x00,
        0x00, 0x00, 0x00, 0x00, 0x00, 0x00, 0x00, 0x00, 0x00, 0x00, 0x00, 0x00, 0x00, 0x00, 0x00, 0x00,
        0x00, 0x00, 0xFF, 0xFF, 0xFF, 0x40, 0x40, 0x40, 0x00, 0x00, 0x00, 0x00, 0x00, 0x00, 0x00, 0x00,
        0x00, 0x00, 0x00, 0x00, 0x00, 0x00, 0x00, 0x00, 0x00, 0x00, 0x00, 0x00, 0x00, 0x00, 0x00, 0x00,
        0x00, 0x00, 0x00, 0x40, 0x40, 0x40, 0xFF, 0xFF, 0xFF, 0x00, 0x00, 0x00, 0x00, 0x00, 0x00, 0x00,
        0x00, 0x00, 0x00, 0x00, 0x00, 0x00, 0x00, 0x00, 0x00, 0x00, 0x00, 0x00, 0x00, 0x00, 0x00, 0x00,
        0x00, 0x00, 0x00, 0x00, 0x00, 0x00, 0x00, 0x80, 0x80, 0x80, 0xFF, 0xFF, 0xFF, 0x00, 0x00, 0x00,
        0x00, 0x00, 0x00, 0x00, 0x00, 0x00, 0x00, 0x00, 0x00, 0x00, 0x00, 0x00, 0x00, 0x00, 0x00, 0x00,
        0x00, 0x00, 0x00, 0x00, 0x00, 0x00, 0x00, 0x00, 0x00, 0x00, 0x00, 0x80, 0x80, 0x80, 0xBF, 0xBF,
        0xBF, 0x00, 0x00, 0x00, 0x00, 0x00, 0x00, 0x00, 0x00, 0x00, 0x00, 0x00, 0x00, 0x00, 0x00, 0x00,
        0x00, 0x00, 0x00, 0x00, 0x00, 0x00, 0x00, 0x00, 0x00, 0x00, 0x00, 0x00, 0x00, 0x00, 0x00, 0x00,
        0x00, 0x00, 0x00, 0x00, 0x00, 0x00, 0x00, 0x00, 0x00, 0x00, 0x00, 0x00, 0x00, 0x00, 0xBF, 0xBF,
        0xBF, 0x80, 0x80, 0x80, 0x00, 0x00, 0x00, 0x00, 0x00, 0x00, 0x00, 0x00, 0x00, 0x00, 0x00, 0x00,
        0x00, 0x00, 0x00, 0x00, 0x00, 0x00, 0x00, 0x00, 0x00, 0x00, 0x00, 0x00, 0x00, 0x00, 0x00, 0x00,
        0x00, 0x00, 0xFF, 0xFF, 0xFF, 0x80, 0x80, 0x80, 0x00, 0x00, 0x00, 0x00, 0x00, 0x00, 0x00, 0x00,
        0x00, 0x00, 0x00, 0x00, 0x00, 0x00, 0x00, 0x00, 0x00, 0x00, 0x00, 0x00, 0x00, 0x00, 0x00, 0x00,
        0x00, 0x00, 0x00, 0x00, 0x00, 0x00, 0xFF, 0xFF, 0xFF, 0x80, 0x80, 0x80, 0x00, 0x00, 0x00, 0x00,
        0x00, 0x00, 0x00, 0x00, 0x00, 0x00, 0x00, 0x00, 0x00, 0x00, 0x00, 0x00, 0x00, 0x00, 0x00, 0x00,
        0x00, 0x00, 0x00, 0x00, 0x00, 0x00, 0x00, 0x00, 0x00, 0x00, 0xFF, 0xFF, 0xFF, 0x80, 0x80, 0x80,
        0x00, 0x00, 0x00, 0x00, 0x00, 0x00, 0x00, 0x00, 0x00, 0x00, 0x00, 0x00, 0x00, 0x00, 0x00, 0x00,
        0x00, 0x00, 0x00, 0x00, 0x00, 0x00, 0x00, 0x00, 0x00, 0x00, 0x00, 0x00, 0x00, 0x00, 0xFF, 0xFF,
        0xFF, 0x40, 0x40, 0x40, 0x00, 0x00, 0x00, 0x00, 0x00, 0x00, 0x00, 0x00, 0x00, 0x00, 0x00, 0x00,
        0x00, 0x00, 0x00, 0x00, 0x00, 0x00, 0x00, 0x00, 0x00, 0x00, 0x00, 0x00, 0x00, 0x00, 0x00, 0x40,
        0x40, 0x40, 0xFF, 0xFF, 0xFF, 0x00, 0x00, 0x00, 0x00, 0x00, 0x00, 0x00, 0x00, 0x00, 0x00, 0x00,
        0x00, 0x00, 0x00, 0x00, 0x00, 0x00, 0x00, 0x00, 0x00, 0x00, 0x00, 0x00, 0x00, 0x00, 0x00, 0x00,
        0x00, 0x00, 0x00, 0x80, 0x80, 0x80, 0xFF, 0xFF, 0xFF, 0x00, 0x00, 0x00, 0x00, 0x00, 0x00, 0x00,
        0x00, 0x00, 0x00, 0x00, 0x00, 0x00, 0x00, 0x00, 0x00, 0x00, 0x00, 0x00, 0x00, 0x00, 0x00, 0x00,
        0x00, 0x00, 0x00, 0x00, 0x00, 0x00, 0x00, 0x80, 0x80, 0x80, 0xBF, 0xBF, 0xBF, 0x00, 0x00, 0x00,
        0x00, 0x00, 0x00, 0x00, 0x00, 0x00, 0x00, 0x00, 0x00, 0x00, 0x00, 0x00, 0x00, 0x00, 0x00, 0x00,
        0x00, 0x00, 0x00, 0x00, 0x00, 0x00, 0x00, 0x00, 0x00, 0x00, 0x00, 0x00, 0x00, 0x00, 0x00, 0x00,
        0x00, 0x00, 0x00, 0x00, 0x00, 0x00, 0x00, 0x00, 0x00, 0x00, 0xBF, 0xBF, 0xBF, 0x80, 0x80, 0x80,
        0x00, 0x00, 0x00, 0x00, 0x00, 0x00, 0x00, 0x00, 0x00, 0x00, 0x00, 0x00, 0x00, 0x00, 0x00, 0x00,
        0x00, 0x00, 0x00, 0x00, 0x00, 0x00, 0x00, 0x00, 0x00, 0x00, 0x00, 0x00, 0x00, 0x00, 0xFF, 0xFF,
        0xFF, 0x80, 0x80, 0x80, 0x00, 0x00, 0x00, 0x00, 0x00, 0x00, 0x00, 0x00, 0x00, 0x00, 0x00, 0x00,
        0x00, 0x00, 0x00, 0x00, 0x00, 0x00, 0x00, 0x00, 0x00, 0x00, 0x00, 0x00, 0x00, 0x00, 0x00, 0x00,
        0x00, 0x00, 0xFF, 0xFF, 0xFF, 0x80, 0x80, 0x80, 0x00, 0x00, 0x00, 0x00, 0x00, 0x00, 0x00, 0x00,
        0x00, 0x00, 0x00, 0x00, 0x00, 0x00, 0x00, 0x00, 0x00, 0x00, 0x00, 0x00, 0x00, 0x00, 0x00, 0x00,
        0x00, 0x00, 0x00, 0x00, 0x00, 0x00, 0xFF, 0xFF, 0xFF, 0x80, 0x80, 0x80, 0x00, 0x00, 0x00, 0x00,
        0x00, 0x00, 0x00, 0x00, 0x00, 0x00, 0x00, 0x00, 0x00, 0x00, 0x00, 0x00, 0x00, 0x00, 0x00, 0x00,
        0x00, 0x00, 0x00, 0x00, 0x00, 0x00, 0x00, 0x00, 0x00, 0x00, 0xFF, 0xFF, 0xFF, 0x40, 0x40, 0x40,
        0x00, 0x00, 0x00, 0x00, 0x00, 0x00, 0x00, 0x00, 0x00, 0x00, 0x00, 0x00, 0x00, 0x00, 0x00, 0x00,
        0x00, 0x00, 0x00, 0x00, 0x00, 0x00, 0x00, 0x00, 0x00, 0x00, 0x00, 0x40, 0x40, 0x40, 0xFF, 0xFF,
        0xFF, 0x00, 0x00, 0x00, 0x00, 0x00, 0x00, 0x00, 0x00, 0x00, 0x00, 0x00, 0x00, 0x00, 0x00, 0x00,
        0x00, 0x00, 0x00, 0x00, 0x00, 0x00, 0x00, 0x00, 0x00, 0x00, 0x00, 0x00, 0x00, 0x00, 0x00, 0x80,
        0x80, 0x80, 0xFF, 0xFF, 0xFF, 0x00, 0x00, 0x00, 0x00, 0x00, 0x00, 0x00, 0x00, 0x00, 0x00, 0x00,
        0x00, 0x00, 0x00, 0x00, 0x00, 0x00, 0x00, 0x00, 0x00, 0x00, 0x00, 0x00, 0x00, 0x00, 0x00, 0x00,
        0x00, 0x00, 0x00, 0x80, 0x80, 0x80, 0xBF, 0xBF, 0xBF, 0x00, 0x00, 0x00, 0x00, 0x00, 0x00, 0x00,
        0x00, 0x00, 0x00, 0x00, 0x00, 0x00, 0x00, 0x00, 0x00, 0x00, 0x00, 0x00, 0x00, 0x00, 0x00, 0x00,
        0x00, 0x00, 0x00, 0x00, 0x00, 0x00, 0x00, 0x00, 0x00, 0x00, 0x00, 0x00, 0x00, 0x00, 0x00, 0x00,
        0x00, 0x00, 0x00, 0x00, 0x00, 0x00, 0xBF, 0xBF, 0xBF, 0x80, 0x80, 0x80, 0x00, 0x00, 0x00, 0x00,
        0x00, 0x00, 0x00, 0x00, 0x00, 0x00, 0x00, 0x00, 0x00, 0x00, 0x00, 0x00, 0x00, 0x00, 0x00, 0x00,
        0x00, 0x00, 0x00, 0x00, 0x00, 0x00, 0x00, 0x00, 0x00, 0x00, 0xFF, 0xFF, 0xFF, 0x80, 0x80, 0x80,
        0x00, 0x00, 0x00, 0x00, 0x00, 0x00, 0x00, 0x00, 0x00, 0x00, 0x00, 0x00, 0x00, 0x00, 0x00, 0x00,
        0x00, 0x00, 0x00, 0x00, 0x00, 0x00, 0x00, 0x00, 0x00, 0x00, 0x00, 0x00, 0x00, 0x00, 0xFF, 0xFF,
        0xFF, 0x80, 0x80, 0x80, 0x00, 0x00, 0x00, 0x00, 0x00, 0x00, 0x00, 0x00, 0x00, 0x00, 0x00, 0x00,
        0x00, 0x00, 0x00, 0x00, 0x00, 0x00, 0x00, 0x00, 0x00, 0x00, 0x00, 0x00, 0x00, 0x00, 0x00, 0x00,
        0x00, 0x00, 0xFF, 0xFF, 0xFF, 0x80, 0x80, 0x80, 0x00, 0x00, 0x00, 0x00, 0x00, 0x00, 0x00, 0x00,
        0x00, 0x00, 0x00, 0x00, 0x00, 0x00, 0x00, 0x00, 0x00, 0x00, 0x00, 0x00, 0x00, 0x00, 0x00, 0x00,
        0x00, 0x00, 0x00, 0x00, 0x00, 0x00, 0xFF, 0xFF, 0xFF, 0x40, 0x40, 0x40, 0x00, 0x00, 0x00, 0x00,
        0x00, 0x00, 0x00, 0x00, 0x00, 0x00, 0x00, 0x00, 0x00, 0x00, 0x00, 0x00, 0x00, 0x00, 0x00, 0x00,
        0x00, 0x00, 0x00, 0x00, 0x00, 0x00, 0x00, 0x40, 0x40, 0x40, 0xFF, 0xFF, 0xFF, 0x00, 0x00, 0x00,
        0x00, 0x00, 0x00, 0x00, 0x00, 0x00, 0x00, 0x00, 0x00, 0x00, 0x00, 0x00, 0x00, 0x00, 0x00, 0x00,
        0x00, 0x00, 0x00, 0x00, 0x00, 0x00, 0x00, 0x00, 0x00, 0x00, 0x00, 0x80, 0x80, 0x80, 0xFF, 0xFF,
        0xFF, 0x00, 0x00, 0x00, 0x00, 0x00, 0x00, 0x00, 0x00, 0x00, 0x00, 0x00, 0x00, 0x00, 0x00, 0x00,
        0x00, 0x00, 0x00, 0x00, 0x00, 0x00, 0x00, 0x00, 0x00, 0x00, 0x00, 0x00, 0x00, 0x00, 0x00, 0x80,
        0x80, 0x80, 0xBF, 0xBF, 0xBF, 0x00, 0x00, 0x00, 0x00, 0x00, 0x00, 0x00, 0x00, 0x00, 0x00, 0x00,
        0x00, 0x00, 0x00, 0x00, 0x00, 0x00, 0x00, 0x00, 0x00, 0x00, 0x00, 0x00, 0x00, 0x00, 0x00, 0x00,
        0x00, 0x00, 0x00, 0x00, 0x00, 0x00, 0x00, 0x00, 0x00, 0x00, 0x00, 0x00, 0x00, 0x00, 0x00, 0x00,
        0x00, 0x00, 0xBF, 0xBF, 0xBF, 0x80, 0x80, 0x80, 0x00, 0x00, 0x00, 0x00, 0x00, 0x00, 0x00, 0x00,
        0x00, 0x00, 0x00, 0x00, 0x00, 0x00, 0x00, 0x00, 0x00, 0x00, 0x00, 0x00, 0x00, 0x00, 0x00, 0x00,
        0x00, 0x00, 0x00, 0x00, 0x00, 0x00, 0xFF, 0xFF, 0xFF, 0x80, 0x80, 0x80, 0x00, 0x00, 0x00, 0x00,
        0x00, 0x00, 0x00, 0x00, 0x00, 0x00, 0x00, 0x00, 0x00, 0x00, 0x00, 0x00, 0x00, 0x00, 0x00, 0x00,
        0x00, 0x00, 0x00, 0x00, 0x00, 0x00, 0x00, 0x00, 0x00, 0x00, 0xFF, 0xFF, 0xFF, 0x80, 0x80, 0x80,
        0x00, 0x00, 0x00, 0x00, 0x00, 0x00, 0x00, 0x00, 0x00, 0x00, 0x00, 0x00, 0x00, 0x00, 0x00, 0x00,
        0x00, 0x00, 0x00, 0x00, 0x00, 0x00, 0x00, 0x00, 0x00, 0x00, 0x00, 0x00, 0x00, 0x00, 0xFF, 0xFF,
        0xFF, 0x80, 0x80, 0x80, 0x00, 0x00, 0x00, 0x00, 0x00, 0x00, 0x00, 0x00, 0x00, 0x00, 0x00, 0x00,
        0x00, 0x00, 0x00, 0x00, 0x00, 0x00, 0x00, 0x00, 0x00, 0x00, 0x00, 0x00, 0x00, 0x00, 0x00, 0x00,
        0x00, 0x00, 0xFF, 0xFF, 0xFF, 0x40, 0x40, 0x40, 0x00, 0x00, 0x00, 0x00, 0x00, 0x00, 0x00, 0x00,
        0x00, 0x00, 0x00, 0x00, 0x00, 0x00, 0x00, 0x00, 0x00, 0x00, 0x00, 0x00, 0x00, 0x00, 0x00, 0x00,
        0x00, 0x00, 0x00, 0x40, 0x40, 0x40, 0xFF, 0xFF, 0xFF, 0x00, 0x00, 0x00, 0x00, 0x00, 0x00, 0x00,
        0x00, 0x00, 0x00, 0x00, 0x00, 0x00, 0x00, 0x00, 0x00, 0x00, 0x00, 0x00, 0x00, 0x00, 0x00, 0x00,
        0x00, 0x00, 0x00, 0x00, 0x00, 0x00, 0x00, 0x80, 0x80, 0x80, 0xFF, 0xFF, 0xFF, 0x00, 0x00, 0x00,
        0x00, 0x00, 0x00, 0x00, 0x00, 0x00, 0x00, 0x00, 0x00, 0x00, 0x00, 0x00, 0x00, 0x00, 0x00, 0x00,
        0x00, 0x00, 0x00, 0x00, 0x00, 0x00, 0x00, 0x00, 0x00, 0x00, 0x00, 0x80, 0x80, 0x80, 0xBF, 0xBF,
        0xBF, 0x00, 0x00, 0x00, 0x00, 0x00, 0x00, 0x00, 0x00, 0x00, 0x00, 0x00, 0x00, 0x00, 0x00, 0x00,
        0x00, 0x00, 0x00, 0x00, 0x00, 0x00, 0x00, 0x00, 0x00, 0x00, 0x00, 0x00, 0x00, 0x00, 0x00, 0x00,
        0x00, 0x00, 0x00, 0x00, 0x00, 0x00, 0x00, 0x00, 0x00, 0x00, 0x00, 0x00, 0x00, 0x00, 0xBF, 0xBF,
        0xBF, 0x80, 0x80, 0x80, 0x00, 0x00, 0x00, 0x00, 0x00, 0x00, 0x00, 0x00, 0x00, 0x00, 0x00, 0x00,
        0x00, 0x00, 0x00, 0x00, 0x00, 0x00, 0x00, 0x00, 0x00, 0x00, 0x00, 0x00, 0x00, 0x00, 0x00, 0x00,
        0x00, 0x00, 0xFF, 0xFF, 0xFF, 0x80, 0x80, 0x80, 0x00, 0x00, 0x00, 0x00, 0x00, 0x00, 0x00, 0x00,
        0x00, 0x00, 0x00, 0x00, 0x00, 0x00, 0x00, 0x00, 0x00, 0x00, 0x00, 0x00, 0x00, 0x00, 0x00, 0x00,
        0x00, 0x00, 0x00, 0x00, 0x00, 0x00, 0xFF, 0xFF, 0xFF, 0x80, 0x80, 0x80, 0x00, 0x00, 0x00, 0x00,
        0x00, 0x00, 0x00, 0x00, 0x00, 0x00, 0x00, 0x00, 0x00, 0x00, 0x00, 0x00, 0x00, 0x00, 0x00, 0x00,
        0x00, 0x00, 0x00, 0x00, 0x00, 0x00, 0x00, 0x00, 0x00, 0x00, 0xFF, 0xFF, 0xFF, 0x80, 0x80, 0x80,
        0x00, 0x00, 0x00, 0x00, 0x00, 0x00, 0x00, 0x00, 0x00, 0x00, 0x00, 0x00, 0x00, 0x00, 0x00, 0x00,
        0x00, 0x00, 0x00, 0x00, 0x00, 0x00, 0x00, 0x00, 0x00, 0x00, 0x00, 0x00, 0x00, 0x00, 0xFF, 0xFF,
        0xFF, 0x40, 0x40, 0x40, 0x00, 0x00, 0x00, 0x00, 0x00, 0x00, 0x00, 0x00, 0x00, 0x00, 0x00, 0x00,
        0x00, 0x00, 0x00, 0x00, 0x00, 0x00, 0x00, 0x00, 0x00, 0x00, 0x00, 0x00, 0x00, 0x00, 0x00, 0x40,
        0x40, 0x40, 0xFF, 0xFF, 0xFF, 0x00, 0x00, 0x00, 0x00, 0x00, 0x00, 0x00, 0x00, 0x00, 0x00, 0x00,
        0x00, 0x00, 0x00, 0x00, 0x00, 0x00, 0x00, 0x00, 0x00, 0x00, 0x00, 0x00, 0x00, 0x00, 0x00, 0x00,
        0x00, 0x00, 0x00, 0x80, 0x80, 0x80, 0xFF, 0xFF, 0xFF, 0x00, 0x00, 0x00, 0x00, 0x00, 0x00, 0x00,
        0x00, 0x00, 0x00, 0x00, 0x00, 0x00, 0x00, 0x00, 0x00, 0x00, 0x00, 0x00, 0x00, 0x00, 0x00, 0x00,
        0x00, 0x00, 0x00, 0x00, 0x00, 0x00, 0x00, 0x80, 0x80, 0x80, 0xBF, 0xBF, 0xBF, 0x00, 0x00, 0x00,
        0x00, 0x00, 0x00, 0x00, 0x00, 0x00, 0x00, 0x00, 0x00, 0x00, 0x00, 0x00, 0x00, 0x00, 0x00, 0x00,
        0x00, 0x00, 0x00, 0x00, 0x00, 0x00, 0x00, 0x00, 0x00, 0x00, 0x00, 0x00, 0x00, 0x00, 0x00, 0x00,
        0x00, 0x00, 0x00, 0x00, 0x00, 0x00, 0x00, 0x00, 0x00, 0x00, 0xBF, 0xBF, 0xBF, 0x80, 0x80, 0x80,
        0x00, 0x00, 0x00, 0x00, 0x00, 0x00, 0x00, 0x00, 0x00, 0x00, 0x00, 0x00, 0x00, 0x00, 0x00, 0x00,
        0x00, 0x00, 0x00, 0x00, 0x00, 0x00, 0x00, 0x00, 0x00, 0x00, 0x00, 0x00, 0x00, 0x00, 0xFF, 0xFF,
        0xFF, 0x80, 0x80, 0x80, 0x00, 0x00, 0x00, 0x00, 0x00, 0x00, 0x00, 0x00, 0x00, 0x00, 0x00, 0x00,
        0x00, 0x00, 0x00, 0x00, 0x00, 0x00, 0x00, 0x00, 0x00, 0x00, 0x00, 0x00, 0x00, 0x00, 0x00, 0x00,
        0x00, 0x00, 0xFF, 0xFF, 0xFF, 0x80, 0x80, 0x80, 0x00, 0x00, 0x00, 0x00, 0x00, 0x00, 0x00, 0x00,
        0x00, 0x00, 0x00, 0x00, 0x00, 0x00, 0x00, 0x00, 0x00, 0x00, 0x00, 0x00, 0x00, 0x00, 0x00, 0x00,
        0x00, 0x00, 0x00, 0x00, 0x00, 0x00, 0xFF, 0xFF, 0xFF, 0x80, 0x80, 0x80, 0x00, 0x00, 0x00, 0x00,
        0x00, 0x00, 0x00, 0x00, 0x00, 0x00, 0x00, 0x00, 0x00, 0x00, 0x00, 0x00, 0x00, 0x00, 0x00, 0x00,
        0x00, 0x00, 0x00, 0x00, 0x00, 0x00, 0x00, 0x00, 0x00, 0x00, 0xFF, 0xFF, 0xFF, 0x40, 0x40, 0x40,
        0x00, 0x00, 0x00, 0x00, 0x00, 0x00, 0x00, 0x00, 0x00, 0x00, 0x00, 0x00, 0x00, 0x00, 0x00, 0x00,
        0x00, 0x00, 0x00, 0x00, 0x00, 0x00, 0x00, 0x00, 0x00, 0x00, 0x00, 0x40, 0x40, 0x40, 0xFF, 0xFF,
        0xFF, 0x00, 0x00, 0x00, 0x00, 0x00, 0x00, 0x00, 0x00, 0x00, 0x00, 0x00, 0x00, 0x00, 0x00, 0x00,
        0x00, 0x00, 0x00, 0x00, 0x00, 0x00, 0x00, 0x00, 0x00, 0x00, 0x00, 0x00, 0x00, 0x00, 0x00, 0x80,
        0x80, 0x80, 0xFF, 0xFF, 0xFF, 0x00, 0x00, 0x00, 0x00, 0x00, 0x00, 0x00, 0x00, 0x00, 0x00, 0x00,
        0x00, 0x00, 0x00, 0x00, 0x00, 0x00, 0x00, 0x00, 0x00, 0x00, 0x00, 0x00, 0x00, 0x00, 0x00, 0x00,
        0x00, 0x00, 0x00, 0x80, 0x80, 0x80, 0xBF, 0xBF, 0xBF, 0x00, 0x00, 0x00, 0x00, 0x00, 0x00, 0x00,
        0x00, 0x00, 0x00, 0x00, 0x00, 0x00, 0x00, 0x00, 0x00, 0x00, 0x00, 0x00, 0x00, 0x00, 0x00, 0x00,
        0x00, 0x00, 0x00, 0x00, 0x00, 0x00, 0x00, 0x00, 0x00, 0x00, 0x00, 0x00, 0x00, 0x00, 0x00, 0x00,
        0x00, 0x00, 0x00, 0x00, 0x00, 0x00, 0xBF, 0xBF, 0xBF, 0x80, 0x80, 0x80, 0x00, 0x00, 0x00, 0x00,
        0x00, 0x00, 0x00, 0x00, 0x00, 0x00, 0x00, 0x00, 0x00, 0x00, 0x00, 0x00, 0x00, 0x00, 0x00, 0x00,
        0x00, 0x00, 0x00, 0x00, 0x00, 0x00, 0x00, 0x00, 0x00, 0x00, 0xFF, 0xFF, 0xFF, 0x80, 0x80, 0x80,
        0x00, 0x00, 0x00, 0x00, 0x00, 0x00, 0x00, 0x00, 0x00, 0x00, 0x00, 0x00, 0x00, 0x00, 0x00, 0x00,
        0x00, 0x00, 0x00, 0x00, 0x00, 0x00, 0x00, 0x00, 0x00, 0x00, 0x00, 0x00, 0x00, 0x00, 0xFF, 0xFF,
        0xFF, 0x80, 0x80, 0x80, 0x00, 0x00, 0x00, 0x00, 0x00, 0x00, 0x00, 0x00, 0x00, 0x00, 0x00, 0x00,
        0x00, 0x00, 0x00, 0x00, 0x00, 0x00, 0x00, 0x00, 0x00, 0x00, 0x00, 0x00, 0x00, 0x00, 0x00, 0x00,
        0x00, 0x00, 0xFF, 0xFF, 0xFF, 0x80, 0x80, 0x80, 0x00, 0x00, 0x00, 0x00, 0x00, 0x00, 0x00, 0x00,
        0x00, 0x00, 0x00, 0x00, 0x00, 0x00, 0x00, 0x00, 0x00, 0x00, 0x00, 0x00, 0x00, 0x00, 0x00, 0x00,
        0x00, 0x00, 0x00, 0x00, 0x00, 0x00, 0xFF, 0xFF, 0xFF, 0x40, 0x40, 0x40, 0x00, 0x00, 0x00, 0x00,
        0x00, 0x00, 0x00, 0x00, 0x00, 0x00, 0x00, 0x00, 0x00, 0x00, 0x00, 0x00, 0x00, 0x00, 0x00, 0x00,
        0x00, 0x00, 0x00, 0x00, 0x00, 0x00, 0x00, 0x40, 0x40, 0x40, 0xFF, 0xFF, 0xFF, 0x00, 0x00, 0x00,
        0x00, 0x00, 0x00, 0x00, 0x00, 0x00, 0x00, 0x00, 0x00, 0x00, 0x00, 0x00, 0x00, 0x00, 0x00, 0x00,
        0x00, 0x00, 0x00, 0x00, 0x00, 0x00, 0x00, 0x00, 0x00, 0x00, 0x00, 0x80, 0x80, 0x80, 0xFF, 0xFF,
        0xFF, 0x00, 0x00, 0x00, 0x00, 0x00, 0x00, 0x00, 0x00, 0x00, 0x00, 0x00, 0x00, 0x00, 0x00, 0x00,
        0x00, 0x00, 0x00, 0x00, 0x00, 0x00, 0x00, 0x00, 0x00, 0x00, 0x00, 0x00, 0x00, 0x00, 0x00, 0x80,
        0x80, 0x80, 0xBF, 0xBF, 0xBF, 0x00, 0x00, 0x00, 0x00, 0x00, 0x00, 0x00, 0x00, 0x00, 0x00, 0x00,
        0x00, 0x00, 0x00, 0x00, 0x00, 0x00, 0x00, 0x00, 0x00, 0x00, 0x00, 0x00, 0x00, 0x00, 0x00, 0x00,
        0x00, 0x00, 0x00, 0x00, 0x00, 0x00, 0x00, 0x00, 0x00, 0x00, 0x00, 0x00, 0x00, 0x00, 0x00, 0x00,
        0x00, 0x00, 0xBF, 0xBF, 0xBF, 0x80, 0x80, 0x80, 0x00, 0x00, 0x00, 0x00, 0x00, 0x00, 0x00, 0x00,
        0x00, 0x00, 0x00, 0x00, 0x00, 0x00, 0x00, 0x00, 0x00, 0x00, 0x00, 0x00, 0x00, 0x00, 0x00, 0x00,
        0x00, 0x00, 0x00, 0x00, 0x00, 0x00, 0xFF, 0xFF, 0xFF, 0x80, 0x80, 0x80, 0x00, 0x00, 0x00, 0x00,
        0x00, 0x00, 0x00, 0x00, 0x00, 0x00, 0x00, 0x00, 0x00, 0x00, 0x00, 0x00, 0x00, 0x00, 0x00, 0x00,
        0x00, 0x00, 0x00, 0x00, 0x00, 0x00, 0x00, 0x00, 0x00, 0x00, 0xFF, 0xFF, 0xFF, 0x80, 0x80, 0x80,
        0x00, 0x00, 0x00, 0x00, 0x00, 0x00, 0x00, 0x00, 0x00, 0x00, 0x00, 0x00, 0x00, 0x00, 0x00, 0x00,
        0x00, 0x00, 0x00, 0x00, 0x00, 0x00, 0x00, 0x00, 0x00, 0x00, 0x00, 0x00, 0x00, 0x00, 0xFF, 0xFF,
        0xFF, 0x80, 0x80, 0x80, 0x00, 0x00, 0x00, 0x00, 0x00, 0x00, 0x00, 0x00, 0x00, 0x00, 0x00, 0x00,
        0x00, 0x00, 0x00, 0x00, 0x00, 0x00, 0x00, 0x00, 0x00, 0x00, 0x00, 0x00, 0x00, 0x00, 0x00, 0x00,
        0x00, 0x00, 0xFF, 0xFF, 0xFF, 0x40, 0x40, 0x40, 0x00, 0x00, 0x00, 0x00, 0x00, 0x00, 0x00, 0x00,
        0x00, 0x00, 0x00, 0x00, 0x00, 0x00, 0x00, 0x00, 0x00, 0x00, 0x00, 0x00, 0x00, 0x00, 0x00, 0x00,
        0x00, 0x00, 0x00, 0x40, 0x40, 0x40, 0xFF, 0xFF, 0xFF, 0x00, 0x00, 0x00, 0x00, 0x00, 0x00, 0x00,
        0x00, 0x00, 0x00, 0x00, 0x00, 0x00, 0x00, 0x00, 0x00, 0x00, 0x00, 0x00, 0x00, 0x00, 0x00, 0x00,
        0x00, 0x00, 0x00, 0x00, 0x00, 0x00, 0x00, 0x80, 0x80, 0x80, 0xFF, 0xFF, 0xFF, 0x00, 0x00, 0x00,
        0x00, 0x00, 0x00, 0x00, 0x00, 0x00, 0x00, 0x00, 0x00, 0x00, 0x00, 0x00, 0x00, 0x00, 0x00, 0x00,
        0x00, 0x00, 0x00, 0x00, 0x00, 0x00, 0x00, 0x00, 0x00, 0x00, 0x00, 0x80, 0x80, 0x80, 0xBF, 0xBF,
        0xBF, 0x00, 0x00, 0x00, 0x00, 0x00, 0x00, 0x00, 0x00, 0x00, 0x00, 0x00, 0x00, 0x00, 0x00, 0x00,
        0x00, 0x00, 0x00, 0x00, 0x00, 0x00, 0x00, 0x00, 0x00, 0x00, 0x00, 0x00, 0x00, 0x00, 0x00, 0x00,
        0x00, 0x00, 0x00, 0x00, 0x00, 0x00, 0x00, 0x00, 0x00, 0x00, 0x00, 0x00, 0x00, 0x00, 0xBF, 0xBF,
        0xBF, 0x80, 0x80, 0x80, 0x00, 0x00, 0x00, 0x00, 0x00, 0x00, 0x00, 0x00, 0x00, 0x00, 0x00, 0x00,
        0x00, 0x00, 0x00, 0x00, 0x00, 0x00, 0x00, 0x00, 0x00, 0x00, 0x00, 0x00, 0x00, 0x00, 0x00, 0x00,
        0x00, 0x00, 0xFF, 0xFF, 0xFF, 0x80, 0x80, 0x80, 0x00, 0x00, 0x00, 0x00, 0x00, 0x00, 0x00, 0x00,
        0x00, 0x00, 0x00, 0x00, 0x00, 0x00, 0x00, 0x00, 0x00, 0x00, 0x00, 0x00, 0x00, 0x00, 0x00, 0x00,
        0x00, 0x00, 0x00, 0x00, 0x00, 0x00, 0xFF, 0xFF, 0xFF, 0x80, 0x80, 0x80, 0x00, 0x00, 0x00, 0x00,
        0x00, 0x00, 0x00, 0x00, 0x00, 0x00, 0x00, 0x00, 0x00, 0x00, 0x00, 0x00, 0x00, 0x00, 0x00, 0x00,
        0x00, 0x00, 0x00, 0x00, 0x00, 0x00, 0x00, 0x00, 0x00, 0x00, 0xFF, 0xFF, 0xFF, 0x80, 0x80, 0x80,
        0x00, 0x00, 0x00, 0x00, 0x00, 0x00, 0x00, 0x00, 0x00, 0x00, 0x00, 0x00, 0x00, 0x00, 0x00, 0x00,
        0x00, 0x00, 0x00, 0x00, 0x00, 0x00, 0x00, 0x00, 0x00, 0x00, 0x00, 0x00, 0x00, 0x00, 0xFF, 0xFF,
        0xFF, 0x40, 0x40, 0x40, 0x00, 0x00, 0x00, 0x00, 0x00, 0x00, 0x00, 0x00, 0x00, 0x00, 0x00, 0x00,
        0x00, 0x00, 0x00, 0x00, 0x00, 0x00, 0x00, 0x00, 0x00, 0x00, 0x00, 0x00, 0x00, 0x00, 0x00, 0x40,
        0x40, 0x40, 0xFF, 0xFF, 0xFF, 0x00, 0x00, 0x00, 0x00, 0x00, 0x00, 0x00, 0x00, 0x00, 0x00, 0x00,
        0x00, 0x00, 0x00, 0x00, 0x00, 0x00, 0x00, 0x00, 0x00, 0x00, 0x00, 0x00, 0x00, 0x00, 0x00, 0x00,
        0x00, 0x00, 0x00, 0x80, 0x80, 0x80, 0xFF, 0xFF, 0xFF, 0x00, 0x00, 0x00, 0x00, 0x00, 0x00, 0x00,
        0x00, 0x00, 0x00, 0x00, 0x00, 0x00, 0x00, 0x00, 0x00, 0x00, 0x00, 0x00, 0x00, 0x00, 0x00, 0x00,
        0x00, 0x00, 0x00, 0x00, 0x00, 0x00, 0x00, 0x80, 0x80, 0x80, 0xBF, 0xBF, 0xBF, 0x00, 0x00, 0x00,
        0x00, 0x00, 0x00, 0x00, 0x00, 0x00, 0x00, 0x00, 0x00, 0x00, 0x00, 0x00, 0x00, 0x00, 0x00, 0x00,
        0x00, 0x00, 0x00, 0x00, 0x00, 0x00, 0x00, 0x00, 0x00, 0x00, 0x00, 0x00, 0x00, 0x00, 0x00, 0x00,
        0x00, 0x00, 0x00, 0x00, 0x00, 0x00, 0x00, 0x00, 0x00, 0x00, 0xBF, 0xBF, 0xBF, 0x80, 0x80, 0x80,
        0x00, 0x00, 0x00, 0x00, 0x00, 0x00, 0x00, 0x00, 0x00, 0x00, 0x00, 0x00, 0x00, 0x00, 0x00, 0x00,
        0x00, 0x00, 0x00, 0x00, 0x00, 0x00, 0x00, 0x00, 0x00, 0x00, 0x00, 0x00, 0x00, 0x00, 0xFF, 0xFF,
        0xFF, 0x80, 0x80, 0x80, 0x00, 0x00, 0x00, 0x00, 0x00, 0x00, 0x00, 0x00, 0x00, 0x00, 0x00, 0x00,
        0x00, 0x00, 0x00, 0x00, 0x00, 0x00, 0x00, 0x00, 0x00, 0x00, 0x00, 0x00, 0x00, 0x00, 0x00, 0x00,
        0x00, 0x00, 0xFF, 0xFF, 0xFF, 0x80, 0x80, 0x80, 0x00, 0x00, 0x00, 0x00, 0x00, 0x00, 0x00, 0x00,
        0x00, 0x00, 0x00, 0x00, 0x00, 0x00, 0x00, 0x00, 0x00, 0x00, 0x00, 0x00, 0x00, 0x00, 0x00, 0x00,
        0x00, 0x00, 0x00, 0x00, 0x00, 0x00, 0xFF, 0xFF, 0xFF, 0x80, 0x80, 0x80, 0x00, 0x00, 0x00, 0x00,
        0x00, 0x00, 0x00, 0x00, 0x00, 0x00, 0x00, 0x00, 0x00, 0x00, 0x00, 0x00, 0x00, 0x00, 0x00, 0x00,
        0x00, 0x00, 0x00, 0x00, 0x00, 0x00, 0x00, 0x00, 0x00, 0x00, 0xFF, 0xFF, 0xFF, 0x40, 0x40, 0x40,
        0x00, 0x00, 0x00, 0x00, 0x00, 0x00, 0x00, 0x00, 0x00, 0x00, 0x00, 0x00, 0x00, 0x00, 0x00, 0x00,
        0x00, 0x00, 0x00, 0x00, 0x00, 0x00, 0x00, 0x00, 0x00, 0x00, 0x00, 0x40, 0x40, 0x40, 0xFF, 0xFF,
        0xFF, 0x00, 0x00, 0x00, 0x00, 0x00, 0x00, 0x00, 0x00, 0x00, 0x00, 0x00, 0x00, 0x00, 0x00, 0x00,
        0x00, 0x00, 0x00, 0x00, 0x00, 0x00, 0x00, 0x00, 0x00, 0x00, 0x00, 0x00, 0x00, 0x00, 0x00, 0x80,
        0x80, 0x80, 0xFF, 0xFF, 0xFF, 0x00, 0x00, 0x00, 0x00, 0x00, 0x00, 0x00, 0x00, 0x00, 0x00, 0x00,
        0x00, 0x00, 0x00, 0x00, 0x00, 0x00, 0x00, 0x00, 0x00, 0x00, 0x00, 0x00, 0x00, 0x00, 0x00, 0x00,
        0x00, 0x00, 0x00, 0x80, 0x80, 0x80, 0xBF, 0xBF, 0xBF, 0x00, 0x00, 0x00, 0x00, 0x00, 0x00, 0x00,
        0x00, 0x00, 0x00, 0x00, 0x00, 0x00, 0x00, 0x00, 0x00, 0x00, 0x00, 0x00, 0x00, 0x00, 0x00, 0x00,
        0x00, 0x00, 0x00, 0x00, 0x00, 0x00, 0x00, 0x00, 0x00, 0x00, 0x00, 0x00, 0x00, 0x00, 0x00, 0x00,
        0x00, 0x00, 0x00, 0x00, 0x00, 0x00, 0xBF, 0xBF, 0xBF, 0x80, 0x80, 0x80, 0x00, 0x00, 0x00, 0x00,
        0x00, 0x00, 0x00, 0x00, 0x00, 0x00, 0x00, 0x00, 0x00, 0x00, 0x00, 0x00, 0x00, 0x00, 0x00, 0x00,
        0x00, 0x00, 0x00, 0x00, 0x00, 0x00, 0x00, 0x00, 0x00, 0x00, 0xFF, 0xFF, 0xFF, 0x80, 0x80, 0x80,
        0x00, 0x00, 0x00, 0x00, 0x00, 0x00, 0x00, 0x00, 0x00, 0x00, 0x00, 0x00, 0x00, 0x00, 0x00, 0x00,
        0x00, 0x00, 0x00, 0x00, 0x00, 0x00, 0x00, 0x00, 0x00, 0x00, 0x00, 0x00, 0x00, 0x00, 0xFF, 0xFF,
        0xFF, 0x80, 0x80, 0x80, 0x00, 0x00, 0x00, 0x00, 0x00, 0x00, 0x00, 0x00, 0x00, 0x00, 0x00, 0x00,
        0x00, 0x00, 0x00, 0x00, 0x00, 0x00, 0x00, 0x00, 0x00, 0x00, 0x00, 0x00, 0x00, 0x00, 0x00, 0x00,
        0x00, 0x00, 0xFF, 0xFF, 0xFF, 0x80, 0x80, 0x80, 0x00, 0x00, 0x00, 0x00, 0x00, 0x00, 0x00, 0x00,
        0x00, 0x00, 0x00, 0x00, 0x00, 0x00, 0x00, 0x00, 0x00, 0x00, 0x00, 0x00, 0x00, 0x00, 0x00, 0x00,
        0x00, 0x00, 0x00, 0x00, 0x00, 0x00, 0xFF, 0xFF, 0xFF, 0x40, 0x40, 0x40, 0x00, 0x00, 0x00, 0x00,
        0x00, 0x00, 0x00, 0x00, 0x00, 0x00, 0x00, 0x00, 0x00, 0x00, 0x00, 0x00, 0x00, 0x00, 0x00, 0x00,
        0x00, 0x00, 0x00, 0x00, 0x00, 0x00, 0x00, 0x40, 0x40, 0x40, 0xFF, 0xFF, 0xFF, 0x00, 0x00, 0x00,
        0x00, 0x00, 0x00, 0x00, 0x00, 0x00, 0x00, 0x00, 0x00, 0x00, 0x00, 0x00, 0x00, 0x00, 0x00, 0x00,
        0x00, 0x00, 0x00, 0x00, 0x00, 0x00, 0x00, 0x00, 0x00, 0x00, 0x00, 0x80, 0x80, 0x80, 0xFF, 0xFF,
        0xFF, 0x00, 0x00, 0x00, 0x00, 0x00, 0x00, 0x00, 0x00, 0x00, 0x00, 0x00, 0x00, 0x00, 0x00, 0x00,
        0x00, 0x00, 0x00, 0x00, 0x00, 0x00, 0x00, 0x00, 0x00, 0x00, 0x00, 0x00, 0x00, 0x00, 0x00, 0x80,
        0x80, 0x80, 0xBF, 0xBF, 0xBF, 0x00, 0x00, 0x00, 0x00, 0x00, 0x00, 0x00, 0x00, 0x00, 0x00, 0x00,
        0x00, 0x00, 0x00, 0x00, 0x00, 0x00, 0x00, 0x00, 0x00, 0x00, 0x00, 0x00, 0x00, 0x00, 0x00, 0x00,
        0x00, 0x00, 0x00, 0x00, 0x00, 0x00, 0x00, 0x00, 0x00, 0x00, 0x00, 0x00, 0x00, 0x00, 0x00, 0x00,
        0x00, 0x00, 0xBF, 0xBF, 0xBF, 0x80, 0x80, 0x80, 0x00, 0x00, 0x00, 0x00, 0x00, 0x00, 0x00, 0x00,
        0x00, 0x00, 0x00, 0x00, 0x00, 0x00, 0x00, 0x00, 0x00, 0x00, 0x00, 0x00, 0x00, 0x00, 0x00, 0x00,
        0x00, 0x00, 0x00, 0x00, 0x00, 0x00, 0xFF, 0xFF, 0xFF, 0x80, 0x80, 0x80, 0x00, 0x00, 0x00, 0x00,
        0x00, 0x00, 0x00, 0x00, 0x00, 0x00, 0x00, 0x00, 0x00, 0x00, 0x00, 0x00, 0x00, 0x00, 0x00, 0x00,
        0x00, 0x00, 0x00, 0x00, 0x00, 0x00, 0x00, 0x00, 0x00, 0x00, 0xFF, 0xFF, 0xFF, 0x80, 0x80, 0x80,
        0x00, 0x00, 0x00, 0x00, 0x00, 0x00, 0x00, 0x00, 0x00, 0x00, 0x00, 0x00, 0x00, 0x00, 0x00, 0x00,
        0x00, 0x00, 0x00, 0x00, 0x00, 0x00, 0x00, 0x00, 0x00, 0x00, 0x00, 0x00, 0x00, 0x00, 0xFF, 0xFF,
        0xFF, 0x80, 0x80, 0x80, 0x00, 0x00, 0x00, 0x00, 0x00, 0x00, 0x00, 0x00, 0x00, 0x00, 0x00, 0x00,
        0x00, 0x00, 0x00, 0x00, 0x00, 0x00, 0x00, 0x00, 0x00, 0x00, 0x00, 0x00, 0x00, 0x00, 0x00, 0x00,
        0x00, 0x00, 0xFF, 0xFF, 0xFF, 0x40, 0x40, 0x40, 0x00, 0x00, 0x00, 0x00, 0x00, 0x00, 0x00, 0x00,
        0x00, 0x00, 0x00, 0x00, 0x00, 0x00, 0x00, 0x00, 0x00, 0x00, 0x00, 0x00, 0x00, 0x00, 0x00, 0x00,
        0x00, 0x00, 0x00, 0x40, 0x40, 0x40, 0xFF, 0xFF, 0xFF, 0x00, 0x00, 0x00, 0x00, 0x00, 0x00, 0x00,
        0x00, 0x00, 0x00, 0x00, 0x00, 0x00, 0x00, 0x00, 0x00, 0x00, 0x00, 0x00, 0x00, 0x00, 0x00, 0x00,
        0x00, 0x00, 0x00, 0x00, 0x00, 0x00, 0x00, 0x80, 0x80, 0x80, 0xFF, 0xFF, 0xFF, 0x00, 0x00, 0x00,
        0x00, 0x00, 0x00, 0x00, 0x00, 0x00, 0x00, 0x00, 0x00, 0x00, 0x00, 0x00, 0x00, 0x00, 0x00, 0x00,
        0x00, 0x00, 0x00, 0x00, 0x00, 0x00, 0x00, 0x00, 0x00, 0x00, 0x00, 0x80, 0x80, 0x80, 0xBF, 0xBF,
        0xBF, 0x00, 0x00, 0x00, 0x00, 0x00, 0x00, 0x00, 0x00, 0x00, 0x00, 0x00, 0x00, 0x00, 0x00, 0x00,
        0x00, 0x00, 0x00, 0x00, 0x00, 0x00, 0x00, 0x00, 0x00, 0x00, 0x00, 0x00, 0x00, 0x00, 0x00, 0x00,
        0x00, 0x00, 0x00, 0x00, 0x00, 0x00, 0x00, 0x00, 0x00, 0x00, 0x00, 0x00, 0x00, 0x00, 0xBF, 0xBF,
        0xBF, 0xDF, 0xDF, 0xDF, 0xBF, 0xBF, 0xBF, 0xBF, 0xBF, 0xBF, 0xBF, 0xBF, 0xBF, 0xBF, 0xBF, 0xBF,
        0xBF, 0xBF, 0xBF, 0xBF, 0xBF, 0xBF, 0xBF, 0xBF, 0xBF, 0xBF, 0xBF, 0xBF, 0xBF, 0xBF, 0xBF, 0xBF,
        0xBF, 0xBF, 0xFF, 0xFF, 0xFF, 0xDF, 0xDF, 0xDF, 0xBF, 0xBF, 0xBF, 0xBF, 0xBF, 0xBF, 0xBF, 0xBF,
        0xBF, 0xBF, 0xBF, 0xBF, 0xBF, 0xBF, 0xBF, 0xBF, 0xBF, 0xBF, 0xBF, 0xBF, 0xBF, 0xBF, 0xBF, 0xBF,
        0xBF, 0xBF, 0xBF, 0xBF, 0xBF, 0xBF, 0xFF, 0xFF, 0xFF, 0xDF, 0xDF, 0xDF, 0xBF, 0xBF, 0xBF, 0xBF,
        0xBF, 0xBF, 0xBF, 0xBF, 0xBF, 0xBF, 0xBF, 0xBF, 0xBF, 0xBF, 0xBF, 0xBF, 0xBF, 0xBF, 0xBF, 0xBF,
        0xBF, 0xBF, 0xBF, 0xBF, 0xBF, 0xBF, 0xBF, 0xBF, 0xBF, 0xBF, 0xFF, 0xFF, 0xFF, 0xDF, 0xDF, 0xDF,
        0xBF, 0xBF, 0xBF, 0xBF, 0xBF, 0xBF, 0xBF, 0xBF, 0xBF, 0xBF, 0xBF, 0xBF, 0xBF, 0xBF, 0xBF, 0xBF,
        0xBF, 0xBF, 0xBF, 0xBF, 0xBF, 0xBF, 0xBF, 0xBF, 0xBF, 0xBF, 0xBF, 0xBF, 0xBF, 0xBF, 0xFF, 0xFF,
        0xFF, 0xCF, 0xCF, 0xCF, 0xBF, 0xBF, 0xBF, 0xBF, 0xBF, 0xBF, 0xBF, 0xBF, 0xBF, 0xBF, 0xBF, 0xBF,
        0xBF, 0xBF, 0xBF, 0xBF, 0xBF, 0xBF, 0xBF, 0xBF, 0xBF, 0xBF, 0xBF, 0xBF, 0xBF, 0xBF, 0xBF, 0xCF,
        0xCF, 0xCF, 0xFF, 0xFF, 0xFF, 0xBF, 0xBF, 0xBF, 0xBF, 0xBF, 0xBF, 0xBF, 0xBF, 0xBF, 0xBF, 0xBF,
        0xBF, 0xBF, 0xBF, 0xBF, 0xBF, 0xBF, 0xBF, 0xBF, 0xBF, 0xBF, 0xBF, 0xBF, 0xBF, 0xBF, 0xBF, 0xBF,
        0xBF, 0xBF, 0xBF, 0xDF, 0xDF, 0xDF, 0xFF, 0xFF, 0xFF, 0xBF, 0xBF, 0xBF, 0xBF, 0xBF, 0xBF, 0xBF,
        0xBF, 0xBF, 0xBF, 0xBF, 0xBF, 0xBF, 0xBF, 0xBF, 0xBF, 0xBF, 0xBF, 0xBF, 0xBF, 0xBF, 0xBF, 0xBF,
        0xBF, 0xBF, 0xBF, 0xBF, 0xBF, 0xBF, 0xBF, 0xDF, 0xDF, 0xDF, 0xBF, 0xBF, 0xBF, 0x00, 0x00, 0x00,
        0x00, 0x00, 0x00, 0x00, 0x00, 0x00, 0x00, 0x00, 0x00, 0x00, 0x00, 0x00, 0x00, 0x00, 0x00, 0x00,
        0x00, 0x00, 0x00, 0x00, 0x00, 0x00, 0x00, 0x00, 0x00, 0x00, 0x00, 0x00, 0x00, 0x00, 0x00, 0x00,
        0x00, 0x00, 0x00, 0x00, 0x00, 0x00, 0x00, 0x00, 0x00, 0x00, 0x60, 0x60, 0x60, 0x80, 0x80, 0x80,
        0x80, 0x80, 0x80, 0x80, 0x80, 0x80, 0x80, 0x80, 0x80, 0x80, 0x80, 0x80, 0x80, 0x80, 0x80, 0x80,
        0x80, 0x80, 0x80, 0x80, 0x80, 0x80, 0x80, 0x80, 0x80, 0x80, 0x80, 0x80, 0x80, 0x80, 0x80, 0x80,
        0x80, 0x80, 0x80, 0x80, 0x80, 0x80, 0x80, 0x80, 0x80, 0x80, 0x80, 0x80, 0x80, 0x80, 0x80, 0x80,
        0x80, 0x80, 0x80, 0x80, 0x80, 0x80, 0x80, 0x80, 0x80, 0x80, 0x80, 0x80, 0x80, 0x80, 0x80, 0x80,
        0x80, 0x80, 0x80, 0x80, 0x80, 0x80, 0x80, 0x80, 0x80, 0x80, 0x80, 0x80, 0x80, 0x80, 0x80, 0x80,
        0x80, 0x80, 0x80, 0x80, 0x80, 0x80, 0x80, 0x80, 0x80, 0x80, 0x80, 0x80, 0x80, 0x80, 0x80, 0x80,
        0x80, 0x80, 0x80, 0x80, 0x80, 0x80, 0x80, 0x80, 0x80, 0x80, 0x80, 0x80, 0x80, 0x80, 0x80, 0x80,
        0x80, 0x80, 0x80, 0x80, 0x80, 0x80, 0x80, 0x80, 0x80, 0x80, 0x80, 0x80, 0x80, 0x80, 0x80, 0x80,
        0x80, 0x80, 0x80, 0x80, 0x80, 0x80, 0x80, 0x80, 0x80, 0x80, 0x80, 0x80, 0x80, 0x80, 0x80, 0x80,
        0x80, 0x80, 0x80, 0x80, 0x80, 0x80, 0x80, 0x80, 0x80, 0x80, 0x80, 0x80, 0x80, 0x80, 0x80, 0x80,
        0x80, 0x80, 0x80, 0x80, 0x80, 0x80, 0x80, 0x80, 0x80, 0x80, 0x80, 0x80, 0x80, 0x80, 0x80, 0x80,
        0x80, 0x80, 0x80, 0x80, 0x80, 0x80, 0x80, 0x80, 0x80, 0x80, 0x80, 0x80, 0x80, 0x80, 0x80, 0x80,
        0x80, 0x80, 0x80, 0x80, 0x80, 0x80, 0x80, 0x80, 0x80, 0x80, 0x80, 0x80, 0x80, 0x80, 0x80, 0x80,
        0x80, 0x80, 0x80, 0x80, 0x80, 0x80, 0x80, 0x80, 0x80, 0x80, 0x80, 0x80, 0x80, 0x80, 0x80, 0x80,
        0x80, 0x80, 0x80, 0x80, 0x80, 0x80, 0x80, 0x80, 0x80, 0x80, 0x80, 0x80, 0x80, 0x80, 0x80, 0x80,
        0x80, 0x80, 0x80, 0x80, 0x80, 0x80, 0x60, 0x60, 0x60, 0x00, 0x00, 0x00, 0x00, 0x00, 0x00, 0x00,
        0x00, 0x00, 0x00, 0x00, 0x00, 0x00, 0x00, 0x00, 0x00, 0x00, 0x00, 0x00, 0x00, 0x00, 0x00, 0x00,
        0x00, 0x00, 0x00, 0x00, 0x00, 0x00, 0x00, 0x00, 0x00, 0x00, 0x00, 0x00, 0x00, 0x00, 0x00, 0x00,
        0x00, 0x00, 0x00, 0x00, 0x00, 0x00, 0x00, 0x00, 0x00, 0x00, 0x00, 0x00, 0x00, 0x00, 0x00, 0x00,
        0x00, 0x00, 0x00, 0x00, 0x00, 0x00, 0x00, 0x00, 0x00, 0x00, 0x00, 0x00, 0x00, 0x00, 0x00, 0x00,
        0x00, 0x00, 0x00, 0x00, 0x00, 0x00, 0x00, 0x00, 0x00, 0x00, 0x00, 0x00, 0x00, 0x00, 0x00, 0x00,
        0x00, 0x00, 0x00, 0x00, 0x00, 0x00, 0x00, 0x00, 0x00, 0x00, 0x00, 0x00, 0x00, 0x00, 0x00, 0x00,
        0x00, 0x00, 0x00, 0x00, 0x00, 0x00, 0x00, 0x00, 0x00, 0x00, 0x00, 0x00, 0x00, 0x00, 0x00, 0x00,
        0x00, 0x00, 0x00, 0x00, 0x00, 0x00, 0x00, 0x00, 0x00, 0x00, 0x00, 0x00, 0x00, 0x00, 0x00, 0x00,
        0x00, 0x00, 0x00, 0x00, 0x00, 0x00, 0x00, 0x00, 0x00, 0x00, 0x00, 0x00, 0x00, 0x00, 0x00, 0x00,
        0x00, 0x00, 0x00, 0x00, 0x00, 0x00, 0x00, 0x00, 0x00, 0x00, 0x00, 0x00, 0x00, 0x00, 0x00, 0x00,
        0x00, 0x00, 0x00, 0x00, 0x00, 0x00, 0x00, 0x00, 0x00, 0x00, 0x00, 0x00, 0x00, 0x00, 0x00, 0x00,
        0x00, 0x00, 0x00, 0x00, 0x00, 0x00, 0x00, 0x00, 0x00, 0x00, 0x00, 0x00, 0x00, 0x00, 0x00, 0x00,
        0x00, 0x00, 0x00, 0x00, 0x00, 0x00, 0x00, 0x00, 0x00, 0x00, 0x00, 0x00, 0x00, 0x00, 0x00, 0x00,
        0x00, 0x00, 0x00, 0x00, 0x00, 0x00, 0x00, 0x00, 0x00, 0x00, 0x00, 0x00, 0x00, 0x00, 0x00, 0x00,
        0x00, 0x00, 0x00, 0x00, 0x00, 0x00, 0x00, 0x00, 0x00, 0x00, 0x00, 0x00, 0x00, 0x00, 0x00, 0x00,
        0x00, 0x00, 0x00, 0x00, 0x00, 0x00, 0x00, 0x00, 0x00, 0x00, 0x00, 0x00, 0x00, 0x00, 0x00, 0x00,
        0x00, 0x00, 0x00, 0x00, 0x00, 0x00, 0x00, 0x00, 0x00, 0x00, 0x00, 0x00, 0x00, 0x00, 0x00, 0x00,
        0x00, 0x00, 0x00, 0x00, 0x00, 0x00, 0x00, 0x00, 0x00, 0x00, 0x00, 0x00, 0x00, 0x00, 0x00, 0x00,
        0x00, 0x00, 0x00, 0x00, 0x00, 0x00, 0x00, 0x00, 0x00, 0x00, 0x00, 0x00, 0x00, 0x00, 0x00, 0x00,
        0x00, 0x00, 0x00, 0x00, 0x00, 0x00, 0x00, 0x00, 0x00, 0x00, 0x00, 0x00, 0x00, 0x00, 0x00, 0x00,
        0x00, 0x00, 0x00, 0x00, 0x00, 0x00, 0x00, 0x00, 0x00, 0x00, 0x00, 0x00, 0x00, 0x00, 0x00, 0x00,
        0x00, 0x00, 0x00, 0x00, 0x00, 0x00, 0x00, 0x00, 0x00, 0x00, 0x00, 0x00, 0x00, 0x00, 0x00, 0x00,
        0x00, 0x00, 0x00, 0x00, 0x00, 0x00, 0x00, 0x00, 0x00, 0x00, 0x00, 0x00, 0x00, 0x00, 0x00, 0x00,
        0x00, 0x00, 0x00, 0x00, 0x00, 0x00, 0x00, 0x00, 0x00, 0x00, 0x00, 0x00, 0x00, 0x00, 0x00, 0x00,
        0x00, 0x00, 0x00, 0x00, 0x00, 0x00, 0x00, 0x00, 0x00, 0x00, 0x00, 0x00, 0x00, 0x00, 0x00, 0x00,
        0x00, 0x00, 0x00, 0x00, 0x00, 0x00, 0x00, 0x00, 0x00, 0x00, 0x00, 0x00, 0x00, 0x00, 0x00, 0x00,
        0x00, 0x00, 0x00, 0x00, 0x00, 0x00, 0x00, 0x00, 0x00, 0x00, 0x00, 0x00, 0x00, 0x00, 0x00, 0x00,
        0x00, 0x00, 0x00, 0x00, 0x00, 0x00, 0x00, 0x00, 0x00, 0x00, 0x00, 0x00, 0x00, 0x00, 0x00, 0x00,
        0x00, 0x00, 0x00, 0x00, 0x00, 0x00, 0x00, 0x00, 0x00, 0x00, 0x00, 0x00, 0x00, 0x00, 0x00, 0x00,
        0x00, 0x00, 0x00, 0x00, 0x00, 0x00, 0x00, 0x00, 0x00, 0x00, 0x00, 0x00, 0x00, 0x00, 0x00, 0x00,
        0x00, 0x00, 0x00, 0x00, 0x00, 0x00, 0x00, 0x00, 0x00, 0x00, 0x00, 0x00, 0x00, 0x00, 0x00, 0x00,
        0x00, 0x00, 0x00, 0x00, 0x00, 0x00, 0x00, 0x00, 0x00, 0x00, 0x00, 0x00, 0x00, 0x00, 0x00, 0x00,
        0x00, 0x00, 0x00, 0x00, 0x00, 0x00, 0x00, 0x00, 0x00, 0x00, 0x00, 0x00, 0x00, 0x00, 0x00, 0x00,
        0x00, 0x00, 0x00, 0x00, 0x00, 0x00, 0x00, 0x00, 0x00, 0x00, 0x00, 0x00, 0x00, 0x00, 0x00, 0x00,
        0x00, 0x00, 0x00, 0x00, 0x00, 0x00, 0x00, 0x00, 0x00, 0x00, 0x00, 0x00, 0x00, 0x00, 0x00, 0x00,
        0x00, 0x00, 0x00, 0x00, 0x00, 0x00, 0x00, 0x00, 0x00, 0x00, 0x00, 0x00, 0x00, 0x00, 0x00, 0x00,
        0x00, 0x00, 0x00, 0x00, 0x00, 0x00, 0x00, 0x00, 0x00, 0x00, 0x00, 0x00, 0x00, 0x00, 0x00, 0x00,
        0x00, 0x00, 0x00, 0x00, 0x00, 0x00, 0x00, 0x00, 0x00, 0x00, 0x00, 0x00, 0x00, 0x00, 0x00, 0x00,
        0x00, 0x00, 0x00, 0x00, 0x00, 0x00, 0x00, 0x00, 0x00, 0x00, 0x00, 0x00, 0x00, 0x00, 0x00, 0x00,
        0x00, 0x00, 0x00, 0x00, 0x00, 0x00, 0x00, 0x00, 0x00, 0x00, 0x00, 0x00, 0x00, 0x00, 0x00, 0x00,
        0x00, 0x00, 0x00, 0x00, 0x00, 0x00, 0x00, 0x00, 0x00, 0x00, 0x00, 0x00, 0x00, 0x00, 0x00, 0x00,
        0x00, 0x00, 0x00, 0x00, 0x00, 0x00, 0x00, 0x00, 0x00, 0x00, 0x00, 0x00, 0x00, 0x00, 0x00, 0x00,
        0x00, 0x00, 0x00, 0x00, 0x00, 0x00, 0x00, 0x00, 0x00, 0x00, 0x00, 0x00, 0x00, 0x00, 0x00, 0x00,
        0x00, 0x00, 0x00, 0x00, 0x00, 0x00, 0x00, 0x00, 0x00, 0x00, 0x00, 0x00, 0x00, 0x00, 0x00, 0x00,
        0x00, 0x00, 0x00, 0x00, 0x00, 0x00, 0x00, 0x00, 0x00, 0x00, 0x00, 0x00, 0x00, 0x00, 0x00, 0x00,
        0x00, 0x00, 0x00, 0x00, 0x00, 0x00, 0x00, 0x00, 0x00, 0x00, 0x00, 0x00, 0x00, 0x00, 0x00, 0x00,
        0x00, 0x00, 0x00, 0x00, 0x00, 0x00, 0x00, 0x00, 0x00, 0x00, 0x00, 0x00, 0x00, 0x00, 0x00, 0x00,
        0x00, 0x00, 0x00, 0x00, 0x00, 0x00, 0x00, 0x00, 0x00, 0x00, 0x00, 0x00, 0x00, 0x00, 0x00, 0x00,
        0x00, 0x00, 0x00, 0x00, 0x00, 0x00, 0x00, 0x00, 0x00, 0x00, 0x00, 0x00, 0x00, 0x00, 0x00, 0x00,
        0x00, 0x00, 0x00, 0x00, 0x00, 0x00, 0x00, 0x00, 0x00, 0x00, 0x00, 0x00, 0x00, 0x00, 0x00, 0x00,
        0x00, 0x00, 0x00, 0x00, 0x00, 0x00, 0x00, 0x00, 0x00, 0x00, 0x00, 0x00, 0x00, 0x00, 0x00, 0x00,
        0x00, 0x00, 0x00, 0x00, 0x00, 0x00, 0x00, 0x00, 0x00, 0x00, 0x00, 0x00, 0x00, 0x00, 0x00, 0x00,
        0x00, 0x00, 0x00, 0x00, 0x00, 0x00, 0x00, 0x00, 0x00, 0x00, 0x00, 0x00, 0x00, 0x00, 0x00, 0x00,
        0x00, 0x00, 0x00, 0x00, 0x00, 0x00, 0x00, 0x00, 0x00, 0x00, 0x00, 0x00, 0x00, 0x00, 0x00, 0x00,
        0x00, 0x00, 0x00, 0x00, 0x00, 0x00, 0x00, 0x00, 0x00, 0x00, 0x00, 0x00, 0x00, 0x00, 0x00, 0x00,
        0x00, 0x00, 0x00, 0x00, 0x00, 0x00, 0x00, 0x00, 0x00, 0x00, 0x00, 0x00, 0x00, 0x00, 0x00, 0x00,
        0x00, 0x00, 0x00, 0x00, 0x00, 0x00, 0x00, 0x00, 0x00, 0x00, 0x00, 0x00, 0x00, 0x00, 0x00, 0x00,
        0x00, 0x00, 0x00, 0x00, 0x00, 0x00, 0x00, 0x00, 0x00, 0x00, 0x00, 0x00, 0x00, 0x00, 0x00, 0x00,
        0x00, 0x00, 0x00, 0x00, 0x00, 0x00, 0x00, 0x00, 0x00, 0x00, 0x00, 0x00, 0x00, 0x00, 0x00, 0x00,
        0x00, 0x00, 0x00, 0x00, 0x00, 0x00, 0x00, 0x00, 0x00, 0x00, 0x00, 0x00, 0x00, 0x00, 0x00, 0x00,
        0x00, 0x00, 0x00, 0x00, 0x00, 0x00, 0x00, 0x00, 0x00, 0x00, 0x00, 0x00, 0x00, 0x00, 0x00, 0x00,
        0x00, 0x00, 0x00, 0x00, 0x00, 0x00, 0x00, 0x00, 0x00, 0x00, 0x00, 0x00, 0x00, 0x00, 0x00, 0x00,
        0x00, 0x00, 0x00, 0x00, 0x00, 0x00, 0x00, 0x00, 0x00, 0x00, 0x00, 0x00, 0x00, 0x00, 0x00, 0x00,
        0x00, 0x00, 0x00, 0x00, 0x00, 0x00, 0x00, 0x00, 0x00, 0x00, 0x00, 0x00, 0x00, 0x00, 0x00, 0x00,
        0x00, 0x00, 0x00, 0x00, 0x00, 0x00, 0x00, 0x00, 0x00, 0x00, 0x00, 0x00, 0x00, 0x00, 0x00, 0x00,
        0x00, 0x00, 0x00, 0x00, 0x00, 0x00, 0x00, 0x00, 0x00, 0x00, 0x00, 0x00, 0x00, 0x00, 0x00, 0x00,
        0x00, 0x00, 0x00, 0x00, 0x00, 0x00, 0x00, 0x00, 0x00, 0x00, 0x00, 0x00, 0x00, 0x00, 0x00, 0x00,
        0x00, 0x00, 0x00, 0x00, 0x00, 0x00, 0x00, 0x00, 0x00, 0x00, 0x00, 0x00, 0x00, 0x00, 0x00, 0x00,
        0x00, 0x00, 0x00, 0x00, 0x00, 0x00, 0x00, 0x00, 0x00, 0x00, 0x00, 0x00, 0x00, 0x00, 0x00, 0x00,
        0x00, 0x00, 0x00, 0x00, 0x00, 0x00, 0x00, 0x00, 0x00, 0x00, 0x00, 0x00, 0x00, 0x00, 0x00, 0x00,
        0x00, 0x00, 0x00, 0x00, 0x00, 0x00, 0x00, 0x00, 0x00, 0x00, 0x00, 0x00, 0x00, 0x00, 0x00, 0x00,
        0x00, 0x00, 0x00, 0x00, 0x00, 0x00, 0x00, 0x00, 0x00, 0x00, 0x00, 0x00, 0x00, 0x00, 0x00, 0x00,
        0x00, 0x00, 0x00, 0x00, 0x00, 0x00, 0x00, 0x00, 0x00, 0x00, 0x00, 0x00, 0x00, 0x00, 0x00, 0x00,
        0x00, 0x00, 0x00, 0x00, 0x00, 0x00, 0x00, 0x00, 0x00, 0x00, 0x00, 0x00, 0x00, 0x00, 0x00, 0x00,
        0x00, 0x00, 0x00, 0x00, 0x00, 0x00, 0x00, 0x00, 0x00, 0x00, 0x00, 0x00, 0x00, 0x00, 0x00, 0x00,
        0x00, 0x00, 0x00, 0x00, 0x00, 0x00, 0x00, 0x00, 0x00, 0x00, 0x00, 0x00, 0x00, 0x00, 0x00, 0x00,
        0x00, 0x00, 0x00, 0x00, 0x00, 0x00, 0x00, 0x00, 0x00, 0x00, 0x00, 0x00, 0x00, 0x00, 0x00, 0x00,
        0x00, 0x00, 0x00, 0x00, 0x00, 0x00, 0x00, 0x00, 0x00, 0x00, 0x00, 0x00, 0x00, 0x00, 0x00, 0x00,
        0x00, 0x00, 0x00, 0x00, 0x00, 0x00, 0x00, 0x00, 0x00, 0x00, 0x00, 0x00, 0x00, 0x00, 0x00, 0x00,
        0x00, 0x00, 0x00, 0x00, 0x00, 0x00, 0x00, 0x00, 0x00, 0x00, 0x00, 0x00, 0x00, 0x00, 0x00, 0x00,
        0x00, 0x00, 0x00, 0x00, 0x00, 0x00, 0x00, 0x00, 0x00, 0x00, 0x00, 0x00, 0x00, 0x00, 0x00, 0x00,
        0x00, 0x00, 0x00, 0x00, 0x00, 0x00, 0x00, 0x00, 0x00, 0x00, 0x00, 0x00, 0x00, 0x00, 0x00, 0x00,
        0x00, 0x00, 0x00, 0x00, 0x00, 0x00, 0x00, 0x00, 0x00, 0x00, 0x00, 0x00, 0x00, 0x00, 0x00, 0x00,
        0x00, 0x00, 0x00, 0x00, 0x00, 0x00, 0x00, 0x00, 0x00, 0x00, 0x00, 0x00, 0x00, 0x00, 0x00, 0x00,
        0x00, 0x00, 0x00, 0x00, 0x00, 0x00, 0x00, 0x00, 0x00, 0x00, 0x00, 0x00, 0x00, 0x00, 0x00, 0x00,
        0x00, 0x00, 0x00, 0x00, 0x00, 0x00, 0x00, 0x00, 0x00, 0x00, 0x00, 0x00, 0x00, 0x00, 0x00, 0x00,
        0x00, 0x00, 0x00, 0x00, 0x00, 0x00, 0x00, 0x00, 0x00, 0x00, 0x00, 0x00, 0x00, 0x00, 0x00, 0x00,
        0x00, 0x00, 0x00, 0x00, 0x00, 0x00, 0x00, 0x00, 0x00, 0x00, 0x00, 0x00, 0x00, 0x00, 0x00, 0x00,
        0x00, 0x00, 0x00, 0x00, 0x00, 0x00, 0x00, 0x00, 0x00, 0x00, 0x00, 0x00, 0x00, 0x00, 0x00, 0x00,
        0x00, 0x00, 0x00, 0x00, 0x00, 0x00, 0x00, 0x00, 0x00, 0x00, 0x00, 0x00, 0x00, 0x00, 0x00, 0x00,
        0x00, 0x00, 0x00, 0x00, 0x00, 0x00, 0x00, 0x00, 0x00, 0x00, 0x00, 0x00, 0x00, 0x00, 0x00, 0x00,
        0x00, 0x00, 0x00, 0x00, 0x00, 0x00, 0x00, 0x00, 0x00, 0x00, 0x00, 0x00, 0x00, 0x00, 0x00, 0x00,
        0x00, 0x00, 0x00, 0x00, 0x00, 0x00, 0x00, 0x00, 0x00, 0x00, 0x00, 0x00, 0x00, 0x00, 0x00, 0x00,
        0x00, 0x00, 0x00, 0x00, 0x00, 0x00, 0x00, 0x00, 0x00, 0x00, 0x00, 0x00, 0x00, 0x00, 0x00, 0x00,
        0x00, 0x00, 0x00, 0x00, 0x00, 0x00, 0x00, 0x00, 0x00, 0x00, 0x00, 0x00, 0x00, 0x00, 0x00, 0x00,
        0x00, 0x00, 0x00, 0x00, 0x00, 0x00, 0x00, 0x00, 0x00, 0x00, 0x00, 0x00, 0x00, 0x00, 0x00, 0x00,
        0x00, 0x00, 0x00, 0x00, 0x00, 0x00, 0x00, 0x00, 0x00, 0x00, 0x00, 0x00, 0x00, 0x00, 0x00, 0x00,
        0x00, 0x00, 0x00, 0x00, 0x00, 0x00, 0x00, 0x00, 0x00, 0x00, 0x00, 0x00, 0x00, 0x00, 0x00, 0x00,
        0x00, 0x00, 0x00, 0x00, 0x00, 0x00, 0x00, 0x00, 0x00, 0x00, 0x00, 0x00, 0x00, 0x00, 0x00, 0x00,
        0x00, 0x00, 0x00, 0x00, 0x00, 0x00, 0x00, 0x00, 0x00, 0x00, 0x00, 0x00, 0x00, 0x00, 0x00, 0x00,
        0x00, 0x00, 0x00, 0x00, 0x00, 0x00, 0x00, 0x00, 0x00, 0x00, 0x00, 0x00, 0x00, 0x00, 0x00, 0x00,
        0x00, 0x00, 0x00, 0x00, 0x00, 0x00, 0x00, 0x00, 0x00, 0x00, 0x00, 0x00, 0x00, 0x00, 0x00, 0x00,
        0x00, 0x00, 0x00, 0x00, 0x00, 0x00, 0x00, 0x00, 0x00, 0x00, 0x00, 0x00, 0x00, 0x00, 0x00, 0x00,
        0x00, 0x00, 0x00, 0x00, 0x00, 0x00, 0x00, 0x00, 0x00, 0x00, 0x00, 0x00, 0x00, 0x00, 0x00, 0x00,
        0x00, 0x00, 0x00, 0x00, 0x00, 0x00, 0x00, 0x00, 0x00, 0x00, 0x00, 0x00, 0x00, 0x00, 0x00, 0x00,
        0x00, 0x00, 0x00, 0x00, 0x00, 0x00, 0x00, 0x00, 0x00, 0x00, 0x00, 0x00, 0x00, 0x00, 0x00, 0x00,
        0x00, 0x00, 0x00, 0x00, 0x00, 0x00, 0x00, 0x00, 0x00, 0x00, 0x00, 0x00, 0x00, 0x00, 0x00, 0x00,
        0x00, 0x00, 0x00, 0x00, 0x00, 0x00, 0x00, 0x00, 0x00, 0x00, 0x00, 0x00, 0x00, 0x00, 0x00, 0x00,
        0x00, 0x00, 0x00, 0x00, 0x00, 0x00, 0x00, 0x00, 0x00, 0x00, 0x00, 0x00, 0x00, 0x00, 0x00, 0x00,
        0x00, 0x00, 0x00, 0x00, 0x00, 0x00, 0x00, 0x00, 0x00, 0x00, 0x00, 0x00, 0x00, 0x00, 0x00, 0x00,
        0x00, 0x00, 0x00, 0x00, 0x00, 0x00, 0x00, 0x00, 0x00, 0x00, 0x00, 0x00, 0x00, 0x00, 0x00, 0x00,
        0x00, 0x00, 0x00, 0x00, 0x00, 0x00, 0x00, 0x00, 0x00, 0x00, 0x00, 0x00, 0x00, 0x00, 0x00, 0x00,
        0x00, 0x00, 0x00, 0x00, 0x00, 0x00, 0x00, 0x00, 0x00, 0x00, 0x00, 0x00, 0x00, 0x00, 0x00, 0x00,
        0x00, 0x00, 0x00, 0x00, 0x00, 0x00, 0x00, 0x00, 0x00, 0x00, 0x00, 0x00, 0x00, 0x00, 0x00, 0x00,
        0x00, 0x00, 0x00, 0x00, 0x00, 0x00, 0x00, 0x00, 0x00, 0x00, 0x00, 0x00, 0x00, 0x00, 0x00, 0x00,
        0x00, 0x00, 0x00, 0x00, 0x00, 0x00, 0x00, 0x00, 0x00, 0x00, 0x00, 0x00, 0x00, 0x00, 0x00, 0x00,
        0x00, 0x00, 0x00, 0x00, 0x00, 0x00, 0x00, 0x00, 0x00, 0x00, 0x00, 0x00, 0x00, 0x00, 0x00, 0x00,
        0x00, 0x00, 0x00, 0x00, 0x00, 0x00, 0x00, 0x00, 0x00, 0x00, 0x00, 0x00, 0x00, 0x00, 0x00, 0x00,
        0x00, 0x00, 0x00, 0x00, 0x00, 0x00, 0x00, 0x00, 0x00, 0x00, 0x00, 0x00, 0x00, 0x00, 0x00, 0x00,
        0x00, 0x00, 0x00, 0x00, 0x00, 0x00, 0x00, 0x00, 0x00, 0x00, 0x00, 0x00, 0x00, 0x00, 0x00, 0x00,
        0x00, 0x00, 0x00, 0x00, 0x00, 0x00, 0x00, 0x00, 0x00, 0x00, 0x00, 0x00, 0x00, 0x00, 0x00, 0x00,
        0x00, 0x00, 0x00, 0x00, 0x00, 0x00, 0x00, 0x00, 0x00, 0x00, 0x00, 0x00, 0x00, 0x00, 0x00, 0x00,
        0x00, 0x00, 0x00, 0x00, 0x00, 0x00, 0x00, 0x00, 0x00, 0x00, 0x00, 0x00, 0x00, 0x00, 0x00, 0x00,
        0x00, 0x00, 0x00, 0x00, 0x00, 0x00, 0x00, 0x00, 0x00, 0x00, 0x00, 0x00, 0x00, 0x00, 0x00, 0x00,
        0x00, 0x00, 0x00, 0x00, 0x00, 0x00, 0x00, 0x00, 0x00, 0x00, 0x00, 0x00, 0x00, 0x00, 0x00, 0x00,
        0x00, 0x00, 0x00, 0x00, 0x00, 0x00, 0x00, 0x00, 0x00, 0x00, 0x00, 0x00, 0x00, 0x00, 0x00, 0x00,
        0x00, 0x00, 0x00, 0x00, 0x00, 0x00, 0x00, 0x00, 0x00, 0x00, 0x00, 0x00, 0x00, 0x00, 0x00, 0x00,
        0x00, 0x00, 0x00, 0x00, 0x00, 0x00, 0x00, 0x00, 0x00, 0x00, 0x00, 0x00, 0x00, 0x00, 0x00, 0x00,
        0x00, 0x00, 0x00, 0x00, 0x00, 0x00, 0x00, 0x00, 0x00, 0x00, 0x00, 0x00, 0x00, 0x00, 0x00, 0x00,
        0x00, 0x00, 0x00, 0x00, 0x00, 0x00, 0x00, 0x00, 0x00, 0x00, 0x00, 0x00, 0x00, 0x00, 0x00, 0x00,
        0x00, 0x00, 0x00, 0x00, 0x00, 0x00, 0x00, 0x00, 0x00, 0x00, 0x00, 0x00, 0x00, 0x00, 0x00, 0x00,
        0x00, 0x00, 0x00, 0x00, 0x00, 0x00, 0x00, 0x00, 0x00, 0x00, 0x00, 0x00, 0x00, 0x00, 0x00, 0x00,
        0x00, 0x00, 0x00, 0x00, 0x00, 0x00, 0x00, 0x00, 0x00, 0x00, 0x00, 0x00, 0x00, 0x00, 0x00, 0x00,
        0x00, 0x00, 0x00, 0x00, 0x00, 0x00, 0x00, 0x00, 0x00, 0x00, 0x00, 0x00, 0x00, 0x00, 0x00, 0x00,
        0x00, 0x00, 0x00, 0x00, 0x00, 0x00, 0x00, 0x00, 0x00, 0x00, 0x00, 0x00, 0x00, 0x00, 0x00, 0x00,
        0x00, 0x00, 0x00, 0x00, 0x00, 0x00, 0x00, 0x00, 0x00, 0x00, 0x00, 0x00, 0x00, 0x00, 0x00, 0x00,
        0x00, 0x00, 0x00, 0x00, 0x00, 0x00, 0x00, 0x00, 0x00, 0x00, 0x00, 0x00, 0x00, 0x00, 0x00, 0x00,
        0x00, 0x00, 0x00, 0x00, 0x00, 0x00, 0x00, 0x00, 0x00, 0x00, 0x00, 0x00, 0x00, 0x00, 0x00, 0x00,
        0x00, 0x00, 0x00, 0x00, 0x00, 0x00, 0x00, 0x00, 0x00, 0x00, 0x00, 0x00, 0x00, 0x00, 0x00, 0x00,
        0x00, 0x00, 0x00, 0x00, 0x00, 0x00, 0x00, 0x00, 0x00, 0x00, 0x00, 0x00, 0x00, 0x00, 0x00, 0x00,
        0x00, 0x00, 0x00, 0x00, 0x00, 0x00, 0x00, 0x00, 0x00, 0x00, 0x00, 0x00, 0x00, 0x00, 0x00, 0x00,
        0x00, 0x00, 0x00, 0x00, 0x00, 0x00, 0x00, 0x00, 0x00, 0x00, 0x00, 0x00, 0x00, 0x00, 0x00, 0x00,
        0x00, 0x00, 0x00, 0x00, 0x00, 0x00, 0x00, 0x00, 0x00, 0x00, 0x00, 0x00, 0x00, 0x00, 0x00, 0x00,
        0x00, 0x00, 0x00, 0x00, 0x00, 0x00, 0x00, 0x00, 0x00, 0x00, 0x00, 0x00, 0x00, 0x00, 0x00, 0x00,
        0x00, 0x00, 0x00, 0x00, 0x00, 0x00, 0x00, 0x00, 0x00, 0x00, 0x00, 0x00, 0x00, 0x00, 0x00, 0x00,
        0x00, 0x00, 0x00, 0x00, 0x00, 0x00, 0x00, 0x00, 0x00, 0x00, 0x00, 0x00, 0x00, 0x00, 0x00, 0x00,
        0x00, 0x00, 0x00, 0x00, 0x00, 0x00, 0x00, 0x00, 0x00, 0x00, 0x00, 0x00, 0x00, 0x00, 0x00, 0x00,
        0x00, 0x00, 0x00, 0x00, 0x00, 0x00, 0x00, 0x00, 0x00, 0x00, 0x00, 0x00, 0x00, 0x00, 0x00, 0x00,
        0x00, 0x00, 0x00, 0x00, 0x00, 0x00, 0x00, 0x00, 0x00, 0x00, 0x00, 0x00, 0x00, 0x00, 0x00, 0x00,
        0x00, 0x00, 0x00, 0x00, 0x00, 0x00, 0x00, 0x00, 0x00, 0x00, 0x00, 0x00, 0x00, 0x00, 0x00, 0x00,
        0x00, 0x00, 0x00, 0x00, 0x00, 0x00, 0x00, 0x00, 0x00, 0x00, 0x00, 0x00, 0x00, 0x00, 0x00, 0x00
};  // MusicKbdIcon_100x70

PROGMEM uint8_t SaveIcon_35x35[] = {
        0x42, 0x4D, 0xFC, 0x0E, 0x00, 0x00, 0x00, 0x00, 0x00, 0x00, 0x36, 0x00, 0x00, 0x00, 0x28, 0x00,
        0x00, 0x00, 0x23, 0x00, 0x00, 0x00, 0xDD, 0xFF, 0xFF, 0xFF, 0x01, 0x00, 0x18, 0x00, 0x00, 0x00,
        0x00, 0x00, 0xC6, 0x0E, 0x00, 0x00, 0x23, 0x2E, 0x00, 0x00, 0x23, 0x2E, 0x00, 0x00, 0x00, 0x00,
        0x00, 0x00, 0x00, 0x00, 0x00, 0x00, 0x00, 0x45, 0xFF, 0x00, 0x45, 0xFF, 0x00, 0x45, 0xFF, 0x00,
        0x45, 0xFF, 0x00, 0x45, 0xFF, 0x00, 0x45, 0xFF, 0x00, 0x45, 0xFF, 0x00, 0x45, 0xFF, 0x00, 0x45,
        0xFF, 0x00, 0x45, 0xFF, 0x00, 0x45, 0xFF, 0x00, 0x45, 0xFF, 0x00, 0x45, 0xFF, 0x00, 0x45, 0xFF,
        0x00, 0x45, 0xFF, 0x00, 0x45, 0xFF, 0x00, 0x45, 0xFF, 0x00, 0x45, 0xFF, 0x00, 0x45, 0xFF, 0x00,
        0x45, 0xFF, 0x00, 0x45, 0xFF, 0x00, 0x45, 0xFF, 0x00, 0x45, 0xFF, 0x00, 0x45, 0xFF, 0x00, 0x45,
        0xFF, 0x00, 0x45, 0xFF, 0x00, 0x45, 0xFF, 0x00, 0x45, 0xFF, 0x00, 0x45, 0xFF, 0x00, 0x45, 0xFF,
        0x00, 0x45, 0xFF, 0x00, 0x45, 0xFF, 0x00, 0x45, 0xFF, 0x00, 0x45, 0xFF, 0x00, 0x45, 0xFF, 0xA0,
        0xCC, 0xF9, 0x00, 0x45, 0xFF, 0x00, 0x45, 0xFF, 0x00, 0x45, 0xFF, 0x00, 0x45, 0xFF, 0x00, 0x45,
        0xFF, 0x00, 0x45, 0xFF, 0x00, 0x45, 0xFF, 0x00, 0x45, 0xFF, 0x00, 0x45, 0xFF, 0x00, 0x45, 0xFF,
        0x00, 0x45, 0xFF, 0x00, 0x45, 0xFF, 0x00, 0x45, 0xFF, 0x00, 0x45, 0xFF, 0x00, 0x45, 0xFF, 0x00,
        0x45, 0xFF, 0x00, 0x45, 0xFF, 0x00, 0x45, 0xFF, 0x00, 0x45, 0xFF, 0x00, 0x45, 0xFF, 0x00, 0x45,
        0xFF, 0x00, 0x45, 0xFF, 0x00, 0x45, 0xFF, 0x00, 0x45, 0xFF, 0x00, 0x45, 0xFF, 0x00, 0x45, 0xFF,
        0x00, 0x45, 0xFF, 0x00, 0x45, 0xFF, 0x00, 0x45, 0xFF, 0x00, 0x45, 0xFF, 0x00, 0x45, 0xFF, 0x00,
        0x45, 0xFF, 0x00, 0x45, 0xFF, 0x00, 0x45, 0xFF, 0x00, 0x45, 0xFF, 0x00, 0x00, 0x00, 0x00, 0x45,
        0xFF, 0x00, 0x45, 0xFF, 0x00, 0x45, 0xFF, 0x00, 0x45, 0xFF, 0x00, 0x45, 0xFF, 0x00, 0x45, 0xFF,
        0x00, 0x45, 0xFF, 0x00, 0x45, 0xFF, 0x00, 0x45, 0xFF, 0x00, 0x45, 0xFF, 0x00, 0x45, 0xFF, 0x00,
        0x45, 0xFF, 0x00, 0x45, 0xFF, 0x00, 0x45, 0xFF, 0x00, 0x45, 0xFF, 0x00, 0x45, 0xFF, 0x00, 0x45,
        0xFF, 0x00, 0x45, 0xFF, 0x00, 0x45, 0xFF, 0x00, 0x45, 0xFF, 0x00, 0x45, 0xFF, 0x00, 0x45, 0xFF,
        0x00, 0x45, 0xFF, 0x00, 0x45, 0xFF, 0x00, 0x45, 0xFF, 0x00, 0x45, 0xFF, 0x00, 0x45, 0xFF, 0x00,
        0x45, 0xFF, 0x00, 0x45, 0xFF, 0x00, 0x45, 0xFF, 0x00, 0x45, 0xFF, 0x00, 0x45, 0xFF, 0x00, 0x45,
        0xFF, 0x00, 0x45, 0xFF, 0x00, 0x45, 0xFF, 0xF6, 0xF6, 0xF6, 0x00, 0x45, 0xFF, 0x00, 0x45, 0xFF,
        0x00, 0x45, 0xFF, 0x00, 0x45, 0xFF, 0x00, 0x45, 0xFF, 0x00, 0x45, 0xFF, 0x00, 0x45, 0xFF, 0x00,
        0x45, 0xFF, 0x00, 0x45, 0xFF, 0x00, 0x45, 0xFF, 0x00, 0x45, 0xFF, 0x00, 0x45, 0xFF, 0x00, 0x45,
        0xFF, 0x00, 0x45, 0xFF, 0x00, 0x45, 0xFF, 0x00, 0x45, 0xFF, 0x00, 0x45, 0xFF, 0x00, 0x45, 0xFF,
        0x00, 0x45, 0xFF, 0x00, 0x45, 0xFF, 0x00, 0x45, 0xFF, 0x00, 0x45, 0xFF, 0x00, 0x45, 0xFF, 0x00,
        0x45, 0xFF, 0x00, 0x45, 0xFF, 0x00, 0x45, 0xFF, 0x00, 0x45, 0xFF, 0x00, 0x45, 0xFF, 0x00, 0x45,
        0xFF, 0x00, 0x45, 0xFF, 0x00, 0x45, 0xFF, 0x00, 0x45, 0xFF, 0x00, 0x45, 0xFF, 0x00, 0x45, 0xFF,
        0x00, 0x45, 0xFF, 0xFF, 0xFF, 0xFF, 0x00, 0x45, 0xFF, 0x00, 0x45, 0xFF, 0x00, 0x45, 0xFF, 0x00,
        0x45, 0xFF, 0x00, 0x45, 0xFF, 0x00, 0x45, 0xFF, 0x00, 0x45, 0xFF, 0x00, 0x45, 0xFF, 0x00, 0x45,
        0xFF, 0x00, 0x45, 0xFF, 0x00, 0x45, 0xFF, 0x00, 0x45, 0xFF, 0x00, 0x45, 0xFF, 0x00, 0x45, 0xFF,
        0x00, 0x45, 0xFF, 0x00, 0x45, 0xFF, 0x00, 0x45, 0xFF, 0x00, 0x45, 0xFF, 0x00, 0x45, 0xFF, 0x00,
        0x45, 0xFF, 0x00, 0x45, 0xFF, 0x00, 0x45, 0xFF, 0x00, 0x45, 0xFF, 0x00, 0x45, 0xFF, 0x00, 0x45,
        0xFF, 0x00, 0x45, 0xFF, 0x00, 0x45, 0xFF, 0x00, 0x45, 0xFF, 0x00, 0x45, 0xFF, 0x00, 0x45, 0xFF,
        0x00, 0x45, 0xFF, 0x00, 0x45, 0xFF, 0x00, 0x45, 0xFF, 0x00, 0x45, 0xFF, 0x00, 0x45, 0xFF, 0xF0,
        0xF0, 0xF0, 0x00, 0x45, 0xFF, 0x00, 0x45, 0xFF, 0x00, 0x45, 0xFF, 0x00, 0x45, 0xFF, 0x00, 0x45,
        0xFF, 0x00, 0x45, 0xFF, 0x00, 0x45, 0xFF, 0x00, 0x45, 0xFF, 0x00, 0x45, 0xFF, 0x00, 0x45, 0xFF,
        0x00, 0x45, 0xFF, 0x00, 0x45, 0xFF, 0x00, 0x45, 0xFF, 0x00, 0x45, 0xFF, 0x00, 0x45, 0xFF, 0x00,
        0x45, 0xFF, 0x00, 0x45, 0xFF, 0x00, 0x45, 0xFF, 0x00, 0x45, 0xFF, 0x00, 0x45, 0xFF, 0x00, 0x45,
        0xFF, 0x00, 0x45, 0xFF, 0x00, 0x45, 0xFF, 0x00, 0x45, 0xFF, 0x00, 0x45, 0xFF, 0x00, 0x45, 0xFF,
        0x00, 0x45, 0xFF, 0x00, 0x45, 0xFF, 0x00, 0x45, 0xFF, 0x00, 0x45, 0xFF, 0x00, 0x45, 0xFF, 0x00,
        0x45, 0xFF, 0x00, 0x45, 0xFF, 0x00, 0x45, 0xFF, 0x00, 0x45, 0xFF, 0xFF, 0x00, 0x00, 0x00, 0x45,
        0xFF, 0x00, 0x45, 0xFF, 0x00, 0x45, 0xFF, 0x00, 0x45, 0xFF, 0x00, 0x45, 0xFF, 0x00, 0x45, 0xFF,
        0x60, 0x8B, 0xFF, 0xBF, 0xD1, 0xFF, 0xBF, 0xD1, 0xFF, 0xBF, 0xD1, 0xFF, 0xBF, 0xD1, 0xFF, 0xBF,
        0xD1, 0xFF, 0xBF, 0xD1, 0xFF, 0xBF, 0xD1, 0xFF, 0xBF, 0xD1, 0xFF, 0xBF, 0xD1, 0xFF, 0xBF, 0xD1,
        0xFF, 0xBF, 0xD1, 0xFF, 0xBF, 0xD1, 0xFF, 0xBF, 0xD1, 0xFF, 0xBF, 0xD1, 0xFF, 0xBF, 0xD1, 0xFF,
        0xBF, 0xD1, 0xFF, 0xBF, 0xD1, 0xFF, 0xBF, 0xD1, 0xFF, 0xBF, 0xD1, 0xFF, 0xBF, 0xD1, 0xFF, 0xBF,
        0xD1, 0xFF, 0x40, 0x74, 0xFF, 0x00, 0x45, 0xFF, 0x00, 0x45, 0xFF, 0x00, 0x45, 0xFF, 0x00, 0x45,
        0xFF, 0x00, 0x45, 0xFF, 0x00, 0x45, 0xFF, 0xFF, 0x00, 0x00, 0x00, 0x45, 0xFF, 0x00, 0x45, 0xFF,
        0x00, 0x45, 0xFF, 0x00, 0x45, 0xFF, 0x00, 0x45, 0xFF, 0x00, 0x45, 0xFF, 0xBF, 0xD1, 0xFF, 0xFF,
        0xFF, 0xFF, 0xFF, 0xFF, 0xFF, 0xFF, 0xFF, 0xFF, 0xFF, 0xFF, 0xFF, 0xFF, 0xFF, 0xFF, 0xFF, 0xFF,
        0xFF, 0xFF, 0xFF, 0xFF, 0xFF, 0xFF, 0xFF, 0xFF, 0xFF, 0xFF, 0xFF, 0xFF, 0xFF, 0xFF, 0xFF, 0xFF,
        0xFF, 0xFF, 0xFF, 0xFF, 0xFF, 0xFF, 0xFF, 0xFF, 0xFF, 0xFF, 0xFF, 0xFF, 0xFF, 0xFF, 0xFF, 0xFF,
        0xFF, 0xFF, 0xFF, 0xFF, 0xFF, 0xFF, 0xFF, 0xFF, 0xFF, 0xFF, 0xFF, 0xFF, 0xFF, 0xFF, 0xBF, 0xD1,
        0xFF, 0x00, 0x45, 0xFF, 0x00, 0x45, 0xFF, 0x00, 0x45, 0xFF, 0x00, 0x45, 0xFF, 0x00, 0x45, 0xFF,
        0x00, 0x45, 0xFF, 0xFF, 0x00, 0x00, 0x00, 0x45, 0xFF, 0x00, 0x45, 0xFF, 0x00, 0x45, 0xFF, 0x00,
        0x45, 0xFF, 0x00, 0x45, 0xFF, 0x00, 0x45, 0xFF, 0xBF, 0xD1, 0xFF, 0xFF, 0xFF, 0xFF, 0xFF, 0xFF,
        0xFF, 0xFF, 0xFF, 0xFF, 0xFF, 0xFF, 0xFF, 0xFF, 0xFF, 0xFF, 0xFF, 0xFF, 0xFF, 0xFF, 0xFF, 0xFF,
        0xFF, 0xFF, 0xFF, 0xFF, 0xFF, 0xFF, 0xFF, 0xFF, 0xFF, 0xFF, 0xFF, 0xFF, 0xFF, 0xFF, 0xFF, 0xFF,
        0xFF, 0xFF, 0xFF, 0xFF, 0xFF, 0xFF, 0xFF, 0xFF, 0xFF, 0xFF, 0xFF, 0xFF, 0xFF, 0xFF, 0xFF, 0xFF,
        0xFF, 0xFF, 0xFF, 0xFF, 0xFF, 0xFF, 0xFF, 0xFF, 0xFF, 0xFF, 0xBF, 0xD1, 0xFF, 0x00, 0x45, 0xFF,
        0x00, 0x45, 0xFF, 0x00, 0x45, 0xFF, 0x00, 0x45, 0xFF, 0x00, 0x45, 0xFF, 0x00, 0x45, 0xFF, 0xFF,
        0x00, 0x00, 0x00, 0x45, 0xFF, 0x00, 0x45, 0xFF, 0x00, 0x45, 0xFF, 0x00, 0x45, 0xFF, 0x00, 0x45,
        0xFF, 0x00, 0x45, 0xFF, 0xBF, 0xD1, 0xFF, 0xFF, 0xFF, 0xFF, 0xFF, 0xFF, 0xFF, 0xFF, 0xFF, 0xFF,
        0xFF, 0xFF, 0xFF, 0xFF, 0xFF, 0xFF, 0xFF, 0xFF, 0xFF, 0xFF, 0xFF, 0xFF, 0xFF, 0xFF, 0xFF, 0xFF,
        0xFF, 0xFF, 0xFF, 0xFF, 0xFF, 0xFF, 0xFF, 0xFF, 0xFF, 0xFF, 0xFF, 0xFF, 0xFF, 0xFF, 0xFF, 0xFF,
        0xFF, 0xFF, 0xFF, 0xFF, 0xFF, 0xFF, 0xFF, 0xFF, 0xFF, 0xFF, 0xFF, 0xFF, 0xFF, 0xFF, 0xFF, 0xFF,
        0xFF, 0xFF, 0xFF, 0xFF, 0xFF, 0xFF, 0xBF, 0xD1, 0xFF, 0x00, 0x45, 0xFF, 0x00, 0x45, 0xFF, 0x00,
        0x45, 0xFF, 0x00, 0x45, 0xFF, 0x00, 0x45, 0xFF, 0x00, 0x45, 0xFF, 0xFF, 0x00, 0x00, 0x00, 0x45,
        0xFF, 0x00, 0x45, 0xFF, 0x00, 0x45, 0xFF, 0x00, 0x45, 0xFF, 0x00, 0x45, 0xFF, 0x00, 0x45, 0xFF,
        0xBF, 0xD1, 0xFF, 0xFF, 0xFF, 0xFF, 0xFF, 0xFF, 0xFF, 0xFF, 0xFF, 0xFF, 0xFF, 0xFF, 0xFF, 0xFF,
        0xFF, 0xFF, 0xFF, 0xFF, 0xFF, 0xFF, 0xFF, 0xFF, 0xFF, 0xFF, 0xFF, 0xFF, 0xFF, 0xFF, 0xFF, 0xFF,
        0xFF, 0xBF, 0xD1, 0xFF, 0xFF, 0xFF, 0xFF, 0xFF, 0xFF, 0xFF, 0xFF, 0xFF, 0xFF, 0xFF, 0xFF, 0xFF,
        0xFF, 0xFF, 0xFF, 0xFF, 0xFF, 0xFF, 0xFF, 0xFF, 0xFF, 0xFF, 0xFF, 0xFF, 0xFF, 0xFF, 0xFF, 0xFF,
        0xFF, 0xFF, 0xBF, 0xD1, 0xFF, 0x00, 0x45, 0xFF, 0x00, 0x45, 0xFF, 0x00, 0x45, 0xFF, 0x00, 0x45,
        0xFF, 0x00, 0x45, 0xFF, 0x00, 0x45, 0xFF, 0xFF, 0x00, 0x00, 0x00, 0x45, 0xFF, 0x00, 0x45, 0xFF,
        0x00, 0x45, 0xFF, 0x00, 0x45, 0xFF, 0x00, 0x45, 0xFF, 0x00, 0x45, 0xFF, 0xBF, 0xD1, 0xFF, 0xFF,
        0xFF, 0xFF, 0xFF, 0xFF, 0xFF, 0xFF, 0xFF, 0xFF, 0xFF, 0xFF, 0xFF, 0xFF, 0xFF, 0xFF, 0xFF, 0xFF,
        0xFF, 0xFF, 0xFF, 0xFF, 0xFF, 0xFF, 0xFF, 0xFF, 0xFF, 0xFF, 0xFF, 0xFF, 0xFF, 0x00, 0x45, 0xFF,
        0xFF, 0xFF, 0xFF, 0xFF, 0xFF, 0xFF, 0xFF, 0xFF, 0xFF, 0xFF, 0xFF, 0xFF, 0xFF, 0xFF, 0xFF, 0xFF,
        0xFF, 0xFF, 0xFF, 0xFF, 0xFF, 0xFF, 0xFF, 0xFF, 0xFF, 0xFF, 0xFF, 0xFF, 0xFF, 0xFF, 0xBF, 0xD1,
        0xFF, 0x00, 0x45, 0xFF, 0x00, 0x45, 0xFF, 0x00, 0x45, 0xFF, 0x00, 0x45, 0xFF, 0x00, 0x45, 0xFF,
        0x00, 0x45, 0xFF, 0xFF, 0x00, 0x00, 0x00, 0x45, 0xFF, 0x00, 0x45, 0xFF, 0x00, 0x45, 0xFF, 0x00,
        0x45, 0xFF, 0x00, 0x45, 0xFF, 0x00, 0x45, 0xFF, 0xBF, 0xD1, 0xFF, 0xFF, 0xFF, 0xFF, 0xFF, 0xFF,
        0xFF, 0xFF, 0xFF, 0xFF, 0xFF, 0xFF, 0xFF, 0xFF, 0xFF, 0xFF, 0xFF, 0xFF, 0xFF, 0xFF, 0xFF, 0xFF,
        0xFF, 0xFF, 0xFF, 0xFF, 0xFF, 0xFF, 0xFF, 0xFF, 0xFF, 0x00, 0x45, 0xFF, 0xFF, 0xFF, 0xFF, 0xFF,
        0xFF, 0xFF, 0xFF, 0xFF, 0xFF, 0xFF, 0xFF, 0xFF, 0xFF, 0xFF, 0xFF, 0xFF, 0xFF, 0xFF, 0xFF, 0xFF,
        0xFF, 0xFF, 0xFF, 0xFF, 0xFF, 0xFF, 0xFF, 0xFF, 0xFF, 0xFF, 0xBF, 0xD1, 0xFF, 0x00, 0x45, 0xFF,
        0x00, 0x45, 0xFF, 0x00, 0x45, 0xFF, 0x00, 0x45, 0xFF, 0x00, 0x45, 0xFF, 0x00, 0x45, 0xFF, 0xFF,
        0x00, 0x00, 0x00, 0x45, 0xFF, 0x00, 0x45, 0xFF, 0x00, 0x45, 0xFF, 0x00, 0x45, 0xFF, 0x00, 0x45,
        0xFF, 0x00, 0x45, 0xFF, 0xBF, 0xD1, 0xFF, 0xFF, 0xFF, 0xFF, 0xFF, 0xFF, 0xFF, 0xFF, 0xFF, 0xFF,
        0xFF, 0xFF, 0xFF, 0xFF, 0xFF, 0xFF, 0xFF, 0xFF, 0xFF, 0xFF, 0xFF, 0xFF, 0xFF, 0xFF, 0xFF, 0xFF,
        0xFF, 0xFF, 0xFF, 0xFF, 0xFF, 0x00, 0x45, 0xFF, 0xFF, 0xFF, 0xFF, 0xFF, 0xFF, 0xFF, 0xFF, 0xFF,
        0xFF, 0xFF, 0xFF, 0xFF, 0xFF, 0xFF, 0xFF, 0xFF, 0xFF, 0xFF, 0xFF, 0xFF, 0xFF, 0xFF, 0xFF, 0xFF,
        0xFF, 0xFF, 0xFF, 0xFF, 0xFF, 0xFF, 0xBF, 0xD1, 0xFF, 0x00, 0x45, 0xFF, 0x00, 0x45, 0xFF, 0x00,
        0x45, 0xFF, 0x00, 0x45, 0xFF, 0x00, 0x45, 0xFF, 0x00, 0x45, 0xFF, 0xFF, 0x00, 0x00, 0x00, 0x45,
        0xFF, 0x00, 0x45, 0xFF, 0x00, 0x45, 0xFF, 0x00, 0x45, 0xFF, 0x00, 0x45, 0xFF, 0x00, 0x45, 0xFF,
        0xBF, 0xD1, 0xFF, 0xFF, 0xFF, 0xFF, 0xFF, 0xFF, 0xFF, 0xFF, 0xFF, 0xFF, 0xFF, 0xFF, 0xFF, 0xFF,
        0xFF, 0xFF, 0xFF, 0xFF, 0xFF, 0xFF, 0xFF, 0xFF, 0xFF, 0xFF, 0xFF, 0xFF, 0xFF, 0xFF, 0xFF, 0xFF,
        0xFF, 0x00, 0x45, 0xFF, 0xFF, 0xFF, 0xFF, 0xFF, 0xFF, 0xFF, 0xFF, 0xFF, 0xFF, 0xFF, 0xFF, 0xFF,
        0xFF, 0xFF, 0xFF, 0xFF, 0xFF, 0xFF, 0xFF, 0xFF, 0xFF, 0xFF, 0xFF, 0xFF, 0xFF, 0xFF, 0xFF, 0xFF,
        0xFF, 0xFF, 0xBF, 0xD1, 0xFF, 0x00, 0x45, 0xFF, 0x00, 0x45, 0xFF, 0x00, 0x45, 0xFF, 0x00, 0x45,
        0xFF, 0x00, 0x45, 0xFF, 0x00, 0x45, 0xFF, 0xFF, 0x00, 0x00, 0x00, 0x45, 0xFF, 0x00, 0x45, 0xFF,
        0x00, 0x45, 0xFF, 0x00, 0x45, 0xFF, 0x00, 0x45, 0xFF, 0x00, 0x45, 0xFF, 0xBF, 0xD1, 0xFF, 0xFF,
        0xFF, 0xFF, 0xFF, 0xFF, 0xFF, 0xFF, 0xFF, 0xFF, 0xFF, 0xFF, 0xFF, 0xFF, 0xFF, 0xFF, 0xFF, 0xFF,
        0xFF, 0xFF, 0xFF, 0xFF, 0xFF, 0xFF, 0xFF, 0xFF, 0xFF, 0xFF, 0xFF, 0xFF, 0xFF, 0x00, 0x45, 0xFF,
        0xFF, 0xFF, 0xFF, 0xFF, 0xFF, 0xFF, 0xFF, 0xFF, 0xFF, 0xFF, 0xFF, 0xFF, 0xFF, 0xFF, 0xFF, 0xFF,
        0xFF, 0xFF, 0xFF, 0xFF, 0xFF, 0xFF, 0xFF, 0xFF, 0xFF, 0xFF, 0xFF, 0xFF, 0xFF, 0xFF, 0xBF, 0xD1,
        0xFF, 0x00, 0x45, 0xFF, 0x00, 0x45, 0xFF, 0x00, 0x45, 0xFF, 0x00, 0x45, 0xFF, 0x00, 0x45, 0xFF,
        0x00, 0x45, 0xFF, 0xFF, 0x00, 0x00, 0x00, 0x45, 0xFF, 0x00, 0x45, 0xFF, 0x00, 0x45, 0xFF, 0x00,
        0x45, 0xFF, 0x00, 0x45, 0xFF, 0x00, 0x45, 0xFF, 0xBF, 0xD1, 0xFF, 0xFF, 0xFF, 0xFF, 0xFF, 0xFF,
        0xFF, 0xFF, 0xFF, 0xFF, 0xFF, 0xFF, 0xFF, 0xFF, 0xFF, 0xFF, 0xFF, 0xFF, 0xFF, 0xFF, 0xFF, 0xFF,
        0xFF, 0xFF, 0xFF, 0xFF, 0xFF, 0xFF, 0xFF, 0xFF, 0xFF, 0x00, 0x45, 0xFF, 0xFF, 0xFF, 0xFF, 0xFF,
        0xFF, 0xFF, 0xFF, 0xFF, 0xFF, 0xFF, 0xFF, 0xFF, 0xFF, 0xFF, 0xFF, 0xFF, 0xFF, 0xFF, 0xFF, 0xFF,
        0xFF, 0xFF, 0xFF, 0xFF, 0xFF, 0xFF, 0xFF, 0xFF, 0xFF, 0xFF, 0xBF, 0xD1, 0xFF, 0x00, 0x45, 0xFF,
        0x00, 0x45, 0xFF, 0x00, 0x45, 0xFF, 0x00, 0x45, 0xFF, 0x00, 0x45, 0xFF, 0x00, 0x45, 0xFF, 0xFF,
        0x00, 0x00, 0x00, 0x45, 0xFF, 0x00, 0x45, 0xFF, 0x00, 0x45, 0xFF, 0x00, 0x45, 0xFF, 0x00, 0x45,
        0xFF, 0x00, 0x45, 0xFF, 0xBF, 0xD1, 0xFF, 0xFF, 0xFF, 0xFF, 0xFF, 0xFF, 0xFF, 0xFF, 0xFF, 0xFF,
        0xFF, 0xFF, 0xFF, 0xFF, 0xFF, 0xFF, 0xFF, 0xFF, 0xFF, 0x60, 0x8B, 0xFF, 0x50, 0x7F, 0xFF, 0xEF,
        0xF3, 0xFF, 0xFF, 0xFF, 0xFF, 0x00, 0x45, 0xFF, 0xFF, 0xFF, 0xFF, 0xEF, 0xF3, 0xFF, 0x50, 0x7F,
        0xFF, 0x60, 0x8B, 0xFF, 0xFF, 0xFF, 0xFF, 0xFF, 0xFF, 0xFF, 0xFF, 0xFF, 0xFF, 0xFF, 0xFF, 0xFF,
        0xFF, 0xFF, 0xFF, 0xFF, 0xFF, 0xFF, 0xBF, 0xD1, 0xFF, 0x00, 0x45, 0xFF, 0x00, 0x45, 0xFF, 0x00,
        0x45, 0xFF, 0x00, 0x45, 0xFF, 0x00, 0x45, 0xFF, 0x00, 0x45, 0xFF, 0x00, 0x00, 0x00, 0x00, 0x45,
        0xFF, 0x00, 0x45, 0xFF, 0x00, 0x45, 0xFF, 0x00, 0x45, 0xFF, 0x00, 0x45, 0xFF, 0x00, 0x45, 0xFF,
        0xBF, 0xD1, 0xFF, 0xFF, 0xFF, 0xFF, 0xFF, 0xFF, 0xFF, 0xFF, 0xFF, 0xFF, 0xFF, 0xFF, 0xFF, 0xFF,
        0xFF, 0xFF, 0xFF, 0xFF, 0xFF, 0xEF, 0xF3, 0xFF, 0x40, 0x74, 0xFF, 0x30, 0x68, 0xFF, 0xCF, 0xDC,
        0xFF, 0x00, 0x45, 0xFF, 0xCF, 0xDC, 0xFF, 0x30, 0x68, 0xFF, 0x40, 0x74, 0xFF, 0xEF, 0xF3, 0xFF,
        0xFF, 0xFF, 0xFF, 0xFF, 0xFF, 0xFF, 0xFF, 0xFF, 0xFF, 0xFF, 0xFF, 0xFF, 0xFF, 0xFF, 0xFF, 0xFF,
        0xFF, 0xFF, 0xBF, 0xD1, 0xFF, 0x00, 0x45, 0xFF, 0x00, 0x45, 0xFF, 0x00, 0x45, 0xFF, 0x00, 0x45,
        0xFF, 0x00, 0x45, 0xFF, 0x00, 0x45, 0xFF, 0x00, 0x00, 0x00, 0x00, 0x45, 0xFF, 0x00, 0x45, 0xFF,
        0x00, 0x45, 0xFF, 0x00, 0x45, 0xFF, 0x00, 0x45, 0xFF, 0x00, 0x45, 0xFF, 0xBF, 0xD1, 0xFF, 0xFF,
        0xFF, 0xFF, 0xFF, 0xFF, 0xFF, 0xFF, 0xFF, 0xFF, 0xFF, 0xFF, 0xFF, 0xFF, 0xFF, 0xFF, 0xFF, 0xFF,
        0xFF, 0xFF, 0xFF, 0xFF, 0xFF, 0xFF, 0xFF, 0x70, 0x96, 0xFF, 0x00, 0x45, 0xFF, 0x00, 0x45, 0xFF,
        0x00, 0x45, 0xFF, 0x70, 0x96, 0xFF, 0xFF, 0xFF, 0xFF, 0xFF, 0xFF, 0xFF, 0xFF, 0xFF, 0xFF, 0xFF,
        0xFF, 0xFF, 0xFF, 0xFF, 0xFF, 0xFF, 0xFF, 0xFF, 0xFF, 0xFF, 0xFF, 0xFF, 0xFF, 0xFF, 0xBF, 0xD1,
        0xFF, 0x00, 0x45, 0xFF, 0x00, 0x45, 0xFF, 0x00, 0x45, 0xFF, 0x00, 0x45, 0xFF, 0x00, 0x45, 0xFF,
        0x00, 0x45, 0xFF, 0x00, 0x00, 0x00, 0x00, 0x45, 0xFF, 0x00, 0x45, 0xFF, 0x00, 0x45, 0xFF, 0x00,
        0x45, 0xFF, 0x00, 0x45, 0xFF, 0x00, 0x45, 0xFF, 0xBF, 0xD1, 0xFF, 0xFF, 0xFF, 0xFF, 0xFF, 0xFF,
        0xFF, 0xFF, 0xFF, 0xFF, 0xFF, 0xFF, 0xFF, 0xFF, 0xFF, 0xFF, 0xFF, 0xFF, 0xFF, 0xFF, 0xFF, 0xFF,
        0xFF, 0xFF, 0xFF, 0xFF, 0xFF, 0xFF, 0x9F, 0xB9, 0xFF, 0x20, 0x5C, 0xFF, 0x9F, 0xB9, 0xFF, 0xFF,
        0xFF, 0xFF, 0xFF, 0xFF, 0xFF, 0xFF, 0xFF, 0xFF, 0xFF, 0xFF, 0xFF, 0xFF, 0xFF, 0xFF, 0xFF, 0xFF,
        0xFF, 0xFF, 0xFF, 0xFF, 0xFF, 0xFF, 0xFF, 0xFF, 0xFF, 0xFF, 0xBF, 0xD1, 0xFF, 0x00, 0x45, 0xFF,
        0x00, 0x45, 0xFF, 0x00, 0x45, 0xFF, 0x00, 0x45, 0xFF, 0x00, 0x45, 0xFF, 0x00, 0x45, 0xFF, 0x00,
        0x00, 0x00, 0x00, 0x45, 0xFF, 0x00, 0x45, 0xFF, 0x00, 0x45, 0xFF, 0x00, 0x45, 0xFF, 0x00, 0x45,
        0xFF, 0x00, 0x45, 0xFF, 0xBF, 0xD1, 0xFF, 0xFF, 0xFF, 0xFF, 0xFF, 0xFF, 0xFF, 0xFF, 0xFF, 0xFF,
        0xFF, 0xFF, 0xFF, 0xFF, 0xFF, 0xFF, 0xFF, 0xFF, 0xFF, 0xFF, 0xFF, 0xFF, 0xFF, 0xFF, 0xFF, 0xFF,
        0xFF, 0xFF, 0xFF, 0xFF, 0xFF, 0xFF, 0xFF, 0xFF, 0xFF, 0xFF, 0xFF, 0xFF, 0xFF, 0xFF, 0xFF, 0xFF,
        0xFF, 0xFF, 0xFF, 0xFF, 0xFF, 0xFF, 0xFF, 0xFF, 0xFF, 0xFF, 0xFF, 0xFF, 0xFF, 0xFF, 0xFF, 0xFF,
        0xFF, 0xFF, 0xFF, 0xFF, 0xFF, 0xFF, 0xBF, 0xD1, 0xFF, 0x00, 0x45, 0xFF, 0x00, 0x45, 0xFF, 0x00,
        0x45, 0xFF, 0x00, 0x45, 0xFF, 0x00, 0x45, 0xFF, 0x00, 0x45, 0xFF, 0x00, 0x00, 0x00, 0x00, 0x45,
        0xFF, 0x00, 0x45, 0xFF, 0x00, 0x45, 0xFF, 0x00, 0x45, 0xFF, 0x00, 0x45, 0xFF, 0x00, 0x45, 0xFF,
        0xBF, 0xD1, 0xFF, 0xFF, 0xFF, 0xFF, 0xFF, 0xFF, 0xFF, 0xFF, 0xFF, 0xFF, 0xFF, 0xFF, 0xFF, 0xFF,
        0xFF, 0xFF, 0xFF, 0xFF, 0xFF, 0xFF, 0xFF, 0xFF, 0xFF, 0xFF, 0xFF, 0xFF, 0xFF, 0xFF, 0xFF, 0xFF,
        0xFF, 0xFF, 0xFF, 0xFF, 0xFF, 0xFF, 0xFF, 0xFF, 0xFF, 0xFF, 0xFF, 0xFF, 0xFF, 0xFF, 0xFF, 0xFF,
        0xFF, 0xFF, 0xFF, 0xFF, 0xFF, 0xFF, 0xFF, 0xFF, 0xFF, 0xFF, 0xFF, 0xFF, 0xFF, 0xFF, 0xFF, 0xFF,
        0xFF, 0xFF, 0xBF, 0xD1, 0xFF, 0x00, 0x45, 0xFF, 0x00, 0x45, 0xFF, 0x00, 0x45, 0xFF, 0x00, 0x45,
        0xFF, 0x00, 0x45, 0xFF, 0x00, 0x45, 0xFF, 0xE6, 0x63, 0x27, 0x00, 0x45, 0xFF, 0x00, 0x45, 0xFF,
        0x00, 0x45, 0xFF, 0x00, 0x45, 0xFF, 0x00, 0x45, 0xFF, 0x00, 0x45, 0xFF, 0xBF, 0xD1, 0xFF, 0xFF,
        0xFF, 0xFF, 0xFF, 0xFF, 0xFF, 0xFF, 0xFF, 0xFF, 0xFF, 0xFF, 0xFF, 0xDF, 0xE8, 0xFF, 0x40, 0x74,
        0xFF, 0x40, 0x74, 0xFF, 0x40, 0x74, 0xFF, 0x40, 0x74, 0xFF, 0x40, 0x74, 0xFF, 0x40, 0x74, 0xFF,
        0x40, 0x74, 0xFF, 0x40, 0x74, 0xFF, 0x40, 0x74, 0xFF, 0x40, 0x74, 0xFF, 0x40, 0x74, 0xFF, 0xDF,
        0xE8, 0xFF, 0xFF, 0xFF, 0xFF, 0xFF, 0xFF, 0xFF, 0xFF, 0xFF, 0xFF, 0xFF, 0xFF, 0xFF, 0xBF, 0xD1,
        0xFF, 0x00, 0x45, 0xFF, 0x00, 0x45, 0xFF, 0x00, 0x45, 0xFF, 0x00, 0x45, 0xFF, 0x00, 0x45, 0xFF,
        0x00, 0x45, 0xFF, 0x01, 0x00, 0x00, 0x00, 0x45, 0xFF, 0x00, 0x45, 0xFF, 0x00, 0x45, 0xFF, 0x00,
        0x45, 0xFF, 0x00, 0x45, 0xFF, 0x00, 0x45, 0xFF, 0xBF, 0xD1, 0xFF, 0xFF, 0xFF, 0xFF, 0xFF, 0xFF,
        0xFF, 0xFF, 0xFF, 0xFF, 0xFF, 0xFF, 0xFF, 0xFF, 0xFF, 0xFF, 0x9F, 0xB9, 0xFF, 0x80, 0xA2, 0xFF,
        0x80, 0xA2, 0xFF, 0x80, 0xA2, 0xFF, 0x80, 0xA2, 0xFF, 0x80, 0xA2, 0xFF, 0x80, 0xA2, 0xFF, 0x80,
        0xA2, 0xFF, 0x80, 0xA2, 0xFF, 0x80, 0xA2, 0xFF, 0x9F, 0xB9, 0xFF, 0xFF, 0xFF, 0xFF, 0xFF, 0xFF,
        0xFF, 0xFF, 0xFF, 0xFF, 0xFF, 0xFF, 0xFF, 0xFF, 0xFF, 0xFF, 0xBF, 0xD1, 0xFF, 0x00, 0x45, 0xFF,
        0x00, 0x45, 0xFF, 0x00, 0x45, 0xFF, 0x00, 0x45, 0xFF, 0x00, 0x45, 0xFF, 0x00, 0x45, 0xFF, 0x00,
        0x00, 0x00, 0x00, 0x45, 0xFF, 0x00, 0x45, 0xFF, 0x00, 0x45, 0xFF, 0x00, 0x45, 0xFF, 0x00, 0x45,
        0xFF, 0x00, 0x45, 0xFF, 0xBF, 0xD1, 0xFF, 0xFF, 0xFF, 0xFF, 0xFF, 0xFF, 0xFF, 0xFF, 0xFF, 0xFF,
        0xFF, 0xFF, 0xFF, 0xFF, 0xFF, 0xFF, 0xFF, 0xFF, 0xFF, 0xFF, 0xFF, 0xFF, 0xFF, 0xFF, 0xFF, 0xFF,
        0xFF, 0xFF, 0xFF, 0xFF, 0xFF, 0xFF, 0xFF, 0xFF, 0xFF, 0xFF, 0xFF, 0xFF, 0xFF, 0xFF, 0xFF, 0xFF,
        0xFF, 0xFF, 0xFF, 0xFF, 0xFF, 0xFF, 0xFF, 0xFF, 0xFF, 0xFF, 0xFF, 0xFF, 0xFF, 0xFF, 0xFF, 0xFF,
        0xFF, 0xFF, 0xFF, 0xFF, 0xFF, 0xFF, 0xBF, 0xD1, 0xFF, 0x00, 0x45, 0xFF, 0x00, 0x45, 0xFF, 0x00,
        0x45, 0xFF, 0x00, 0x45, 0xFF, 0x00, 0x45, 0xFF, 0x00, 0x45, 0xFF, 0x00, 0x00, 0x00, 0x00, 0x45,
        0xFF, 0x00, 0x45, 0xFF, 0x00, 0x45, 0xFF, 0x00, 0x45, 0xFF, 0x00, 0x45, 0xFF, 0x00, 0x45, 0xFF,
        0xBF, 0xD1, 0xFF, 0xFF, 0xFF, 0xFF, 0xFF, 0xFF, 0xFF, 0xFF, 0xFF, 0xFF, 0xFF, 0xFF, 0xFF, 0xFF,
        0xFF, 0xFF, 0xFF, 0xFF, 0xFF, 0xFF, 0xFF, 0xFF, 0xFF, 0xFF, 0xFF, 0xFF, 0xFF, 0xFF, 0xFF, 0xFF,
        0xFF, 0xFF, 0xFF, 0xFF, 0xFF, 0xFF, 0xFF, 0xFF, 0xFF, 0xFF, 0xFF, 0xFF, 0xFF, 0xFF, 0xFF, 0xFF,
        0xFF, 0xFF, 0xFF, 0xFF, 0xFF, 0xFF, 0xFF, 0xFF, 0xFF, 0xFF, 0xFF, 0xFF, 0xFF, 0xFF, 0xFF, 0xFF,
        0xFF, 0xFF, 0xBF, 0xD1, 0xFF, 0x00, 0x45, 0xFF, 0x00, 0x45, 0xFF, 0x00, 0x45, 0xFF, 0x00, 0x45,
        0xFF, 0x00, 0x45, 0xFF, 0x00, 0x45, 0xFF, 0x00, 0x00, 0x00, 0x00, 0x45, 0xFF, 0x00, 0x45, 0xFF,
        0x00, 0x45, 0xFF, 0x00, 0x45, 0xFF, 0x00, 0x45, 0xFF, 0x00, 0x45, 0xFF, 0xBF, 0xD1, 0xFF, 0xFF,
        0xFF, 0xFF, 0xFF, 0xFF, 0xFF, 0xFF, 0xFF, 0xFF, 0xFF, 0xFF, 0xFF, 0xFF, 0xFF, 0xFF, 0xFF, 0xFF,
        0xFF, 0xFF, 0xFF, 0xFF, 0xFF, 0xFF, 0xFF, 0xFF, 0xFF, 0xFF, 0xFF, 0xFF, 0xFF, 0xFF, 0xFF, 0xFF,
        0xFF, 0xFF, 0xFF, 0xFF, 0xFF, 0xFF, 0xFF, 0xFF, 0xFF, 0xFF, 0xFF, 0xFF, 0xFF, 0xFF, 0xFF, 0xFF,
        0xFF, 0xFF, 0xFF, 0xFF, 0xFF, 0xFF, 0xFF, 0xFF, 0xFF, 0xFF, 0xFF, 0xFF, 0xFF, 0xFF, 0xBF, 0xD1,
        0xFF, 0x00, 0x45, 0xFF, 0x00, 0x45, 0xFF, 0x00, 0x45, 0xFF, 0x00, 0x45, 0xFF, 0x00, 0x45, 0xFF,
        0x00, 0x45, 0xFF, 0x01, 0x00, 0x00, 0x00, 0x45, 0xFF, 0x00, 0x45, 0xFF, 0x00, 0x45, 0xFF, 0x00,
        0x45, 0xFF, 0x00, 0x45, 0xFF, 0x00, 0x45, 0xFF, 0x40, 0x74, 0xFF, 0xBF, 0xD1, 0xFF, 0xBF, 0xD1,
        0xFF, 0xBF, 0xD1, 0xFF, 0xBF, 0xD1, 0xFF, 0xBF, 0xD1, 0xFF, 0xBF, 0xD1, 0xFF, 0xBF, 0xD1, 0xFF,
        0xBF, 0xD1, 0xFF, 0xBF, 0xD1, 0xFF, 0xBF, 0xD1, 0xFF, 0xBF, 0xD1, 0xFF, 0xBF, 0xD1, 0xFF, 0xBF,
        0xD1, 0xFF, 0xBF, 0xD1, 0xFF, 0xBF, 0xD1, 0xFF, 0xBF, 0xD1, 0xFF, 0xBF, 0xD1, 0xFF, 0xBF, 0xD1,
        0xFF, 0xBF, 0xD1, 0xFF, 0xBF, 0xD1, 0xFF, 0xBF, 0xD1, 0xFF, 0x40, 0x74, 0xFF, 0x00, 0x45, 0xFF,
        0x00, 0x45, 0xFF, 0x00, 0x45, 0xFF, 0x00, 0x45, 0xFF, 0x00, 0x45, 0xFF, 0x00, 0x45, 0xFF, 0x00,
        0x00, 0x00, 0x00, 0x45, 0xFF, 0x00, 0x45, 0xFF, 0x00, 0x45, 0xFF, 0x00, 0x45, 0xFF, 0x00, 0x45,
        0xFF, 0x00, 0x45, 0xFF, 0x00, 0x45, 0xFF, 0x00, 0x45, 0xFF, 0x00, 0x45, 0xFF, 0x00, 0x45, 0xFF,
        0x00, 0x45, 0xFF, 0x00, 0x45, 0xFF, 0x00, 0x45, 0xFF, 0x00, 0x45, 0xFF, 0x00, 0x45, 0xFF, 0x00,
        0x45, 0xFF, 0x00, 0x45, 0xFF, 0x00, 0x45, 0xFF, 0x00, 0x45, 0xFF, 0x00, 0x45, 0xFF, 0x00, 0x45,
        0xFF, 0x00, 0x45, 0xFF, 0x00, 0x45, 0xFF, 0x00, 0x45, 0xFF, 0x00, 0x45, 0xFF, 0x00, 0x45, 0xFF,
        0x00, 0x45, 0xFF, 0x00, 0x45, 0xFF, 0x00, 0x45, 0xFF, 0x00, 0x45, 0xFF, 0x00, 0x45, 0xFF, 0x00,
        0x45, 0xFF, 0x00, 0x45, 0xFF, 0x00, 0x45, 0xFF, 0x00, 0x45, 0xFF, 0x00, 0x00, 0x00, 0x00, 0x45,
        0xFF, 0x00, 0x45, 0xFF, 0x00, 0x45, 0xFF, 0x00, 0x45, 0xFF, 0x00, 0x45, 0xFF, 0x00, 0x45, 0xFF,
        0x00, 0x45, 0xFF, 0x00, 0x45, 0xFF, 0x00, 0x45, 0xFF, 0x00, 0x45, 0xFF, 0x00, 0x45, 0xFF, 0x00,
        0x45, 0xFF, 0x00, 0x45, 0xFF, 0x00, 0x45, 0xFF, 0x00, 0x45, 0xFF, 0x00, 0x45, 0xFF, 0x00, 0x45,
        0xFF, 0x00, 0x45, 0xFF, 0x00, 0x45, 0xFF, 0x00, 0x45, 0xFF, 0x00, 0x45, 0xFF, 0x00, 0x45, 0xFF,
        0x00, 0x45, 0xFF, 0x00, 0x45, 0xFF, 0x00, 0x45, 0xFF, 0x00, 0x45, 0xFF, 0x00, 0x45, 0xFF, 0x00,
        0x45, 0xFF, 0x00, 0x45, 0xFF, 0x00, 0x45, 0xFF, 0x00, 0x45, 0xFF, 0x00, 0x45, 0xFF, 0x00, 0x45,
        0xFF, 0x00, 0x45, 0xFF, 0x00, 0x45, 0xFF, 0x00, 0x00, 0x00, 0x00, 0x45, 0xFF, 0x00, 0x45, 0xFF,
        0x00, 0x45, 0xFF, 0x00, 0x45, 0xFF, 0x00, 0x45, 0xFF, 0x00, 0x45, 0xFF, 0x00, 0x45, 0xFF, 0x00,
        0x45, 0xFF, 0x00, 0x45, 0xFF, 0x00, 0x45, 0xFF, 0x00, 0x45, 0xFF, 0x00, 0x45, 0xFF, 0x00, 0x45,
        0xFF, 0x00, 0x45, 0xFF, 0x00, 0x45, 0xFF, 0x00, 0x45, 0xFF, 0x00, 0x45, 0xFF, 0x00, 0x45, 0xFF,
        0x00, 0x45, 0xFF, 0x00, 0x45, 0xFF, 0x00, 0x45, 0xFF, 0x00, 0x45, 0xFF, 0x00, 0x45, 0xFF, 0x00,
        0x45, 0xFF, 0x00, 0x45, 0xFF, 0x00, 0x45, 0xFF, 0x00, 0x45, 0xFF, 0x00, 0x45, 0xFF, 0x00, 0x45,
        0xFF, 0x00, 0x45, 0xFF, 0x00, 0x45, 0xFF, 0x00, 0x45, 0xFF, 0x00, 0x45, 0xFF, 0x00, 0x45, 0xFF,
        0x00, 0x45, 0xFF, 0x00, 0x00, 0x00, 0x00, 0x45, 0xFF, 0x00, 0x45, 0xFF, 0x00, 0x45, 0xFF, 0x00,
        0x45, 0xFF, 0x00, 0x45, 0xFF, 0x00, 0x45, 0xFF, 0x00, 0x45, 0xFF, 0x00, 0x45, 0xFF, 0x00, 0x45,
        0xFF, 0x00, 0x45, 0xFF, 0x00, 0x45, 0xFF, 0x00, 0x45, 0xFF, 0x00, 0x45, 0xFF, 0x00, 0x45, 0xFF,
        0x00, 0x45, 0xFF, 0x00, 0x45, 0xFF, 0x00, 0x45, 0xFF, 0x00, 0x45, 0xFF, 0x00, 0x45, 0xFF, 0x00,
        0x45, 0xFF, 0x00, 0x45, 0xFF, 0x00, 0x45, 0xFF, 0x00, 0x45, 0xFF, 0x00, 0x45, 0xFF, 0x00, 0x45,
        0xFF, 0x00, 0x45, 0xFF, 0x00, 0x45, 0xFF, 0x00, 0x45, 0xFF, 0x00, 0x45, 0xFF, 0x00, 0x45, 0xFF,
        0x00, 0x45, 0xFF, 0x00, 0x45, 0xFF, 0x00, 0x45, 0xFF, 0x00, 0x45, 0xFF, 0x00, 0x45, 0xFF, 0xEB,
        0x63, 0x27, 0x00, 0x45, 0xFF, 0x00, 0x45, 0xFF, 0x00, 0x45, 0xFF, 0x00, 0x45, 0xFF, 0x00, 0x45,
        0xFF, 0x00, 0x45, 0xFF, 0x00, 0x45, 0xFF, 0x00, 0x45, 0xFF, 0x00, 0x45, 0xFF, 0x00, 0x45, 0xFF,
        0x00, 0x45, 0xFF, 0x00, 0x45, 0xFF, 0x00, 0x45, 0xFF, 0x00, 0x45, 0xFF, 0x00, 0x45, 0xFF, 0x00,
        0x45, 0xFF, 0x00, 0x45, 0xFF, 0x00, 0x45, 0xFF, 0x00, 0x45, 0xFF, 0x00, 0x45, 0xFF, 0x00, 0x45,
        0xFF, 0x00, 0x45, 0xFF, 0x00, 0x45, 0xFF, 0x00, 0x45, 0xFF, 0x00, 0x45, 0xFF, 0x00, 0x45, 0xFF,
        0x00, 0x45, 0xFF, 0x00, 0x45, 0xFF, 0x00, 0x45, 0xFF, 0x00, 0x45, 0xFF, 0x00, 0x45, 0xFF, 0x00,
        0x45, 0xFF, 0x00, 0x45, 0xFF, 0x00, 0x45, 0xFF, 0x00, 0x45, 0xFF, 0x00, 0x00, 0x00, 0x00, 0x45,
        0xFF, 0x00, 0x45, 0xFF, 0x00, 0x45, 0xFF, 0x00, 0x45, 0xFF, 0x00, 0x45, 0xFF, 0x00, 0x45, 0xFF,
        0x00, 0x45, 0xFF, 0x00, 0x45, 0xFF, 0x00, 0x45, 0xFF, 0x00, 0x45, 0xFF, 0x00, 0x45, 0xFF, 0x00,
        0x45, 0xFF, 0x00, 0x45, 0xFF, 0x00, 0x45, 0xFF, 0x00, 0x45, 0xFF, 0x00, 0x45, 0xFF, 0x00, 0x45,
        0xFF, 0x00, 0x45, 0xFF, 0x00, 0x45, 0xFF, 0x00, 0x45, 0xFF, 0x00, 0x45, 0xFF, 0x00, 0x45, 0xFF,
        0x00, 0x45, 0xFF, 0x00, 0x45, 0xFF, 0x00, 0x45, 0xFF, 0x00, 0x45, 0xFF, 0x00, 0x45, 0xFF, 0x00,
        0x45, 0xFF, 0x00, 0x45, 0xFF, 0x00, 0x45, 0xFF, 0x00, 0x45, 0xFF, 0x00, 0x45, 0xFF, 0x00, 0x45,
        0xFF, 0x00, 0x45, 0xFF, 0x00, 0x45, 0xFF, 0x00, 0x00, 0x00, 0x00, 0x00
}; // SaveIcon_35x35

PROGMEM uint8_t ImportSettingsIcon_35x35[] = {
        0x42, 0x4D, 0xFC, 0x0E, 0x00, 0x00, 0x00, 0x00, 0x00, 0x00, 0x36, 0x00, 0x00, 0x00, 0x28, 0x00,
        0x00, 0x00, 0x23, 0x00, 0x00, 0x00, 0xDD, 0xFF, 0xFF, 0xFF, 0x01, 0x00, 0x18, 0x00, 0x00, 0x00,
        0x00, 0x00, 0xC6, 0x0E, 0x00, 0x00, 0x23, 0x2E, 0x00, 0x00, 0x23, 0x2E, 0x00, 0x00, 0x00, 0x00,
        0x00, 0x00, 0x00, 0x00, 0x00, 0x00, 0x00, 0x45, 0xFF, 0x00, 0x45, 0xFF, 0x00, 0x45, 0xFF, 0x00,
        0x45, 0xFF, 0x00, 0x45, 0xFF, 0x00, 0x45, 0xFF, 0x00, 0x45, 0xFF, 0x00, 0x45, 0xFF, 0x00, 0x45,
        0xFF, 0x00, 0x45, 0xFF, 0x00, 0x45, 0xFF, 0x00, 0x45, 0xFF, 0x00, 0x45, 0xFF, 0x00, 0x45, 0xFF,
        0x00, 0x45, 0xFF, 0x00, 0x45, 0xFF, 0x00, 0x45, 0xFF, 0x00, 0x45, 0xFF, 0x00, 0x45, 0xFF, 0x00,
        0x45, 0xFF, 0x00, 0x45, 0xFF, 0x00, 0x45, 0xFF, 0x00, 0x45, 0xFF, 0x00, 0x45, 0xFF, 0x00, 0x45,
        0xFF, 0x00, 0x45, 0xFF, 0x00, 0x45, 0xFF, 0x00, 0x45, 0xFF, 0x00, 0x45, 0xFF, 0x00, 0x45, 0xFF,
        0x00, 0x45, 0xFF, 0x00, 0x45, 0xFF, 0x00, 0x45, 0xFF, 0x00, 0x45, 0xFF, 0x00, 0x45, 0xFF, 0x16,
        0x0B, 0x00, 0x00, 0x45, 0xFF, 0x00, 0x45, 0xFF, 0x00, 0x45, 0xFF, 0x10, 0x51, 0xFF, 0x8F, 0xAD,
        0xFF, 0xBF, 0xD0, 0xFF, 0xBF, 0xD0, 0xFF, 0xBF, 0xD0, 0xFF, 0xBF, 0xD0, 0xFF, 0xBF, 0xD0, 0xFF,
        0xBF, 0xD0, 0xFF, 0xBF, 0xD0, 0xFF, 0xBF, 0xD0, 0xFF, 0xBF, 0xD0, 0xFF, 0xBF, 0xD0, 0xFF, 0xBF,
        0xD0, 0xFF, 0xBF, 0xD0, 0xFF, 0xBF, 0xD0, 0xFF, 0xBF, 0xD0, 0xFF, 0x9F, 0xB9, 0xFF, 0x30, 0x68,
        0xFF, 0x00, 0x45, 0xFF, 0x00, 0x45, 0xFF, 0x00, 0x45, 0xFF, 0x00, 0x45, 0xFF, 0x00, 0x45, 0xFF,
        0x00, 0x45, 0xFF, 0x00, 0x45, 0xFF, 0x00, 0x45, 0xFF, 0x00, 0x45, 0xFF, 0x00, 0x45, 0xFF, 0x00,
        0x45, 0xFF, 0x00, 0x45, 0xFF, 0x00, 0x45, 0xFF, 0x00, 0x45, 0xFF, 0x00, 0x00, 0x00, 0x00, 0x45,
        0xFF, 0x00, 0x45, 0xFF, 0x00, 0x45, 0xFF, 0xCF, 0xDC, 0xFF, 0xDF, 0xE8, 0xFF, 0x80, 0xA2, 0xFF,
        0x80, 0xA2, 0xFF, 0x80, 0xA2, 0xFF, 0x80, 0xA2, 0xFF, 0x80, 0xA2, 0xFF, 0x80, 0xA2, 0xFF, 0x80,
        0xA2, 0xFF, 0x80, 0xA2, 0xFF, 0x80, 0xA2, 0xFF, 0x80, 0xA2, 0xFF, 0x80, 0xA2, 0xFF, 0x80, 0xA2,
        0xFF, 0x80, 0xA2, 0xFF, 0x80, 0xA2, 0xFF, 0xBF, 0xD0, 0xFF, 0xFF, 0xFF, 0xFF, 0x20, 0x5C, 0xFF,
        0x00, 0x45, 0xFF, 0x00, 0x45, 0xFF, 0x00, 0x45, 0xFF, 0x00, 0x45, 0xFF, 0x00, 0x45, 0xFF, 0x00,
        0x45, 0xFF, 0x00, 0x45, 0xFF, 0x00, 0x45, 0xFF, 0x00, 0x45, 0xFF, 0x00, 0x45, 0xFF, 0x00, 0x45,
        0xFF, 0x00, 0x45, 0xFF, 0x00, 0x45, 0xFF, 0x05, 0x02, 0x00, 0x00, 0x45, 0xFF, 0x00, 0x45, 0xFF,
        0x40, 0x74, 0xFF, 0xFF, 0xFF, 0xFF, 0x20, 0x5C, 0xFF, 0x00, 0x45, 0xFF, 0x00, 0x45, 0xFF, 0x00,
        0x45, 0xFF, 0x00, 0x45, 0xFF, 0x00, 0x45, 0xFF, 0x00, 0x45, 0xFF, 0x00, 0x45, 0xFF, 0x00, 0x45,
        0xFF, 0x00, 0x45, 0xFF, 0x00, 0x45, 0xFF, 0x00, 0x45, 0xFF, 0x00, 0x45, 0xFF, 0x00, 0x45, 0xFF,
        0x00, 0x45, 0xFF, 0x00, 0x45, 0xFF, 0xCF, 0xDC, 0xFF, 0x80, 0xA2, 0xFF, 0x00, 0x45, 0xFF, 0x00,
        0x45, 0xFF, 0x00, 0x45, 0xFF, 0x00, 0x45, 0xFF, 0x00, 0x45, 0xFF, 0x00, 0x45, 0xFF, 0x00, 0x45,
        0xFF, 0x00, 0x45, 0xFF, 0x00, 0x45, 0xFF, 0x00, 0x45, 0xFF, 0x00, 0x45, 0xFF, 0x00, 0x45, 0xFF,
        0x00, 0x45, 0xFF, 0x00, 0x00, 0x00, 0x00, 0x45, 0xFF, 0x00, 0x45, 0xFF, 0x40, 0x74, 0xFF, 0xFF,
        0xFF, 0xFF, 0x00, 0x45, 0xFF, 0x00, 0x45, 0xFF, 0x30, 0x68, 0xFF, 0x40, 0x74, 0xFF, 0x40, 0x74,
        0xFF, 0x40, 0x74, 0xFF, 0x40, 0x74, 0xFF, 0x40, 0x74, 0xFF, 0x40, 0x74, 0xFF, 0x40, 0x74, 0xFF,
        0x40, 0x74, 0xFF, 0x40, 0x74, 0xFF, 0x40, 0x74, 0xFF, 0x40, 0x74, 0xFF, 0x00, 0x45, 0xFF, 0x00,
        0x45, 0xFF, 0xBF, 0xD0, 0xFF, 0x80, 0xA2, 0xFF, 0x00, 0x45, 0xFF, 0x00, 0x45, 0xFF, 0x00, 0x45,
        0xFF, 0x00, 0x45, 0xFF, 0x00, 0x45, 0xFF, 0x00, 0x45, 0xFF, 0x00, 0x45, 0xFF, 0x00, 0x45, 0xFF,
        0x00, 0x45, 0xFF, 0x00, 0x45, 0xFF, 0x00, 0x45, 0xFF, 0x00, 0x45, 0xFF, 0x00, 0x45, 0xFF, 0x0A,
        0x1F, 0x00, 0x00, 0x45, 0xFF, 0x00, 0x45, 0xFF, 0x40, 0x74, 0xFF, 0xFF, 0xFF, 0xFF, 0x00, 0x45,
        0xFF, 0x00, 0x45, 0xFF, 0xAF, 0xC5, 0xFF, 0xFF, 0xFF, 0xFF, 0xFF, 0xFF, 0xFF, 0xFF, 0xFF, 0xFF,
        0xFF, 0xFF, 0xFF, 0xFF, 0xFF, 0xFF, 0xFF, 0xFF, 0xFF, 0xFF, 0xFF, 0xFF, 0xFF, 0xFF, 0xFF, 0xFF,
        0xFF, 0xFF, 0xFF, 0xFF, 0xFF, 0xFF, 0xFF, 0xFF, 0x00, 0x45, 0xFF, 0x00, 0x45, 0xFF, 0xBF, 0xD0,
        0xFF, 0x80, 0xA2, 0xFF, 0x00, 0x45, 0xFF, 0x00, 0x45, 0xFF, 0x00, 0x45, 0xFF, 0x00, 0x45, 0xFF,
        0x00, 0x45, 0xFF, 0x00, 0x45, 0xFF, 0x00, 0x45, 0xFF, 0x00, 0x45, 0xFF, 0x00, 0x45, 0xFF, 0x00,
        0x45, 0xFF, 0x00, 0x45, 0xFF, 0x00, 0x45, 0xFF, 0x00, 0x45, 0xFF, 0x00, 0x00, 0x00, 0x00, 0x45,
        0xFF, 0x00, 0x45, 0xFF, 0x40, 0x74, 0xFF, 0xFF, 0xFF, 0xFF, 0x00, 0x45, 0xFF, 0x00, 0x45, 0xFF,
        0x00, 0x45, 0xFF, 0x00, 0x45, 0xFF, 0x00, 0x45, 0xFF, 0x00, 0x45, 0xFF, 0x00, 0x45, 0xFF, 0x00,
        0x45, 0xFF, 0x00, 0x45, 0xFF, 0x00, 0x45, 0xFF, 0x00, 0x45, 0xFF, 0x00, 0x45, 0xFF, 0x00, 0x45,
        0xFF, 0x00, 0x45, 0xFF, 0x00, 0x45, 0xFF, 0x00, 0x45, 0xFF, 0xBF, 0xD0, 0xFF, 0x80, 0xA2, 0xFF,
        0x00, 0x45, 0xFF, 0x00, 0x45, 0xFF, 0x00, 0x45, 0xFF, 0x00, 0x45, 0xFF, 0x00, 0x45, 0xFF, 0x00,
        0x45, 0xFF, 0x00, 0x45, 0xFF, 0x00, 0x45, 0xFF, 0x00, 0x45, 0xFF, 0x00, 0x45, 0xFF, 0x00, 0x45,
        0xFF, 0x00, 0x45, 0xFF, 0x00, 0x45, 0xFF, 0x0A, 0x2D, 0x00, 0x00, 0x45, 0xFF, 0x00, 0x45, 0xFF,
        0x40, 0x74, 0xFF, 0xFF, 0xFF, 0xFF, 0x00, 0x45, 0xFF, 0x00, 0x45, 0xFF, 0x8F, 0xAD, 0xFF, 0xBF,
        0xD0, 0xFF, 0xBF, 0xD0, 0xFF, 0xBF, 0xD0, 0xFF, 0xBF, 0xD0, 0xFF, 0xBF, 0xD0, 0xFF, 0xBF, 0xD0,
        0xFF, 0xBF, 0xD0, 0xFF, 0xBF, 0xD0, 0xFF, 0xBF, 0xD0, 0xFF, 0xBF, 0xD0, 0xFF, 0xBF, 0xD0, 0xFF,
        0x00, 0x45, 0xFF, 0x00, 0x45, 0xFF, 0xBF, 0xD0, 0xFF, 0x80, 0xA2, 0xFF, 0x00, 0x45, 0xFF, 0x00,
        0x45, 0xFF, 0x00, 0x45, 0xFF, 0x00, 0x45, 0xFF, 0x00, 0x45, 0xFF, 0x00, 0x45, 0xFF, 0x00, 0x45,
        0xFF, 0x00, 0x45, 0xFF, 0x00, 0x45, 0xFF, 0x00, 0x45, 0xFF, 0x00, 0x45, 0xFF, 0x00, 0x45, 0xFF,
        0x00, 0x45, 0xFF, 0x00, 0x00, 0x00, 0x00, 0x45, 0xFF, 0x00, 0x45, 0xFF, 0x40, 0x74, 0xFF, 0xFF,
        0xFF, 0xFF, 0x00, 0x45, 0xFF, 0x00, 0x45, 0xFF, 0x40, 0x74, 0xFF, 0x80, 0xA2, 0xFF, 0x80, 0xA2,
        0xFF, 0x80, 0xA2, 0xFF, 0x80, 0xA2, 0xFF, 0x80, 0xA2, 0xFF, 0x80, 0xA2, 0xFF, 0x80, 0xA2, 0xFF,
        0x80, 0xA2, 0xFF, 0x80, 0xA2, 0xFF, 0x80, 0xA2, 0xFF, 0x70, 0x97, 0xFF, 0x00, 0x45, 0xFF, 0x00,
        0x45, 0xFF, 0xBF, 0xD0, 0xFF, 0x80, 0xA2, 0xFF, 0x00, 0x45, 0xFF, 0x00, 0x45, 0xFF, 0x00, 0x45,
        0xFF, 0x00, 0x45, 0xFF, 0x00, 0x45, 0xFF, 0x00, 0x45, 0xFF, 0x00, 0x45, 0xFF, 0x00, 0x45, 0xFF,
        0x00, 0x45, 0xFF, 0x00, 0x45, 0xFF, 0x00, 0x45, 0xFF, 0x00, 0x45, 0xFF, 0x00, 0x45, 0xFF, 0x15,
        0x01, 0x00, 0x00, 0x45, 0xFF, 0x00, 0x45, 0xFF, 0x40, 0x74, 0xFF, 0xFF, 0xFF, 0xFF, 0x00, 0x45,
        0xFF, 0x00, 0x45, 0xFF, 0x50, 0x7F, 0xFF, 0x80, 0xA2, 0xFF, 0x80, 0xA2, 0xFF, 0x80, 0xA2, 0xFF,
        0x80, 0xA2, 0xFF, 0x80, 0xA2, 0xFF, 0x80, 0xA2, 0xFF, 0x80, 0xA2, 0xFF, 0x80, 0xA2, 0xFF, 0x80,
        0xA2, 0xFF, 0x80, 0xA2, 0xFF, 0x70, 0x97, 0xFF, 0x00, 0x45, 0xFF, 0x00, 0x45, 0xFF, 0xBF, 0xD0,
        0xFF, 0x80, 0xA2, 0xFF, 0x00, 0x45, 0xFF, 0x00, 0x45, 0xFF, 0x00, 0x45, 0xFF, 0x00, 0x45, 0xFF,
        0x00, 0x45, 0xFF, 0x00, 0x45, 0xFF, 0x00, 0x45, 0xFF, 0x00, 0x45, 0xFF, 0x00, 0x45, 0xFF, 0x00,
        0x45, 0xFF, 0x00, 0x45, 0xFF, 0x00, 0x45, 0xFF, 0x00, 0x45, 0xFF, 0x00, 0x00, 0x00, 0x00, 0x45,
        0xFF, 0x00, 0x45, 0xFF, 0x40, 0x74, 0xFF, 0xFF, 0xFF, 0xFF, 0x00, 0x45, 0xFF, 0x00, 0x45, 0xFF,
        0x8F, 0xAD, 0xFF, 0xBF, 0xD0, 0xFF, 0xBF, 0xD0, 0xFF, 0xBF, 0xD0, 0xFF, 0xBF, 0xD0, 0xFF, 0xBF,
        0xD0, 0xFF, 0xBF, 0xD0, 0xFF, 0xBF, 0xD0, 0xFF, 0xBF, 0xD0, 0xFF, 0xBF, 0xD0, 0xFF, 0xBF, 0xD0,
        0xFF, 0xBF, 0xD0, 0xFF, 0x00, 0x45, 0xFF, 0x00, 0x45, 0xFF, 0xBF, 0xD0, 0xFF, 0x80, 0xA2, 0xFF,
        0x00, 0x45, 0xFF, 0x00, 0x45, 0xFF, 0x00, 0x45, 0xFF, 0x00, 0x45, 0xFF, 0x00, 0x45, 0xFF, 0x00,
        0x45, 0xFF, 0x00, 0x45, 0xFF, 0x00, 0x45, 0xFF, 0x00, 0x45, 0xFF, 0x00, 0x45, 0xFF, 0x00, 0x45,
        0xFF, 0x00, 0x45, 0xFF, 0x00, 0x45, 0xFF, 0x13, 0x01, 0x00, 0x00, 0x45, 0xFF, 0x00, 0x45, 0xFF,
        0x40, 0x74, 0xFF, 0xFF, 0xFF, 0xFF, 0x00, 0x45, 0xFF, 0x00, 0x45, 0xFF, 0x00, 0x45, 0xFF, 0x00,
        0x45, 0xFF, 0x00, 0x45, 0xFF, 0x00, 0x45, 0xFF, 0x00, 0x45, 0xFF, 0x00, 0x45, 0xFF, 0x00, 0x45,
        0xFF, 0x00, 0x45, 0xFF, 0x00, 0x45, 0xFF, 0x00, 0x45, 0xFF, 0x00, 0x45, 0xFF, 0x00, 0x45, 0xFF,
        0x00, 0x45, 0xFF, 0x00, 0x45, 0xFF, 0xBF, 0xD0, 0xFF, 0x80, 0xA2, 0xFF, 0x00, 0x45, 0xFF, 0x00,
        0x45, 0xFF, 0x00, 0x45, 0xFF, 0x00, 0x45, 0xFF, 0x00, 0x45, 0xFF, 0x00, 0x45, 0xFF, 0x00, 0x45,
        0xFF, 0x00, 0x45, 0xFF, 0x00, 0x45, 0xFF, 0x00, 0x45, 0xFF, 0x00, 0x45, 0xFF, 0x00, 0x45, 0xFF,
        0x00, 0x45, 0xFF, 0x00, 0x00, 0x00, 0x00, 0x45, 0xFF, 0x00, 0x45, 0xFF, 0x40, 0x74, 0xFF, 0xFF,
        0xFF, 0xFF, 0x00, 0x45, 0xFF, 0x00, 0x45, 0xFF, 0xAF, 0xC5, 0xFF, 0xFF, 0xFF, 0xFF, 0xFF, 0xFF,
        0xFF, 0xFF, 0xFF, 0xFF, 0xFF, 0xFF, 0xFF, 0xFF, 0xFF, 0xFF, 0xFF, 0xFF, 0xFF, 0xFF, 0xFF, 0xFF,
        0xFF, 0xFF, 0xFF, 0xFF, 0xFF, 0xFF, 0xFF, 0xFF, 0xFF, 0xFF, 0xFF, 0xFF, 0x00, 0x45, 0xFF, 0x00,
        0x45, 0xFF, 0xBF, 0xD0, 0xFF, 0x80, 0xA2, 0xFF, 0x00, 0x45, 0xFF, 0x00, 0x45, 0xFF, 0x00, 0x45,
        0xFF, 0x00, 0x45, 0xFF, 0x00, 0x45, 0xFF, 0x00, 0x45, 0xFF, 0x00, 0x45, 0xFF, 0x00, 0x45, 0xFF,
        0x00, 0x45, 0xFF, 0x00, 0x45, 0xFF, 0x00, 0x45, 0xFF, 0x00, 0x45, 0xFF, 0x00, 0x45, 0xFF, 0x0B,
        0x04, 0x00, 0x00, 0x45, 0xFF, 0x00, 0x45, 0xFF, 0x40, 0x74, 0xFF, 0xFF, 0xFF, 0xFF, 0x00, 0x45,
        0xFF, 0x00, 0x45, 0xFF, 0x30, 0x68, 0xFF, 0x40, 0x74, 0xFF, 0x40, 0x74, 0xFF, 0x40, 0x74, 0xFF,
        0x40, 0x74, 0xFF, 0x40, 0x74, 0xFF, 0x40, 0x74, 0xFF, 0x40, 0x74, 0xFF, 0x60, 0x8B, 0xFF, 0xBF,
        0xD0, 0xFF, 0xBF, 0xD0, 0xFF, 0xBF, 0xD0, 0xFF, 0x80, 0xA2, 0xFF, 0x80, 0xA2, 0xFF, 0x9F, 0xB9,
        0xFF, 0x8F, 0xAD, 0xFF, 0x80, 0xA2, 0xFF, 0x80, 0xA2, 0xFF, 0x80, 0xA2, 0xFF, 0x80, 0xA2, 0xFF,
        0x80, 0xA2, 0xFF, 0x80, 0xA2, 0xFF, 0x80, 0xA2, 0xFF, 0x80, 0xA2, 0xFF, 0x60, 0x8B, 0xFF, 0x00,
        0x45, 0xFF, 0x00, 0x45, 0xFF, 0x00, 0x45, 0xFF, 0x00, 0x45, 0xFF, 0x00, 0x00, 0x00, 0x00, 0x45,
        0xFF, 0x00, 0x45, 0xFF, 0x40, 0x74, 0xFF, 0xFF, 0xFF, 0xFF, 0x00, 0x45, 0xFF, 0x00, 0x45, 0xFF,
        0x60, 0x8B, 0xFF, 0x80, 0xA2, 0xFF, 0x80, 0xA2, 0xFF, 0x80, 0xA2, 0xFF, 0x80, 0xA2, 0xFF, 0x80,
        0xA2, 0xFF, 0x80, 0xA2, 0xFF, 0x30, 0x68, 0xFF, 0xEF, 0xF3, 0xFF, 0xFF, 0xFF, 0xFF, 0xFF, 0xFF,
        0xFF, 0xFF, 0xFF, 0xFF, 0xFF, 0xFF, 0xFF, 0xFF, 0xFF, 0xFF, 0xFF, 0xFF, 0xFF, 0xFF, 0xFF, 0xFF,
        0xFF, 0xFF, 0xFF, 0xFF, 0xFF, 0xFF, 0xFF, 0xFF, 0xFF, 0xFF, 0xFF, 0xFF, 0xFF, 0xFF, 0xFF, 0xFF,
        0xFF, 0xFF, 0xFF, 0xFF, 0xFF, 0xFF, 0xFF, 0xFF, 0xFF, 0xFF, 0xFF, 0xBF, 0xD0, 0xFF, 0x00, 0x45,
        0xFF, 0x00, 0x45, 0xFF, 0x00, 0x45, 0xFF, 0x01, 0x01, 0x00, 0x00, 0x45, 0xFF, 0x00, 0x45, 0xFF,
        0x40, 0x74, 0xFF, 0xFF, 0xFF, 0xFF, 0x00, 0x45, 0xFF, 0x00, 0x45, 0xFF, 0x80, 0xA2, 0xFF, 0xBF,
        0xD0, 0xFF, 0xBF, 0xD0, 0xFF, 0xBF, 0xD0, 0xFF, 0xBF, 0xD0, 0xFF, 0xBF, 0xD0, 0xFF, 0xBF, 0xD0,
        0xFF, 0x9F, 0xB9, 0xFF, 0xFF, 0xFF, 0xFF, 0xFF, 0xFF, 0xFF, 0xFF, 0xFF, 0xFF, 0xFF, 0xFF, 0xFF,
        0xFF, 0xFF, 0xFF, 0xFF, 0xFF, 0xFF, 0xFF, 0xFF, 0xFF, 0xFF, 0xFF, 0xFF, 0xFF, 0xFF, 0xFF, 0xFF,
        0xFF, 0xFF, 0xFF, 0xFF, 0xFF, 0xFF, 0xFF, 0xFF, 0xFF, 0xFF, 0xFF, 0xFF, 0xFF, 0xFF, 0xFF, 0xFF,
        0xFF, 0xFF, 0xFF, 0xFF, 0xFF, 0xFF, 0xFF, 0xFF, 0xFF, 0xFF, 0x30, 0x68, 0xFF, 0x00, 0x45, 0xFF,
        0x00, 0x45, 0xFF, 0x00, 0x00, 0x00, 0x00, 0x45, 0xFF, 0x00, 0x45, 0xFF, 0x40, 0x74, 0xFF, 0xFF,
        0xFF, 0xFF, 0x00, 0x45, 0xFF, 0x00, 0x45, 0xFF, 0x00, 0x45, 0xFF, 0x00, 0x45, 0xFF, 0x00, 0x45,
        0xFF, 0x00, 0x45, 0xFF, 0x00, 0x45, 0xFF, 0x00, 0x45, 0xFF, 0x00, 0x45, 0xFF, 0x80, 0xA2, 0xFF,
        0xFF, 0xFF, 0xFF, 0xFF, 0xFF, 0xFF, 0xFF, 0xFF, 0xFF, 0xFF, 0xFF, 0xFF, 0xFF, 0xFF, 0xFF, 0xFF,
        0xFF, 0xFF, 0xFF, 0xFF, 0xFF, 0xFF, 0xFF, 0xFF, 0xFF, 0xFF, 0xFF, 0xFF, 0xFF, 0xFF, 0xFF, 0xFF,
        0xFF, 0xFF, 0xFF, 0xFF, 0xFF, 0xFF, 0xFF, 0xFF, 0xFF, 0xFF, 0xFF, 0xFF, 0xFF, 0xFF, 0xFF, 0xFF,
        0xFF, 0xFF, 0xFF, 0xFF, 0xFF, 0xFF, 0x40, 0x74, 0xFF, 0x00, 0x45, 0xFF, 0x00, 0x45, 0xFF, 0x08,
        0x02, 0x00, 0x00, 0x45, 0xFF, 0x00, 0x45, 0xFF, 0x40, 0x74, 0xFF, 0xFF, 0xFF, 0xFF, 0x00, 0x45,
        0xFF, 0x00, 0x45, 0xFF, 0xBF, 0xD0, 0xFF, 0xFF, 0xFF, 0xFF, 0xFF, 0xFF, 0xFF, 0xFF, 0xFF, 0xFF,
        0xFF, 0xFF, 0xFF, 0xFF, 0xFF, 0xFF, 0xFF, 0xFF, 0xFF, 0xBF, 0xD0, 0xFF, 0xFF, 0xFF, 0xFF, 0xFF,
        0xFF, 0xFF, 0xFF, 0xFF, 0xFF, 0xFF, 0xFF, 0xFF, 0xCF, 0xDC, 0xFF, 0xCF, 0xDC, 0xFF, 0xFF, 0xFF,
        0xFF, 0xBF, 0xD0, 0xFF, 0x80, 0xA2, 0xFF, 0x80, 0xA2, 0xFF, 0x80, 0xA2, 0xFF, 0x80, 0xA2, 0xFF,
        0x80, 0xA2, 0xFF, 0x80, 0xA2, 0xFF, 0xBF, 0xD0, 0xFF, 0xFF, 0xFF, 0xFF, 0xFF, 0xFF, 0xFF, 0xFF,
        0xFF, 0xFF, 0x40, 0x74, 0xFF, 0x00, 0x45, 0xFF, 0x00, 0x45, 0xFF, 0x00, 0x00, 0x00, 0x00, 0x45,
        0xFF, 0x00, 0x45, 0xFF, 0x40, 0x74, 0xFF, 0xFF, 0xFF, 0xFF, 0x00, 0x45, 0xFF, 0x00, 0x45, 0xFF,
        0x00, 0x45, 0xFF, 0x00, 0x45, 0xFF, 0x00, 0x45, 0xFF, 0x00, 0x45, 0xFF, 0x00, 0x45, 0xFF, 0x00,
        0x45, 0xFF, 0x00, 0x45, 0xFF, 0x80, 0xA2, 0xFF, 0xFF, 0xFF, 0xFF, 0xFF, 0xFF, 0xFF, 0xFF, 0xFF,
        0xFF, 0xCF, 0xDC, 0xFF, 0x40, 0x74, 0xFF, 0x50, 0x7F, 0xFF, 0x9F, 0xB9, 0xFF, 0xFF, 0xFF, 0xFF,
        0xFF, 0xFF, 0xFF, 0xFF, 0xFF, 0xFF, 0xFF, 0xFF, 0xFF, 0xFF, 0xFF, 0xFF, 0xFF, 0xFF, 0xFF, 0xFF,
        0xFF, 0xFF, 0xFF, 0xFF, 0xFF, 0xFF, 0xFF, 0xFF, 0xFF, 0xFF, 0xFF, 0xFF, 0xFF, 0xFF, 0x40, 0x74,
        0xFF, 0x00, 0x45, 0xFF, 0x00, 0x45, 0xFF, 0x07, 0x04, 0x00, 0x00, 0x45, 0xFF, 0x00, 0x45, 0xFF,
        0x30, 0x68, 0xFF, 0xFF, 0xFF, 0xFF, 0x30, 0x68, 0xFF, 0x00, 0x45, 0xFF, 0x00, 0x45, 0xFF, 0x00,
        0x45, 0xFF, 0x00, 0x45, 0xFF, 0x00, 0x45, 0xFF, 0x00, 0x45, 0xFF, 0x00, 0x45, 0xFF, 0x00, 0x45,
        0xFF, 0x40, 0x74, 0xFF, 0x80, 0xA2, 0xFF, 0x80, 0xA2, 0xFF, 0x80, 0xA2, 0xFF, 0x60, 0x8B, 0xFF,
        0x50, 0x7F, 0xFF, 0xFF, 0xFF, 0xFF, 0x60, 0x8B, 0xFF, 0x9F, 0xB9, 0xFF, 0xFF, 0xFF, 0xFF, 0x8F,
        0xAD, 0xFF, 0x80, 0xA2, 0xFF, 0x80, 0xA2, 0xFF, 0x80, 0xA2, 0xFF, 0x80, 0xA2, 0xFF, 0xCF, 0xDC,
        0xFF, 0xFF, 0xFF, 0xFF, 0xFF, 0xFF, 0xFF, 0xFF, 0xFF, 0xFF, 0x40, 0x74, 0xFF, 0x00, 0x45, 0xFF,
        0x00, 0x45, 0xFF, 0x00, 0x00, 0x00, 0x00, 0x45, 0xFF, 0x00, 0x45, 0xFF, 0x00, 0x45, 0xFF, 0xBF,
        0xD0, 0xFF, 0xEF, 0xF3, 0xFF, 0xBF, 0xD0, 0xFF, 0xBF, 0xD0, 0xFF, 0xBF, 0xD0, 0xFF, 0xBF, 0xD0,
        0xFF, 0xBF, 0xD0, 0xFF, 0xBF, 0xD0, 0xFF, 0xBF, 0xD0, 0xFF, 0xBF, 0xD0, 0xFF, 0xBF, 0xD0, 0xFF,
        0xBF, 0xD0, 0xFF, 0xBF, 0xD0, 0xFF, 0xBF, 0xD0, 0xFF, 0xBF, 0xD0, 0xFF, 0xBF, 0xD0, 0xFF, 0xEF,
        0xF3, 0xFF, 0xFF, 0xFF, 0xFF, 0x30, 0x68, 0xFF, 0xDF, 0xE8, 0xFF, 0xBF, 0xD0, 0xFF, 0xBF, 0xD0,
        0xFF, 0xBF, 0xD0, 0xFF, 0xBF, 0xD0, 0xFF, 0xBF, 0xD0, 0xFF, 0xDF, 0xE8, 0xFF, 0xFF, 0xFF, 0xFF,
        0xFF, 0xFF, 0xFF, 0xFF, 0xFF, 0xFF, 0x40, 0x74, 0xFF, 0x00, 0x45, 0xFF, 0x00, 0x45, 0xFF, 0x07,
        0x01, 0x00, 0x00, 0x45, 0xFF, 0x00, 0x45, 0xFF, 0x00, 0x45, 0xFF, 0x00, 0x45, 0xFF, 0x60, 0x8B,
        0xFF, 0x80, 0xA2, 0xFF, 0x80, 0xA2, 0xFF, 0x80, 0xA2, 0xFF, 0x80, 0xA2, 0xFF, 0x80, 0xA2, 0xFF,
        0x80, 0xA2, 0xFF, 0x80, 0xA2, 0xFF, 0x80, 0xA2, 0xFF, 0x80, 0xA2, 0xFF, 0x80, 0xA2, 0xFF, 0x80,
        0xA2, 0xFF, 0x80, 0xA2, 0xFF, 0x80, 0xA2, 0xFF, 0x80, 0xA2, 0xFF, 0xEF, 0xF3, 0xFF, 0xEF, 0xF3,
        0xFF, 0x30, 0x68, 0xFF, 0xEF, 0xF3, 0xFF, 0xFF, 0xFF, 0xFF, 0xFF, 0xFF, 0xFF, 0xFF, 0xFF, 0xFF,
        0xFF, 0xFF, 0xFF, 0xFF, 0xFF, 0xFF, 0xFF, 0xFF, 0xFF, 0xFF, 0xFF, 0xFF, 0xFF, 0xFF, 0xFF, 0xFF,
        0xFF, 0xFF, 0x40, 0x74, 0xFF, 0x00, 0x45, 0xFF, 0x00, 0x45, 0xFF, 0x00, 0x00, 0x00, 0x00, 0x45,
        0xFF, 0x00, 0x45, 0xFF, 0x00, 0x45, 0xFF, 0x00, 0x45, 0xFF, 0x00, 0x45, 0xFF, 0x00, 0x45, 0xFF,
        0x00, 0x45, 0xFF, 0x00, 0x45, 0xFF, 0x00, 0x45, 0xFF, 0x00, 0x45, 0xFF, 0x00, 0x45, 0xFF, 0x00,
        0x45, 0xFF, 0x00, 0x45, 0xFF, 0x60, 0x8B, 0xFF, 0xBF, 0xD0, 0xFF, 0xBF, 0xD0, 0xFF, 0xBF, 0xD0,
        0xFF, 0x8F, 0xAD, 0xFF, 0x70, 0x97, 0xFF, 0xEF, 0xF3, 0xFF, 0x40, 0x74, 0xFF, 0xCF, 0xDC, 0xFF,
        0xFF, 0xFF, 0xFF, 0x60, 0x8B, 0xFF, 0x40, 0x74, 0xFF, 0x40, 0x74, 0xFF, 0x40, 0x74, 0xFF, 0x40,
        0x74, 0xFF, 0xBF, 0xD0, 0xFF, 0xFF, 0xFF, 0xFF, 0xFF, 0xFF, 0xFF, 0xFF, 0xFF, 0xFF, 0x40, 0x74,
        0xFF, 0x00, 0x45, 0xFF, 0x00, 0x45, 0xFF, 0x04, 0x01, 0x00, 0x00, 0x45, 0xFF, 0x00, 0x45, 0xFF,
        0x00, 0x45, 0xFF, 0x00, 0x45, 0xFF, 0x00, 0x45, 0xFF, 0x00, 0x45, 0xFF, 0x00, 0x45, 0xFF, 0x00,
        0x45, 0xFF, 0x00, 0x45, 0xFF, 0x00, 0x45, 0xFF, 0x00, 0x45, 0xFF, 0x00, 0x45, 0xFF, 0x00, 0x45,
        0xFF, 0x80, 0xA2, 0xFF, 0xFF, 0xFF, 0xFF, 0xFF, 0xFF, 0xFF, 0xFF, 0xFF, 0xFF, 0xDF, 0xE8, 0xFF,
        0x40, 0x74, 0xFF, 0x40, 0x74, 0xFF, 0xCF, 0xDC, 0xFF, 0xFF, 0xFF, 0xFF, 0xFF, 0xFF, 0xFF, 0xFF,
        0xFF, 0xFF, 0xFF, 0xFF, 0xFF, 0xFF, 0xFF, 0xFF, 0xFF, 0xFF, 0xFF, 0xFF, 0xFF, 0xFF, 0xFF, 0xFF,
        0xFF, 0xFF, 0xFF, 0xFF, 0xFF, 0xFF, 0xFF, 0xFF, 0xFF, 0xFF, 0x40, 0x74, 0xFF, 0x00, 0x45, 0xFF,
        0x00, 0x45, 0xFF, 0x00, 0x00, 0x00, 0x00, 0x45, 0xFF, 0x00, 0x45, 0xFF, 0x00, 0x45, 0xFF, 0x00,
        0x45, 0xFF, 0x00, 0x45, 0xFF, 0x00, 0x45, 0xFF, 0x00, 0x45, 0xFF, 0x00, 0x45, 0xFF, 0x00, 0x45,
        0xFF, 0x00, 0x45, 0xFF, 0x00, 0x45, 0xFF, 0x00, 0x45, 0xFF, 0x00, 0x45, 0xFF, 0x80, 0xA2, 0xFF,
        0xFF, 0xFF, 0xFF, 0xFF, 0xFF, 0xFF, 0xFF, 0xFF, 0xFF, 0xFF, 0xFF, 0xFF, 0xEF, 0xF3, 0xFF, 0xEF,
        0xF3, 0xFF, 0xFF, 0xFF, 0xFF, 0xCF, 0xDC, 0xFF, 0x80, 0xA2, 0xFF, 0x80, 0xA2, 0xFF, 0x80, 0xA2,
        0xFF, 0x80, 0xA2, 0xFF, 0x80, 0xA2, 0xFF, 0x80, 0xA2, 0xFF, 0xBF, 0xD0, 0xFF, 0xFF, 0xFF, 0xFF,
        0xFF, 0xFF, 0xFF, 0xFF, 0xFF, 0xFF, 0x40, 0x74, 0xFF, 0x00, 0x45, 0xFF, 0x00, 0x45, 0xFF, 0x01,
        0x01, 0x00, 0x00, 0x45, 0xFF, 0x00, 0x45, 0xFF, 0x00, 0x45, 0xFF, 0x00, 0x45, 0xFF, 0x00, 0x45,
        0xFF, 0x00, 0x45, 0xFF, 0x00, 0x45, 0xFF, 0x00, 0x45, 0xFF, 0x00, 0x45, 0xFF, 0x00, 0x45, 0xFF,
        0x00, 0x45, 0xFF, 0x00, 0x45, 0xFF, 0x00, 0x45, 0xFF, 0x80, 0xA2, 0xFF, 0xFF, 0xFF, 0xFF, 0xFF,
        0xFF, 0xFF, 0xFF, 0xFF, 0xFF, 0xFF, 0xFF, 0xFF, 0xFF, 0xFF, 0xFF, 0xFF, 0xFF, 0xFF, 0xFF, 0xFF,
        0xFF, 0xFF, 0xFF, 0xFF, 0xBF, 0xD0, 0xFF, 0xBF, 0xD0, 0xFF, 0xBF, 0xD0, 0xFF, 0xBF, 0xD0, 0xFF,
        0xBF, 0xD0, 0xFF, 0xBF, 0xD0, 0xFF, 0xEF, 0xF3, 0xFF, 0xFF, 0xFF, 0xFF, 0xFF, 0xFF, 0xFF, 0xFF,
        0xFF, 0xFF, 0x40, 0x74, 0xFF, 0x00, 0x45, 0xFF, 0x00, 0x45, 0xFF, 0x00, 0x00, 0x00, 0x00, 0x45,
        0xFF, 0x00, 0x45, 0xFF, 0x00, 0x45, 0xFF, 0x00, 0x45, 0xFF, 0x00, 0x45, 0xFF, 0x00, 0x45, 0xFF,
        0x00, 0x45, 0xFF, 0x00, 0x45, 0xFF, 0x00, 0x45, 0xFF, 0x00, 0x45, 0xFF, 0x00, 0x45, 0xFF, 0x00,
        0x45, 0xFF, 0x00, 0x45, 0xFF, 0x80, 0xA2, 0xFF, 0xFF, 0xFF, 0xFF, 0xFF, 0xFF, 0xFF, 0xFF, 0xFF,
        0xFF, 0xDF, 0xE8, 0xFF, 0xBF, 0xD0, 0xFF, 0xBF, 0xD0, 0xFF, 0xBF, 0xD0, 0xFF, 0xBF, 0xD0, 0xFF,
        0xBF, 0xD0, 0xFF, 0xBF, 0xD0, 0xFF, 0xBF, 0xD0, 0xFF, 0xBF, 0xD0, 0xFF, 0xBF, 0xD0, 0xFF, 0xBF,
        0xD0, 0xFF, 0xFF, 0xFF, 0xFF, 0xFF, 0xFF, 0xFF, 0xFF, 0xFF, 0xFF, 0xFF, 0xFF, 0xFF, 0x40, 0x74,
        0xFF, 0x00, 0x45, 0xFF, 0x00, 0x45, 0xFF, 0x07, 0x12, 0x00, 0x00, 0x45, 0xFF, 0x00, 0x45, 0xFF,
        0x00, 0x45, 0xFF, 0x00, 0x45, 0xFF, 0x00, 0x45, 0xFF, 0x00, 0x45, 0xFF, 0x00, 0x45, 0xFF, 0x00,
        0x45, 0xFF, 0x00, 0x45, 0xFF, 0x00, 0x45, 0xFF, 0x00, 0x45, 0xFF, 0x00, 0x45, 0xFF, 0x00, 0x45,
        0xFF, 0x80, 0xA2, 0xFF, 0xFF, 0xFF, 0xFF, 0xFF, 0xFF, 0xFF, 0xFF, 0xFF, 0xFF, 0x9F, 0xB9, 0xFF,
        0x80, 0xA2, 0xFF, 0x80, 0xA2, 0xFF, 0x80, 0xA2, 0xFF, 0x80, 0xA2, 0xFF, 0x80, 0xA2, 0xFF, 0x80,
        0xA2, 0xFF, 0x80, 0xA2, 0xFF, 0x80, 0xA2, 0xFF, 0x80, 0xA2, 0xFF, 0x80, 0xA2, 0xFF, 0xBF, 0xD0,
        0xFF, 0xFF, 0xFF, 0xFF, 0xFF, 0xFF, 0xFF, 0xFF, 0xFF, 0xFF, 0x40, 0x74, 0xFF, 0x00, 0x45, 0xFF,
        0x00, 0x45, 0xFF, 0x00, 0x00, 0x00, 0x00, 0x45, 0xFF, 0x00, 0x45, 0xFF, 0x00, 0x45, 0xFF, 0x00,
        0x45, 0xFF, 0x00, 0x45, 0xFF, 0x00, 0x45, 0xFF, 0x00, 0x45, 0xFF, 0x00, 0x45, 0xFF, 0x00, 0x45,
        0xFF, 0x00, 0x45, 0xFF, 0x00, 0x45, 0xFF, 0x00, 0x45, 0xFF, 0x00, 0x45, 0xFF, 0x80, 0xA2, 0xFF,
        0xFF, 0xFF, 0xFF, 0xFF, 0xFF, 0xFF, 0xFF, 0xFF, 0xFF, 0xFF, 0xFF, 0xFF, 0xFF, 0xFF, 0xFF, 0xFF,
        0xFF, 0xFF, 0xFF, 0xFF, 0xFF, 0xFF, 0xFF, 0xFF, 0xFF, 0xFF, 0xFF, 0xFF, 0xFF, 0xFF, 0xFF, 0xFF,
        0xFF, 0xFF, 0xFF, 0xFF, 0xFF, 0xFF, 0xFF, 0xFF, 0xFF, 0xFF, 0xFF, 0xFF, 0xFF, 0xFF, 0xFF, 0xFF,
        0xFF, 0xFF, 0xFF, 0xFF, 0xFF, 0xFF, 0x40, 0x74, 0xFF, 0x00, 0x45, 0xFF, 0x00, 0x45, 0xFF, 0x08,
        0x03, 0x00, 0x00, 0x45, 0xFF, 0x00, 0x45, 0xFF, 0x00, 0x45, 0xFF, 0x00, 0x45, 0xFF, 0x00, 0x45,
        0xFF, 0x00, 0x45, 0xFF, 0x00, 0x45, 0xFF, 0x00, 0x45, 0xFF, 0x00, 0x45, 0xFF, 0x00, 0x45, 0xFF,
        0x00, 0x45, 0xFF, 0x00, 0x45, 0xFF, 0x00, 0x45, 0xFF, 0x80, 0xA2, 0xFF, 0xFF, 0xFF, 0xFF, 0xFF,
        0xFF, 0xFF, 0xFF, 0xFF, 0xFF, 0x70, 0x97, 0xFF, 0x40, 0x74, 0xFF, 0x40, 0x74, 0xFF, 0x40, 0x74,
        0xFF, 0x40, 0x74, 0xFF, 0x40, 0x74, 0xFF, 0x40, 0x74, 0xFF, 0x40, 0x74, 0xFF, 0x40, 0x74, 0xFF,
        0x40, 0x74, 0xFF, 0x40, 0x74, 0xFF, 0xAF, 0xC5, 0xFF, 0xFF, 0xFF, 0xFF, 0xFF, 0xFF, 0xFF, 0xFF,
        0xFF, 0xFF, 0x40, 0x74, 0xFF, 0x00, 0x45, 0xFF, 0x00, 0x45, 0xFF, 0x00, 0x00, 0x00, 0x00, 0x45,
        0xFF, 0x00, 0x45, 0xFF, 0x00, 0x45, 0xFF, 0x00, 0x45, 0xFF, 0x00, 0x45, 0xFF, 0x00, 0x45, 0xFF,
        0x00, 0x45, 0xFF, 0x00, 0x45, 0xFF, 0x00, 0x45, 0xFF, 0x00, 0x45, 0xFF, 0x00, 0x45, 0xFF, 0x00,
        0x45, 0xFF, 0x00, 0x45, 0xFF, 0x80, 0xA2, 0xFF, 0xFF, 0xFF, 0xFF, 0xFF, 0xFF, 0xFF, 0xFF, 0xFF,
        0xFF, 0xFF, 0xFF, 0xFF, 0xFF, 0xFF, 0xFF, 0xFF, 0xFF, 0xFF, 0xFF, 0xFF, 0xFF, 0xFF, 0xFF, 0xFF,
        0xFF, 0xFF, 0xFF, 0xFF, 0xFF, 0xFF, 0xFF, 0xFF, 0xFF, 0xFF, 0xFF, 0xFF, 0xFF, 0xFF, 0xFF, 0xFF,
        0xFF, 0xFF, 0xFF, 0xFF, 0xFF, 0xFF, 0xFF, 0xFF, 0xFF, 0xFF, 0xFF, 0xFF, 0xFF, 0xFF, 0x40, 0x74,
        0xFF, 0x00, 0x45, 0xFF, 0x00, 0x45, 0xFF, 0x07, 0x01, 0x00, 0x00, 0x45, 0xFF, 0x00, 0x45, 0xFF,
        0x00, 0x45, 0xFF, 0x00, 0x45, 0xFF, 0x00, 0x45, 0xFF, 0x00, 0x45, 0xFF, 0x00, 0x45, 0xFF, 0x00,
        0x45, 0xFF, 0x00, 0x45, 0xFF, 0x00, 0x45, 0xFF, 0x00, 0x45, 0xFF, 0x00, 0x45, 0xFF, 0x00, 0x45,
        0xFF, 0x80, 0xA2, 0xFF, 0xFF, 0xFF, 0xFF, 0xFF, 0xFF, 0xFF, 0xFF, 0xFF, 0xFF, 0xFF, 0xFF, 0xFF,
        0xFF, 0xFF, 0xFF, 0xFF, 0xFF, 0xFF, 0xFF, 0xFF, 0xFF, 0xFF, 0xFF, 0xFF, 0xFF, 0xFF, 0xFF, 0xFF,
        0xFF, 0xFF, 0xFF, 0xFF, 0xFF, 0xFF, 0xFF, 0xFF, 0xFF, 0xFF, 0xFF, 0xFF, 0xFF, 0xFF, 0xFF, 0xFF,
        0xFF, 0xFF, 0xFF, 0xFF, 0xFF, 0xFF, 0xFF, 0xFF, 0xFF, 0xFF, 0x40, 0x74, 0xFF, 0x00, 0x45, 0xFF,
        0x00, 0x45, 0xFF, 0x00, 0x00, 0x00, 0x00, 0x45, 0xFF, 0x00, 0x45, 0xFF, 0x00, 0x45, 0xFF, 0x00,
        0x45, 0xFF, 0x00, 0x45, 0xFF, 0x00, 0x45, 0xFF, 0x00, 0x45, 0xFF, 0x00, 0x45, 0xFF, 0x00, 0x45,
        0xFF, 0x00, 0x45, 0xFF, 0x00, 0x45, 0xFF, 0x00, 0x45, 0xFF, 0x00, 0x45, 0xFF, 0x20, 0x5C, 0xFF,
        0xFF, 0xFF, 0xFF, 0xFF, 0xFF, 0xFF, 0xFF, 0xFF, 0xFF, 0xFF, 0xFF, 0xFF, 0xFF, 0xFF, 0xFF, 0xFF,
        0xFF, 0xFF, 0xFF, 0xFF, 0xFF, 0xFF, 0xFF, 0xFF, 0xFF, 0xFF, 0xFF, 0xFF, 0xFF, 0xFF, 0xFF, 0xFF,
        0xFF, 0xFF, 0xFF, 0xFF, 0xFF, 0xFF, 0xFF, 0xFF, 0xFF, 0xFF, 0xFF, 0xFF, 0xFF, 0xFF, 0xFF, 0xFF,
        0xFF, 0xFF, 0xFF, 0xCF, 0xDC, 0xFF, 0x00, 0x45, 0xFF, 0x00, 0x45, 0xFF, 0x00, 0x45, 0xFF, 0x00,
        0x00, 0x0F, 0x00, 0x45, 0xFF, 0x00, 0x45, 0xFF, 0x00, 0x45, 0xFF, 0x00, 0x45, 0xFF, 0x00, 0x45,
        0xFF, 0x00, 0x45, 0xFF, 0x00, 0x45, 0xFF, 0x00, 0x45, 0xFF, 0x00, 0x45, 0xFF, 0x00, 0x45, 0xFF,
        0x00, 0x45, 0xFF, 0x00, 0x45, 0xFF, 0x00, 0x45, 0xFF, 0x00, 0x45, 0xFF, 0x30, 0x68, 0xFF, 0x9F,
        0xB9, 0xFF, 0xBF, 0xD0, 0xFF, 0xBF, 0xD0, 0xFF, 0xBF, 0xD0, 0xFF, 0xBF, 0xD0, 0xFF, 0xBF, 0xD0,
        0xFF, 0xBF, 0xD0, 0xFF, 0xBF, 0xD0, 0xFF, 0xBF, 0xD0, 0xFF, 0xBF, 0xD0, 0xFF, 0xBF, 0xD0, 0xFF,
        0xBF, 0xD0, 0xFF, 0xBF, 0xD0, 0xFF, 0xBF, 0xD0, 0xFF, 0xBF, 0xD0, 0xFF, 0x8F, 0xAD, 0xFF, 0x10,
        0x51, 0xFF, 0x00, 0x45, 0xFF, 0x00, 0x45, 0xFF, 0x00, 0x45, 0xFF, 0x00, 0x00, 0x00, 0x00, 0x45,
        0xFF, 0x00, 0x45, 0xFF, 0x00, 0x45, 0xFF, 0x00, 0x45, 0xFF, 0x00, 0x45, 0xFF, 0x00, 0x45, 0xFF,
        0x00, 0x45, 0xFF, 0x00, 0x45, 0xFF, 0x00, 0x45, 0xFF, 0x00, 0x45, 0xFF, 0x00, 0x45, 0xFF, 0x00,
        0x45, 0xFF, 0x00, 0x45, 0xFF, 0x00, 0x45, 0xFF, 0x00, 0x45, 0xFF, 0x00, 0x45, 0xFF, 0x00, 0x45,
        0xFF, 0x00, 0x45, 0xFF, 0x00, 0x45, 0xFF, 0x00, 0x45, 0xFF, 0x00, 0x45, 0xFF, 0x00, 0x45, 0xFF,
        0x00, 0x45, 0xFF, 0x00, 0x45, 0xFF, 0x00, 0x45, 0xFF, 0x00, 0x45, 0xFF, 0x00, 0x45, 0xFF, 0x00,
        0x45, 0xFF, 0x00, 0x45, 0xFF, 0x00, 0x45, 0xFF, 0x00, 0x45, 0xFF, 0x00, 0x45, 0xFF, 0x00, 0x45,
        0xFF, 0x00, 0x45, 0xFF, 0x00, 0x45, 0xFF, 0x58, 0x3E, 0x31, 0x00, 0x00
};

PROGMEM uint8_t IgnoreNoteOffIcon_35x35[] = {
        0x42, 0x4D, 0xFC, 0x0E, 0x00, 0x00, 0x00, 0x00, 0x00, 0x00, 0x36, 0x00, 0x00, 0x00, 0x28, 0x00,
        0x00, 0x00, 0x23, 0x00, 0x00, 0x00, 0xDD, 0xFF, 0xFF, 0xFF, 0x01, 0x00, 0x18, 0x00, 0x00, 0x00,
        0x00, 0x00, 0xC6, 0x0E, 0x00, 0x00, 0x23, 0x2E, 0x00, 0x00, 0x23, 0x2E, 0x00, 0x00, 0x00, 0x00,
        0x00, 0x00, 0x00, 0x00, 0x00, 0x00, 0x00, 0x45, 0xFF, 0x00, 0x45, 0xFF, 0x00, 0x45, 0xFF, 0x00,
        0x45, 0xFF, 0x00, 0x45, 0xFF, 0x00, 0x45, 0xFF, 0x00, 0x45, 0xFF, 0x00, 0x45, 0xFF, 0x00, 0x45,
        0xFF, 0x00, 0x45, 0xFF, 0x00, 0x45, 0xFF, 0x00, 0x45, 0xFF, 0x00, 0x45, 0xFF, 0x00, 0x45, 0xFF,
        0x00, 0x45, 0xFF, 0x00, 0x45, 0xFF, 0x00, 0x45, 0xFF, 0x00, 0x45, 0xFF, 0x00, 0x45, 0xFF, 0x00,
        0x45, 0xFF, 0x00, 0x45, 0xFF, 0x00, 0x45, 0xFF, 0x00, 0x45, 0xFF, 0x00, 0x45, 0xFF, 0x00, 0x45,
        0xFF, 0x00, 0x45, 0xFF, 0x00, 0x45, 0xFF, 0x00, 0x45, 0xFF, 0x00, 0x45, 0xFF, 0x00, 0x45, 0xFF,
        0x00, 0x45, 0xFF, 0x00, 0x45, 0xFF, 0x00, 0x45, 0xFF, 0x00, 0x45, 0xFF, 0x00, 0x45, 0xFF, 0x57,
        0x69, 0x6E, 0x00, 0x45, 0xFF, 0x00, 0x45, 0xFF, 0x00, 0x45, 0xFF, 0x00, 0x45, 0xFF, 0x00, 0x45,
        0xFF, 0x00, 0x45, 0xFF, 0x00, 0x45, 0xFF, 0x00, 0x45, 0xFF, 0x00, 0x45, 0xFF, 0x00, 0x45, 0xFF,
        0x00, 0x45, 0xFF, 0x00, 0x45, 0xFF, 0x00, 0x45, 0xFF, 0x00, 0x45, 0xFF, 0x00, 0x45, 0xFF, 0x00,
        0x45, 0xFF, 0x00, 0x45, 0xFF, 0x00, 0x45, 0xFF, 0x00, 0x45, 0xFF, 0x00, 0x45, 0xFF, 0x00, 0x45,
        0xFF, 0x00, 0x45, 0xFF, 0x00, 0x45, 0xFF, 0x00, 0x45, 0xFF, 0x00, 0x45, 0xFF, 0x00, 0x45, 0xFF,
        0x00, 0x45, 0xFF, 0x00, 0x45, 0xFF, 0x00, 0x45, 0xFF, 0x00, 0x45, 0xFF, 0x00, 0x45, 0xFF, 0x00,
        0x45, 0xFF, 0x00, 0x45, 0xFF, 0x00, 0x45, 0xFF, 0x00, 0x45, 0xFF, 0x34, 0x65, 0x37, 0x00, 0x45,
        0xFF, 0x00, 0x45, 0xFF, 0x00, 0x45, 0xFF, 0x00, 0x45, 0xFF, 0x00, 0x45, 0xFF, 0x00, 0x45, 0xFF,
        0xFF, 0xFF, 0xFF, 0xFF, 0xFF, 0xFF, 0xFF, 0xFF, 0xFF, 0xFF, 0xFF, 0xFF, 0xFF, 0xFF, 0xFF, 0xFF,
        0xFF, 0xFF, 0x00, 0x45, 0xFF, 0x00, 0x45, 0xFF, 0x00, 0x45, 0xFF, 0x00, 0x45, 0xFF, 0x00, 0x45,
        0xFF, 0x00, 0x45, 0xFF, 0x00, 0x45, 0xFF, 0x00, 0x45, 0xFF, 0x00, 0x45, 0xFF, 0x00, 0x45, 0xFF,
        0x00, 0x45, 0xFF, 0x00, 0x45, 0xFF, 0x00, 0x45, 0xFF, 0xFF, 0xFF, 0xFF, 0xFF, 0xFF, 0xFF, 0x00,
        0x45, 0xFF, 0x00, 0x45, 0xFF, 0x00, 0x45, 0xFF, 0x00, 0x45, 0xFF, 0x00, 0x45, 0xFF, 0x00, 0x45,
        0xFF, 0x00, 0x45, 0xFF, 0x00, 0x45, 0xFF, 0x69, 0x35, 0x2D, 0x00, 0x45, 0xFF, 0x00, 0x45, 0xFF,
        0x00, 0x45, 0xFF, 0x00, 0x45, 0xFF, 0x00, 0x45, 0xFF, 0x00, 0x45, 0xFF, 0xFF, 0xFF, 0xFF, 0xFF,
        0xFF, 0xFF, 0xFF, 0xFF, 0xFF, 0xFF, 0xFF, 0xFF, 0xFF, 0xFF, 0xFF, 0xFF, 0xFF, 0xFF, 0x00, 0x45,
        0xFF, 0x00, 0x45, 0xFF, 0x00, 0x45, 0xFF, 0x00, 0x45, 0xFF, 0x00, 0x45, 0xFF, 0x00, 0x45, 0xFF,
        0x00, 0x45, 0xFF, 0x00, 0x45, 0xFF, 0x00, 0x45, 0xFF, 0x00, 0x45, 0xFF, 0x00, 0x45, 0xFF, 0x00,
        0x45, 0xFF, 0x00, 0x45, 0xFF, 0xFF, 0xFF, 0xFF, 0xFF, 0xFF, 0xFF, 0x00, 0x45, 0xFF, 0x00, 0x45,
        0xFF, 0x00, 0x45, 0xFF, 0x00, 0x45, 0xFF, 0x00, 0x45, 0xFF, 0x00, 0x45, 0xFF, 0x00, 0x45, 0xFF,
        0x00, 0x45, 0xFF, 0x65, 0x39, 0x2D, 0x00, 0x45, 0xFF, 0x00, 0x45, 0xFF, 0x00, 0x45, 0xFF, 0x00,
        0x45, 0xFF, 0x00, 0x45, 0xFF, 0x00, 0x45, 0xFF, 0xFF, 0xFF, 0xFF, 0xFF, 0xFF, 0xFF, 0xFF, 0xFF,
        0xFF, 0xFF, 0xFF, 0xFF, 0xFF, 0xFF, 0xFF, 0xFF, 0xFF, 0xFF, 0x00, 0x45, 0xFF, 0x00, 0x45, 0xFF,
        0x00, 0x45, 0xFF, 0x00, 0x45, 0xFF, 0x00, 0x45, 0xFF, 0x00, 0x45, 0xFF, 0x00, 0x45, 0xFF, 0x00,
        0x45, 0xFF, 0x00, 0x45, 0xFF, 0x00, 0x45, 0xFF, 0x00, 0x45, 0xFF, 0x00, 0x45, 0xFF, 0xFF, 0xFF,
        0xFF, 0xFF, 0xFF, 0xFF, 0xFF, 0xFF, 0xFF, 0xFF, 0xFF, 0xFF, 0x00, 0x45, 0xFF, 0x00, 0x45, 0xFF,
        0x00, 0x45, 0xFF, 0x00, 0x45, 0xFF, 0x00, 0x45, 0xFF, 0x00, 0x45, 0xFF, 0x00, 0x45, 0xFF, 0x76,
        0x69, 0x63, 0x00, 0x45, 0xFF, 0x00, 0x45, 0xFF, 0x00, 0x45, 0xFF, 0x00, 0x45, 0xFF, 0x00, 0x45,
        0xFF, 0x00, 0x45, 0xFF, 0xFF, 0xFF, 0xFF, 0xFF, 0xFF, 0xFF, 0xFF, 0xFF, 0xFF, 0xFF, 0xFF, 0xFF,
        0xFF, 0xFF, 0xFF, 0xFF, 0xFF, 0xFF, 0x00, 0x45, 0xFF, 0x00, 0x45, 0xFF, 0x00, 0x45, 0xFF, 0x00,
        0x45, 0xFF, 0x00, 0x45, 0xFF, 0x00, 0x45, 0xFF, 0x00, 0x45, 0xFF, 0x00, 0x45, 0xFF, 0x00, 0x45,
        0xFF, 0x00, 0x45, 0xFF, 0x00, 0x45, 0xFF, 0x00, 0x45, 0xFF, 0xFF, 0xFF, 0xFF, 0xFF, 0xFF, 0xFF,
        0xFF, 0xFF, 0xFF, 0xFF, 0xFF, 0xFF, 0x00, 0x45, 0xFF, 0x00, 0x45, 0xFF, 0x00, 0x45, 0xFF, 0x00,
        0x45, 0xFF, 0x00, 0x45, 0xFF, 0x00, 0x45, 0xFF, 0x00, 0x45, 0xFF, 0x22, 0x47, 0x54, 0x00, 0x45,
        0xFF, 0x00, 0x45, 0xFF, 0x00, 0x45, 0xFF, 0x00, 0x45, 0xFF, 0x00, 0x45, 0xFF, 0x00, 0x45, 0xFF,
        0xFF, 0xFF, 0xFF, 0xFF, 0xFF, 0xFF, 0xFF, 0xFF, 0xFF, 0xFF, 0xFF, 0xFF, 0xFF, 0xFF, 0xFF, 0xFF,
        0xFF, 0xFF, 0x00, 0x45, 0xFF, 0x00, 0x45, 0xFF, 0x00, 0x45, 0xFF, 0x00, 0x45, 0xFF, 0x00, 0x45,
        0xFF, 0x00, 0x45, 0xFF, 0x00, 0x45, 0xFF, 0x00, 0x45, 0xFF, 0x00, 0x45, 0xFF, 0x00, 0x45, 0xFF,
        0x00, 0x45, 0xFF, 0xFF, 0xFF, 0xFF, 0xFF, 0xFF, 0xFF, 0xFF, 0xFF, 0xFF, 0xFF, 0xFF, 0xFF, 0xFF,
        0xFF, 0xFF, 0xFF, 0xFF, 0xFF, 0x00, 0x45, 0xFF, 0x00, 0x45, 0xFF, 0x00, 0x45, 0xFF, 0x00, 0x45,
        0xFF, 0x00, 0x45, 0xFF, 0x00, 0x45, 0xFF, 0x34, 0x44, 0x36, 0x00, 0x45, 0xFF, 0x00, 0x45, 0xFF,
        0x00, 0x45, 0xFF, 0x00, 0x45, 0xFF, 0x00, 0x45, 0xFF, 0x00, 0x45, 0xFF, 0xFF, 0xFF, 0xFF, 0xFF,
        0xFF, 0xFF, 0xFF, 0xFF, 0xFF, 0xFF, 0xFF, 0xFF, 0xFF, 0xFF, 0xFF, 0xFF, 0xFF, 0xFF, 0x00, 0x45,
        0xFF, 0x00, 0x45, 0xFF, 0x00, 0x45, 0xFF, 0x00, 0x45, 0xFF, 0x00, 0x45, 0xFF, 0x00, 0x45, 0xFF,
        0x00, 0x45, 0xFF, 0x00, 0x45, 0xFF, 0x00, 0x45, 0xFF, 0x00, 0x45, 0xFF, 0xFF, 0xFF, 0xFF, 0xFF,
        0xFF, 0xFF, 0xFF, 0xFF, 0xFF, 0xFF, 0xFF, 0xFF, 0xFF, 0xFF, 0xFF, 0xFF, 0xFF, 0xFF, 0xFF, 0xFF,
        0xFF, 0xFF, 0xFF, 0xFF, 0x00, 0x45, 0xFF, 0x00, 0x45, 0xFF, 0x00, 0x45, 0xFF, 0x00, 0x45, 0xFF,
        0x00, 0x45, 0xFF, 0x74, 0x22, 0x2C, 0x00, 0x45, 0xFF, 0x00, 0x45, 0xFF, 0x00, 0x45, 0xFF, 0x00,
        0x45, 0xFF, 0x00, 0x45, 0xFF, 0x00, 0x45, 0xFF, 0xFF, 0xFF, 0xFF, 0xFF, 0xFF, 0xFF, 0xFF, 0xFF,
        0xFF, 0xFF, 0xFF, 0xFF, 0xFF, 0xFF, 0xFF, 0xFF, 0xFF, 0xFF, 0x00, 0x45, 0xFF, 0x00, 0x45, 0xFF,
        0x00, 0x45, 0xFF, 0x00, 0x45, 0xFF, 0x00, 0x45, 0xFF, 0x00, 0x45, 0xFF, 0x00, 0x45, 0xFF, 0x00,
        0x45, 0xFF, 0x00, 0x45, 0xFF, 0x00, 0x45, 0xFF, 0xFF, 0xFF, 0xFF, 0xFF, 0xFF, 0xFF, 0xFF, 0xFF,
        0xFF, 0xFF, 0xFF, 0xFF, 0xFF, 0xFF, 0xFF, 0xFF, 0xFF, 0xFF, 0xFF, 0xFF, 0xFF, 0xFF, 0xFF, 0xFF,
        0x00, 0x45, 0xFF, 0x00, 0x45, 0xFF, 0x00, 0x45, 0xFF, 0x00, 0x45, 0xFF, 0x00, 0x45, 0xFF, 0x55,
        0x58, 0x50, 0x00, 0x45, 0xFF, 0x00, 0x45, 0xFF, 0x00, 0x45, 0xFF, 0x00, 0x45, 0xFF, 0x00, 0x45,
        0xFF, 0x00, 0x45, 0xFF, 0xFF, 0xFF, 0xFF, 0xFF, 0xFF, 0xFF, 0xFF, 0xFF, 0xFF, 0xFF, 0xFF, 0xFF,
        0xFF, 0xFF, 0xFF, 0xFF, 0xFF, 0xFF, 0x00, 0x45, 0xFF, 0x00, 0x45, 0xFF, 0x00, 0x45, 0xFF, 0x00,
        0x45, 0xFF, 0x00, 0x45, 0xFF, 0x00, 0x45, 0xFF, 0x00, 0x45, 0xFF, 0x00, 0x45, 0xFF, 0x00, 0x45,
        0xFF, 0xFF, 0xFF, 0xFF, 0xFF, 0xFF, 0xFF, 0xFF, 0xFF, 0xFF, 0xFF, 0xFF, 0xFF, 0xFF, 0xFF, 0xFF,
        0xFF, 0xFF, 0xFF, 0xFF, 0xFF, 0xFF, 0xFF, 0xFF, 0xFF, 0xFF, 0xFF, 0xFF, 0xFF, 0xFF, 0xFF, 0x00,
        0x45, 0xFF, 0x00, 0x45, 0xFF, 0x00, 0x45, 0xFF, 0x00, 0x45, 0xFF, 0x31, 0x35, 0x2E, 0x00, 0x45,
        0xFF, 0x00, 0x45, 0xFF, 0x00, 0x45, 0xFF, 0x00, 0x45, 0xFF, 0x00, 0x45, 0xFF, 0x00, 0x45, 0xFF,
        0xFF, 0xFF, 0xFF, 0xFF, 0xFF, 0xFF, 0xFF, 0xFF, 0xFF, 0xFF, 0xFF, 0xFF, 0xFF, 0xFF, 0xFF, 0xFF,
        0xFF, 0xFF, 0x00, 0x45, 0xFF, 0x00, 0x45, 0xFF, 0x00, 0x45, 0xFF, 0x00, 0x45, 0xFF, 0x00, 0x45,
        0xFF, 0x00, 0x45, 0xFF, 0x00, 0x37, 0xCB, 0x00, 0x12, 0x43, 0x00, 0x3E, 0xE4, 0xFF, 0xFF, 0xFF,
        0xFF, 0xFF, 0xFF, 0xFF, 0xFF, 0xFF, 0xFF, 0xFF, 0xFF, 0xFF, 0xFF, 0xFF, 0xFF, 0xFF, 0xFF, 0xFF,
        0xFF, 0xFF, 0xFF, 0xFF, 0xFF, 0xFF, 0xFF, 0xFF, 0xFF, 0xFF, 0xFF, 0x00, 0x3E, 0xE4, 0x00, 0x12,
        0x44, 0x00, 0x36, 0xC8, 0x00, 0x45, 0xFF, 0x31, 0x32, 0x39, 0x00, 0x45, 0xFF, 0x00, 0x45, 0xFF,
        0x00, 0x45, 0xFF, 0x00, 0x45, 0xFF, 0x00, 0x45, 0xFF, 0x00, 0x45, 0xFF, 0xFF, 0xFF, 0xFF, 0xFF,
        0xFF, 0xFF, 0xFF, 0xFF, 0xFF, 0xFF, 0xFF, 0xFF, 0xFF, 0xFF, 0xFF, 0xFF, 0xFF, 0xFF, 0x00, 0x45,
        0xFF, 0x00, 0x45, 0xFF, 0x00, 0x45, 0xFF, 0x00, 0x45, 0xFF, 0x00, 0x45, 0xFF, 0x00, 0x45, 0xFF,
        0x00, 0x10, 0x3C, 0x00, 0x00, 0x00, 0x17, 0x17, 0x17, 0xBE, 0xBE, 0xBE, 0xFF, 0xFF, 0xFF, 0xFF,
        0xFF, 0xFF, 0xFF, 0xFF, 0xFF, 0xFF, 0xFF, 0xFF, 0xFF, 0xFF, 0xFF, 0xFF, 0xFF, 0xFF, 0xFF, 0xFF,
        0xFF, 0xFF, 0xFF, 0xFF, 0xC0, 0xC0, 0xC0, 0x18, 0x18, 0x18, 0x00, 0x00, 0x00, 0x00, 0x11, 0x40,
        0x00, 0x45, 0xFF, 0x74, 0x6F, 0x70, 0x00, 0x45, 0xFF, 0x00, 0x45, 0xFF, 0x00, 0x45, 0xFF, 0x00,
        0x45, 0xFF, 0x00, 0x45, 0xFF, 0x00, 0x45, 0xFF, 0xFF, 0xFF, 0xFF, 0xFF, 0xFF, 0xFF, 0xFF, 0xFF,
        0xFF, 0xFF, 0xFF, 0xFF, 0xFF, 0xFF, 0xFF, 0xFF, 0xFF, 0xFF, 0x00, 0x45, 0xFF, 0x00, 0x45, 0xFF,
        0x00, 0x45, 0xFF, 0x00, 0x45, 0xFF, 0x00, 0x45, 0xFF, 0x00, 0x45, 0xFF, 0x00, 0x40, 0xEC, 0x49,
        0x49, 0x49, 0x00, 0x00, 0x00, 0x04, 0x04, 0x04, 0x88, 0x88, 0x88, 0xFE, 0xFE, 0xFE, 0xFF, 0xFF,
        0xFF, 0xFF, 0xFF, 0xFF, 0xFF, 0xFF, 0xFF, 0xFF, 0xFF, 0xFF, 0xFE, 0xFE, 0xFE, 0x8B, 0x8B, 0x8B,
        0x04, 0x04, 0x04, 0x00, 0x00, 0x00, 0x00, 0x15, 0x4F, 0x00, 0x41, 0xF0, 0x00, 0x45, 0xFF, 0x65,
        0x73, 0x6B, 0x00, 0x45, 0xFF, 0x00, 0x45, 0xFF, 0x00, 0x45, 0xFF, 0x00, 0x45, 0xFF, 0x00, 0x45,
        0xFF, 0x00, 0x45, 0xFF, 0xFF, 0xFF, 0xFF, 0xFF, 0xFF, 0xFF, 0xFF, 0xFF, 0xFF, 0xFF, 0xFF, 0xFF,
        0xFF, 0xFF, 0xFF, 0xFF, 0xFF, 0xFF, 0x00, 0x45, 0xFF, 0x00, 0x45, 0xFF, 0x00, 0x45, 0xFF, 0x00,
        0x45, 0xFF, 0x00, 0x45, 0xFF, 0x00, 0x45, 0xFF, 0x00, 0x45, 0xFF, 0xFD, 0xFD, 0xFD, 0x81, 0x81,
        0x81, 0x02, 0x02, 0x02, 0x01, 0x01, 0x01, 0x50, 0x50, 0x50, 0xF0, 0xF0, 0xF0, 0xFF, 0xFF, 0xFF,
        0xFF, 0xFF, 0xFF, 0xF1, 0xF1, 0xF1, 0x53, 0x53, 0x53, 0x00, 0x00, 0x00, 0x03, 0x03, 0x03, 0x87,
        0x87, 0x87, 0xFE, 0xFE, 0xFE, 0x00, 0x45, 0xFF, 0x00, 0x45, 0xFF, 0x65, 0x73, 0x74, 0x00, 0x45,
        0xFF, 0x00, 0x45, 0xFF, 0x00, 0x45, 0xFF, 0x00, 0x45, 0xFF, 0x00, 0x45, 0xFF, 0x00, 0x45, 0xFF,
        0xFF, 0xFF, 0xFF, 0xFF, 0xFF, 0xFF, 0xFF, 0xFF, 0xFF, 0xFF, 0xFF, 0xFF, 0xFF, 0xFF, 0xFF, 0xFF,
        0xFF, 0xFF, 0x00, 0x45, 0xFF, 0x00, 0x45, 0xFF, 0x00, 0x45, 0xFF, 0x00, 0x45, 0xFF, 0x00, 0x45,
        0xFF, 0x00, 0x45, 0xFF, 0x00, 0x45, 0xFF, 0x00, 0x45, 0xFF, 0x00, 0x45, 0xFF, 0x00, 0x32, 0xB8,
        0x00, 0x05, 0x13, 0x00, 0x00, 0x00, 0x25, 0x25, 0x25, 0xD1, 0xD1, 0xD1, 0xD4, 0xD4, 0xD4, 0x27,
        0x27, 0x27, 0x00, 0x00, 0x00, 0x00, 0x06, 0x15, 0x00, 0x33, 0xBD, 0x00, 0x45, 0xFF, 0x00, 0x45,
        0xFF, 0x00, 0x45, 0xFF, 0x00, 0x45, 0xFF, 0x65, 0x2E, 0x75, 0x00, 0x45, 0xFF, 0x00, 0x45, 0xFF,
        0x00, 0x45, 0xFF, 0x00, 0x45, 0xFF, 0x00, 0x45, 0xFF, 0x00, 0x45, 0xFF, 0xFF, 0xFF, 0xFF, 0xFF,
        0xFF, 0xFF, 0xFF, 0xFF, 0xFF, 0xFF, 0xFF, 0xFF, 0xFF, 0xFF, 0xFF, 0xFF, 0xFF, 0xFF, 0x00, 0x45,
        0xFF, 0x00, 0x45, 0xFF, 0x00, 0x45, 0xFF, 0x00, 0x45, 0xFF, 0x00, 0x45, 0xFF, 0x00, 0x45, 0xFF,
        0x00, 0x45, 0xFF, 0x00, 0x45, 0xFF, 0x00, 0x45, 0xFF, 0x00, 0x45, 0xFF, 0x00, 0x3D, 0xE1, 0x35,
        0x35, 0x35, 0x00, 0x00, 0x00, 0x07, 0x07, 0x07, 0x08, 0x08, 0x08, 0x01, 0x01, 0x01, 0x38, 0x38,
        0x38, 0x00, 0x3E, 0xE4, 0x00, 0x45, 0xFF, 0x00, 0x45, 0xFF, 0x00, 0x45, 0xFF, 0x00, 0x45, 0xFF,
        0x00, 0x45, 0xFF, 0x64, 0x70, 0x52, 0x00, 0x45, 0xFF, 0x00, 0x45, 0xFF, 0x00, 0x45, 0xFF, 0x00,
        0x45, 0xFF, 0x00, 0x45, 0xFF, 0x00, 0x45, 0xFF, 0xFF, 0xFF, 0xFF, 0xFF, 0xFF, 0xFF, 0xFF, 0xFF,
        0xFF, 0xFF, 0xFF, 0xFF, 0xFF, 0xFF, 0xFF, 0xFF, 0xFF, 0xFF, 0x00, 0x45, 0xFF, 0x00, 0x45, 0xFF,
        0x00, 0x45, 0xFF, 0x00, 0x45, 0xFF, 0x00, 0x45, 0xFF, 0x00, 0x45, 0xFF, 0x00, 0x45, 0xFF, 0x00,
        0x45, 0xFF, 0x00, 0x45, 0xFF, 0x00, 0x45, 0xFF, 0x00, 0x45, 0xFF, 0xF3, 0xF3, 0xF3, 0x2C, 0x2C,
        0x2C, 0x00, 0x00, 0x00, 0x00, 0x00, 0x00, 0x2C, 0x2C, 0x2C, 0xF2, 0xF2, 0xF2, 0x00, 0x45, 0xFF,
        0x00, 0x45, 0xFF, 0x00, 0x45, 0xFF, 0x00, 0x45, 0xFF, 0x00, 0x45, 0xFF, 0x00, 0x45, 0xFF, 0x61,
        0x74, 0x65, 0x00, 0x45, 0xFF, 0x00, 0x45, 0xFF, 0x00, 0x45, 0xFF, 0x00, 0x45, 0xFF, 0x00, 0x45,
        0xFF, 0x00, 0x45, 0xFF, 0xFF, 0xFF, 0xFF, 0xFF, 0xFF, 0xFF, 0xFF, 0xFF, 0xFF, 0xFF, 0xFF, 0xFF,
        0xFF, 0xFF, 0xFF, 0xFF, 0xFF, 0xFF, 0x00, 0x45, 0xFF, 0x00, 0x45, 0xFF, 0x00, 0x45, 0xFF, 0x00,
        0x45, 0xFF, 0x00, 0x45, 0xFF, 0x00, 0x45, 0xFF, 0x00, 0x45, 0xFF, 0x00, 0x45, 0xFF, 0x00, 0x45,
        0xFF, 0x00, 0x45, 0xFF, 0x00, 0x3E, 0xE4, 0x3A, 0x3A, 0x3A, 0x00, 0x00, 0x00, 0x06, 0x06, 0x06,
        0x06, 0x06, 0x06, 0x00, 0x00, 0x00, 0x35, 0x35, 0x35, 0x00, 0x3D, 0xE1, 0x00, 0x45, 0xFF, 0x00,
        0x45, 0xFF, 0x00, 0x45, 0xFF, 0x00, 0x45, 0xFF, 0x00, 0x45, 0xFF, 0x65, 0x64, 0x4D, 0x00, 0x45,
        0xFF, 0x00, 0x45, 0xFF, 0x00, 0x45, 0xFF, 0x00, 0x45, 0xFF, 0x00, 0x45, 0xFF, 0x00, 0x45, 0xFF,
        0xFF, 0xFF, 0xFF, 0xFF, 0xFF, 0xFF, 0xFF, 0xFF, 0xFF, 0xFF, 0xFF, 0xFF, 0xFF, 0xFF, 0xFF, 0xFF,
        0xFF, 0xFF, 0x00, 0x45, 0xFF, 0x00, 0x45, 0xFF, 0x00, 0x45, 0xFF, 0x00, 0x45, 0xFF, 0x00, 0x45,
        0xFF, 0x00, 0x45, 0xFF, 0x00, 0x45, 0xFF, 0x00, 0x45, 0xFF, 0x00, 0x45, 0xFF, 0x00, 0x33, 0xBE,
        0x00, 0x06, 0x16, 0x00, 0x00, 0x00, 0x25, 0x25, 0x25, 0xD2, 0xD2, 0xD2, 0xD1, 0xD1, 0xD1, 0x25,
        0x25, 0x25, 0x00, 0x00, 0x00, 0x00, 0x05, 0x13, 0x00, 0x32, 0xB9, 0x00, 0x45, 0xFF, 0x00, 0x45,
        0xFF, 0x00, 0x45, 0xFF, 0x00, 0x45, 0xFF, 0x4C, 0x6F, 0x63, 0x00, 0x45, 0xFF, 0x00, 0x45, 0xFF,
        0x00, 0x45, 0xFF, 0x00, 0x45, 0xFF, 0x00, 0x45, 0xFF, 0x00, 0x45, 0xFF, 0xFF, 0xFF, 0xFF, 0xFF,
        0xFF, 0xFF, 0xFF, 0xFF, 0xFF, 0xFF, 0xFF, 0xFF, 0xFF, 0xFF, 0xFF, 0xFF, 0xFF, 0xFF, 0x00, 0x45,
        0xFF, 0x00, 0x45, 0xFF, 0x00, 0x45, 0xFF, 0x00, 0x45, 0xFF, 0x00, 0x45, 0xFF, 0x00, 0x45, 0xFF,
        0x00, 0x45, 0xFF, 0x00, 0x45, 0xFE, 0x00, 0x25, 0x89, 0x00, 0x01, 0x04, 0x00, 0x00, 0x00, 0x50,
        0x50, 0x50, 0xF1, 0xF1, 0xF1, 0xFF, 0xFF, 0xFF, 0xFF, 0xFF, 0xFF, 0xF0, 0xF0, 0xF0, 0x50, 0x50,
        0x50, 0x00, 0x00, 0x00, 0x00, 0x01, 0x02, 0x00, 0x23, 0x81, 0x00, 0x44, 0xFD, 0x00, 0x45, 0xFF,
        0x00, 0x45, 0xFF, 0x22, 0x3A, 0x22, 0x00, 0x45, 0xFF, 0x00, 0x45, 0xFF, 0x00, 0x45, 0xFF, 0x00,
        0x45, 0xFF, 0x00, 0x45, 0xFF, 0x00, 0x45, 0xFF, 0xFF, 0xFF, 0xFF, 0xFF, 0xFF, 0xFF, 0xFF, 0xFF,
        0xFF, 0xFF, 0xFF, 0xFF, 0xFF, 0xFF, 0xFF, 0xFF, 0xFF, 0xFF, 0x00, 0x45, 0xFF, 0x00, 0x45, 0xFF,
        0x00, 0x45, 0xFF, 0x00, 0x45, 0xFF, 0x00, 0x45, 0xFF, 0x00, 0x45, 0xFF, 0x00, 0x41, 0xF1, 0x00,
        0x16, 0x51, 0x00, 0x00, 0x00, 0x00, 0x01, 0x03, 0x00, 0x25, 0x88, 0xFE, 0xFE, 0xFE, 0xFF, 0xFF,
        0xFF, 0xFF, 0xFF, 0xFF, 0xFF, 0xFF, 0xFF, 0xFF, 0xFF, 0xFF, 0xFE, 0xFE, 0xFE, 0x00, 0x25, 0x89,
        0x00, 0x01, 0x04, 0x00, 0x00, 0x00, 0x00, 0x14, 0x4A, 0x00, 0x40, 0xEC, 0x00, 0x45, 0xFF, 0x22,
        0x2C, 0x22, 0x00, 0x45, 0xFF, 0x00, 0x45, 0xFF, 0xFF, 0xFF, 0xFF, 0xFF, 0xFF, 0xFF, 0xFF, 0xFF,
        0xFF, 0xFF, 0xFF, 0xFF, 0xFF, 0xFF, 0xFF, 0xFF, 0xFF, 0xFF, 0xFF, 0xFF, 0xFF, 0xFF, 0xFF, 0xFF,
        0xFF, 0xFF, 0xFF, 0xFF, 0xFF, 0xFF, 0xFF, 0xFF, 0xFF, 0xFF, 0xFF, 0xFF, 0xFF, 0xFF, 0xFF, 0xFF,
        0xFF, 0xFF, 0x00, 0x45, 0xFF, 0x00, 0x45, 0xFF, 0x00, 0x12, 0x41, 0x00, 0x00, 0x00, 0x00, 0x06,
        0x15, 0x00, 0x33, 0xBE, 0x00, 0x45, 0xFF, 0xFF, 0xFF, 0xFF, 0xFF, 0xFF, 0xFF, 0xFF, 0xFF, 0xFF,
        0xFF, 0xFF, 0xFF, 0xFF, 0xFF, 0xFF, 0xFF, 0xFF, 0xFF, 0x00, 0x45, 0xFF, 0x00, 0x33, 0xBE, 0x00,
        0x06, 0x17, 0x00, 0x00, 0x00, 0x00, 0x11, 0x3D, 0x00, 0x45, 0xFF, 0x6B, 0x74, 0x6F, 0x00, 0x45,
        0xFF, 0x00, 0x45, 0xFF, 0x00, 0x45, 0xFF, 0xFF, 0xFF, 0xFF, 0xFF, 0xFF, 0xFF, 0xFF, 0xFF, 0xFF,
        0xFF, 0xFF, 0xFF, 0xFF, 0xFF, 0xFF, 0xFF, 0xFF, 0xFF, 0xFF, 0xFF, 0xFF, 0xFF, 0xFF, 0xFF, 0xFF,
        0xFF, 0xFF, 0xFF, 0xFF, 0xFF, 0xFF, 0xFF, 0xFF, 0xFF, 0xFF, 0xFF, 0xFF, 0xFF, 0xFF, 0x00, 0x45,
        0xFF, 0x00, 0x45, 0xFF, 0x00, 0x36, 0xC9, 0x00, 0x12, 0x42, 0x00, 0x3E, 0xE4, 0x00, 0x45, 0xFF,
        0x00, 0x45, 0xFF, 0xFF, 0xFF, 0xFF, 0xFF, 0xFF, 0xFF, 0xFF, 0xFF, 0xFF, 0xFF, 0xFF, 0xFF, 0xFF,
        0xFF, 0xFF, 0xFF, 0xFF, 0xFF, 0x00, 0x45, 0xFF, 0x00, 0x45, 0xFF, 0x00, 0x3E, 0xE4, 0x00, 0x12,
        0x44, 0x00, 0x37, 0xCA, 0x00, 0x45, 0xFF, 0x74, 0x7C, 0x63, 0x00, 0x45, 0xFF, 0x00, 0x45, 0xFF,
        0x00, 0x45, 0xFF, 0xFF, 0xFF, 0xFF, 0xFF, 0xFF, 0xFF, 0xFF, 0xFF, 0xFF, 0xFF, 0xFF, 0xFF, 0xFF,
        0xFF, 0xFF, 0xFF, 0xFF, 0xFF, 0xFF, 0xFF, 0xFF, 0xFF, 0xFF, 0xFF, 0xFF, 0xFF, 0xFF, 0xFF, 0xFF,
        0xFF, 0xFF, 0xFF, 0xFF, 0xFF, 0xFF, 0xFF, 0x00, 0x45, 0xFF, 0x00, 0x45, 0xFF, 0x00, 0x45, 0xFF,
        0x00, 0x45, 0xFF, 0x00, 0x45, 0xFF, 0x00, 0x45, 0xFF, 0x00, 0x45, 0xFF, 0x00, 0x45, 0xFF, 0xFF,
        0xFF, 0xFF, 0xFF, 0xFF, 0xFF, 0xFF, 0xFF, 0xFF, 0xFF, 0xFF, 0xFF, 0xFF, 0xFF, 0xFF, 0xFF, 0xFF,
        0xFF, 0x00, 0x45, 0xFF, 0x00, 0x45, 0xFF, 0x00, 0x45, 0xFF, 0x00, 0x45, 0xFF, 0x00, 0x45, 0xFF,
        0x00, 0x45, 0xFF, 0x70, 0x2E, 0x51, 0x00, 0x45, 0xFF, 0x00, 0x45, 0xFF, 0x00, 0x45, 0xFF, 0x00,
        0x45, 0xFF, 0xFF, 0xFF, 0xFF, 0xFF, 0xFF, 0xFF, 0xFF, 0xFF, 0xFF, 0xFF, 0xFF, 0xFF, 0xFF, 0xFF,
        0xFF, 0xFF, 0xFF, 0xFF, 0xFF, 0xFF, 0xFF, 0xFF, 0xFF, 0xFF, 0xFF, 0xFF, 0xFF, 0xFF, 0xFF, 0xFF,
        0x00, 0x45, 0xFF, 0x00, 0x45, 0xFF, 0x00, 0x45, 0xFF, 0x00, 0x45, 0xFF, 0x00, 0x45, 0xFF, 0x00,
        0x45, 0xFF, 0x00, 0x45, 0xFF, 0x00, 0x45, 0xFF, 0x00, 0x45, 0xFF, 0xFF, 0xFF, 0xFF, 0xFF, 0xFF,
        0xFF, 0xFF, 0xFF, 0xFF, 0xFF, 0xFF, 0xFF, 0xFF, 0xFF, 0xFF, 0xFF, 0xFF, 0xFF, 0x00, 0x45, 0xFF,
        0x00, 0x45, 0xFF, 0x00, 0x45, 0xFF, 0x00, 0x45, 0xFF, 0x00, 0x45, 0xFF, 0x00, 0x45, 0xFF, 0x70,
        0x2E, 0x73, 0x00, 0x45, 0xFF, 0x00, 0x45, 0xFF, 0x00, 0x45, 0xFF, 0x00, 0x45, 0xFF, 0xFF, 0xFF,
        0xFF, 0xFF, 0xFF, 0xFF, 0xFF, 0xFF, 0xFF, 0xFF, 0xFF, 0xFF, 0xFF, 0xFF, 0xFF, 0xFF, 0xFF, 0xFF,
        0xFF, 0xFF, 0xFF, 0xFF, 0xFF, 0xFF, 0xFF, 0xFF, 0xFF, 0xFF, 0xFF, 0xFF, 0x00, 0x45, 0xFF, 0x00,
        0x45, 0xFF, 0x00, 0x45, 0xFF, 0x00, 0x45, 0xFF, 0x00, 0x45, 0xFF, 0x00, 0x45, 0xFF, 0x00, 0x45,
        0xFF, 0x00, 0x45, 0xFF, 0x00, 0x45, 0xFF, 0xFF, 0xFF, 0xFF, 0xFF, 0xFF, 0xFF, 0xFF, 0xFF, 0xFF,
        0xFF, 0xFF, 0xFF, 0xFF, 0xFF, 0xFF, 0xFF, 0xFF, 0xFF, 0x00, 0x45, 0xFF, 0x00, 0x45, 0xFF, 0x00,
        0x45, 0xFF, 0x00, 0x45, 0xFF, 0x00, 0x45, 0xFF, 0x00, 0x45, 0xFF, 0x64, 0x6F, 0x62, 0x00, 0x45,
        0xFF, 0x00, 0x45, 0xFF, 0x00, 0x45, 0xFF, 0x00, 0x45, 0xFF, 0x00, 0x45, 0xFF, 0xFF, 0xFF, 0xFF,
        0xFF, 0xFF, 0xFF, 0xFF, 0xFF, 0xFF, 0xFF, 0xFF, 0xFF, 0xFF, 0xFF, 0xFF, 0xFF, 0xFF, 0xFF, 0xFF,
        0xFF, 0xFF, 0xFF, 0xFF, 0xFF, 0x00, 0x45, 0xFF, 0x00, 0x45, 0xFF, 0x00, 0x45, 0xFF, 0x00, 0x45,
        0xFF, 0x00, 0x45, 0xFF, 0x00, 0x45, 0xFF, 0x00, 0x45, 0xFF, 0x00, 0x45, 0xFF, 0x00, 0x45, 0xFF,
        0x00, 0x45, 0xFF, 0xFF, 0xFF, 0xFF, 0xFF, 0xFF, 0xFF, 0xFF, 0xFF, 0xFF, 0xFF, 0xFF, 0xFF, 0xFF,
        0xFF, 0xFF, 0xFF, 0xFF, 0xFF, 0x00, 0x45, 0xFF, 0x00, 0x45, 0xFF, 0x00, 0x45, 0xFF, 0x00, 0x45,
        0xFF, 0x00, 0x45, 0xFF, 0x00, 0x45, 0xFF, 0x69, 0x63, 0x2E, 0x00, 0x45, 0xFF, 0x00, 0x45, 0xFF,
        0x00, 0x45, 0xFF, 0x00, 0x45, 0xFF, 0x00, 0x45, 0xFF, 0xFF, 0xFF, 0xFF, 0xFF, 0xFF, 0xFF, 0xFF,
        0xFF, 0xFF, 0xFF, 0xFF, 0xFF, 0xFF, 0xFF, 0xFF, 0xFF, 0xFF, 0xFF, 0xFF, 0xFF, 0xFF, 0xFF, 0xFF,
        0xFF, 0x00, 0x45, 0xFF, 0x00, 0x45, 0xFF, 0x00, 0x45, 0xFF, 0x00, 0x45, 0xFF, 0x00, 0x45, 0xFF,
        0x00, 0x45, 0xFF, 0x00, 0x45, 0xFF, 0x00, 0x45, 0xFF, 0x00, 0x45, 0xFF, 0x00, 0x45, 0xFF, 0xFF,
        0xFF, 0xFF, 0xFF, 0xFF, 0xFF, 0xFF, 0xFF, 0xFF, 0xFF, 0xFF, 0xFF, 0xFF, 0xFF, 0xFF, 0xFF, 0xFF,
        0xFF, 0x00, 0x45, 0xFF, 0x00, 0x45, 0xFF, 0x00, 0x45, 0xFF, 0x00, 0x45, 0xFF, 0x00, 0x45, 0xFF,
        0x00, 0x45, 0xFF, 0x31, 0x30, 0x31, 0x00, 0x45, 0xFF, 0x00, 0x45, 0xFF, 0x00, 0x45, 0xFF, 0x00,
        0x45, 0xFF, 0x00, 0x45, 0xFF, 0x00, 0x45, 0xFF, 0xFF, 0xFF, 0xFF, 0xFF, 0xFF, 0xFF, 0xFF, 0xFF,
        0xFF, 0xFF, 0xFF, 0xFF, 0xFF, 0xFF, 0xFF, 0xFF, 0xFF, 0xFF, 0x00, 0x45, 0xFF, 0x00, 0x45, 0xFF,
        0x00, 0x45, 0xFF, 0x00, 0x45, 0xFF, 0x00, 0x45, 0xFF, 0x00, 0x45, 0xFF, 0x00, 0x45, 0xFF, 0x00,
        0x45, 0xFF, 0x00, 0x45, 0xFF, 0x00, 0x45, 0xFF, 0x00, 0x45, 0xFF, 0xFF, 0xFF, 0xFF, 0xFF, 0xFF,
        0xFF, 0xFF, 0xFF, 0xFF, 0xFF, 0xFF, 0xFF, 0xFF, 0xFF, 0xFF, 0xFF, 0xFF, 0xFF, 0x00, 0x45, 0xFF,
        0x00, 0x45, 0xFF, 0x00, 0x45, 0xFF, 0x00, 0x45, 0xFF, 0x00, 0x45, 0xFF, 0x00, 0x45, 0xFF, 0x22,
        0x65, 0x76, 0x00, 0x45, 0xFF, 0x00, 0x45, 0xFF, 0x00, 0x45, 0xFF, 0x00, 0x45, 0xFF, 0x00, 0x45,
        0xFF, 0x00, 0x45, 0xFF, 0x00, 0x45, 0xFF, 0xFF, 0xFF, 0xFF, 0xFF, 0xFF, 0xFF, 0xFF, 0xFF, 0xFF,
        0xFF, 0xFF, 0xFF, 0x00, 0x45, 0xFF, 0x00, 0x45, 0xFF, 0x00, 0x45, 0xFF, 0x00, 0x45, 0xFF, 0x00,
        0x45, 0xFF, 0x00, 0x45, 0xFF, 0x00, 0x45, 0xFF, 0x00, 0x45, 0xFF, 0x00, 0x45, 0xFF, 0x00, 0x45,
        0xFF, 0x00, 0x45, 0xFF, 0x00, 0x45, 0xFF, 0xFF, 0xFF, 0xFF, 0xFF, 0xFF, 0xFF, 0xFF, 0xFF, 0xFF,
        0xFF, 0xFF, 0xFF, 0xFF, 0xFF, 0xFF, 0xFF, 0xFF, 0xFF, 0x00, 0x45, 0xFF, 0x00, 0x45, 0xFF, 0x00,
        0x45, 0xFF, 0x00, 0x45, 0xFF, 0x00, 0x45, 0xFF, 0x00, 0x45, 0xFF, 0x6E, 0x76, 0x22, 0x00, 0x45,
        0xFF, 0x00, 0x45, 0xFF, 0x00, 0x45, 0xFF, 0x00, 0x45, 0xFF, 0x00, 0x45, 0xFF, 0x00, 0x45, 0xFF,
        0x00, 0x45, 0xFF, 0xFF, 0xFF, 0xFF, 0xFF, 0xFF, 0xFF, 0xFF, 0xFF, 0xFF, 0xFF, 0xFF, 0xFF, 0x00,
        0x45, 0xFF, 0x00, 0x45, 0xFF, 0x00, 0x45, 0xFF, 0x00, 0x45, 0xFF, 0x00, 0x45, 0xFF, 0x00, 0x45,
        0xFF, 0x00, 0x45, 0xFF, 0x00, 0x45, 0xFF, 0x00, 0x45, 0xFF, 0x00, 0x45, 0xFF, 0x00, 0x45, 0xFF,
        0x00, 0x45, 0xFF, 0xFF, 0xFF, 0xFF, 0xFF, 0xFF, 0xFF, 0xFF, 0xFF, 0xFF, 0xFF, 0xFF, 0xFF, 0xFF,
        0xFF, 0xFF, 0xFF, 0xFF, 0xFF, 0x00, 0x45, 0xFF, 0x00, 0x45, 0xFF, 0x00, 0x45, 0xFF, 0x00, 0x45,
        0xFF, 0x00, 0x45, 0xFF, 0x00, 0x45, 0xFF, 0x2C, 0x22, 0x65, 0x00, 0x45, 0xFF, 0x00, 0x45, 0xFF,
        0x00, 0x45, 0xFF, 0x00, 0x45, 0xFF, 0x00, 0x45, 0xFF, 0x00, 0x45, 0xFF, 0x00, 0x45, 0xFF, 0x00,
        0x45, 0xFF, 0xFF, 0xFF, 0xFF, 0xFF, 0xFF, 0xFF, 0x00, 0x45, 0xFF, 0x00, 0x45, 0xFF, 0x00, 0x45,
        0xFF, 0x00, 0x45, 0xFF, 0x00, 0x45, 0xFF, 0x00, 0x45, 0xFF, 0x00, 0x45, 0xFF, 0x00, 0x45, 0xFF,
        0x00, 0x45, 0xFF, 0x00, 0x45, 0xFF, 0x00, 0x45, 0xFF, 0x00, 0x45, 0xFF, 0x00, 0x45, 0xFF, 0xFF,
        0xFF, 0xFF, 0xFF, 0xFF, 0xFF, 0xFF, 0xFF, 0xFF, 0xFF, 0xFF, 0xFF, 0xFF, 0xFF, 0xFF, 0xFF, 0xFF,
        0xFF, 0x00, 0x45, 0xFF, 0x00, 0x45, 0xFF, 0x00, 0x45, 0xFF, 0x00, 0x45, 0xFF, 0x00, 0x45, 0xFF,
        0x00, 0x45, 0xFF, 0x76, 0x61, 0x6C, 0x00, 0x45, 0xFF, 0x00, 0x45, 0xFF, 0x00, 0x45, 0xFF, 0x00,
        0x45, 0xFF, 0x00, 0x45, 0xFF, 0x00, 0x45, 0xFF, 0x00, 0x45, 0xFF, 0x00, 0x45, 0xFF, 0xFF, 0xFF,
        0xFF, 0xFF, 0xFF, 0xFF, 0x00, 0x45, 0xFF, 0x00, 0x45, 0xFF, 0x00, 0x45, 0xFF, 0x00, 0x45, 0xFF,
        0x00, 0x45, 0xFF, 0x00, 0x45, 0xFF, 0x00, 0x45, 0xFF, 0x00, 0x45, 0xFF, 0x00, 0x45, 0xFF, 0x00,
        0x45, 0xFF, 0x00, 0x45, 0xFF, 0x00, 0x45, 0xFF, 0x00, 0x45, 0xFF, 0xFF, 0xFF, 0xFF, 0xFF, 0xFF,
        0xFF, 0xFF, 0xFF, 0xFF, 0xFF, 0xFF, 0xFF, 0xFF, 0xFF, 0xFF, 0xFF, 0xFF, 0xFF, 0x00, 0x45, 0xFF,
        0x00, 0x45, 0xFF, 0x00, 0x45, 0xFF, 0x00, 0x45, 0xFF, 0x00, 0x45, 0xFF, 0x00, 0x45, 0xFF, 0x61,
        0x6C, 0x65, 0x00, 0x45, 0xFF, 0x00, 0x45, 0xFF, 0x00, 0x45, 0xFF, 0x00, 0x45, 0xFF, 0x00, 0x45,
        0xFF, 0x00, 0x45, 0xFF, 0x00, 0x45, 0xFF, 0x00, 0x45, 0xFF, 0x00, 0x45, 0xFF, 0x00, 0x45, 0xFF,
        0x00, 0x45, 0xFF, 0x00, 0x45, 0xFF, 0x00, 0x45, 0xFF, 0x00, 0x45, 0xFF, 0x00, 0x45, 0xFF, 0x00,
        0x45, 0xFF, 0x00, 0x45, 0xFF, 0x00, 0x45, 0xFF, 0x00, 0x45, 0xFF, 0x00, 0x45, 0xFF, 0x00, 0x45,
        0xFF, 0x00, 0x45, 0xFF, 0x00, 0x45, 0xFF, 0x00, 0x45, 0xFF, 0x00, 0x45, 0xFF, 0x00, 0x45, 0xFF,
        0x00, 0x45, 0xFF, 0x00, 0x45, 0xFF, 0x00, 0x45, 0xFF, 0x00, 0x45, 0xFF, 0x00, 0x45, 0xFF, 0x00,
        0x45, 0xFF, 0x00, 0x45, 0xFF, 0x00, 0x45, 0xFF, 0x00, 0x45, 0xFF, 0x3A, 0x33, 0x2C, 0x00, 0x45,
        0xFF, 0x00, 0x45, 0xFF, 0x00, 0x45, 0xFF, 0x00, 0x45, 0xFF, 0x00, 0x45, 0xFF, 0x00, 0x45, 0xFF,
        0x00, 0x45, 0xFF, 0x00, 0x45, 0xFF, 0x00, 0x45, 0xFF, 0x00, 0x45, 0xFF, 0x00, 0x45, 0xFF, 0x00,
        0x45, 0xFF, 0x00, 0x45, 0xFF, 0x00, 0x45, 0xFF, 0x00, 0x45, 0xFF, 0x00, 0x45, 0xFF, 0x00, 0x45,
        0xFF, 0x00, 0x45, 0xFF, 0x00, 0x45, 0xFF, 0x00, 0x45, 0xFF, 0x00, 0x45, 0xFF, 0x00, 0x45, 0xFF,
        0x00, 0x45, 0xFF, 0x00, 0x45, 0xFF, 0x00, 0x45, 0xFF, 0x00, 0x45, 0xFF, 0x00, 0x45, 0xFF, 0x00,
        0x45, 0xFF, 0x00, 0x45, 0xFF, 0x00, 0x45, 0xFF, 0x00, 0x45, 0xFF, 0x00, 0x45, 0xFF, 0x00, 0x45,
        0xFF, 0x00, 0x45, 0xFF, 0x00, 0x45, 0xFF, 0x23, 0x40, 0x3F, 0x00, 0x00
};

PROGMEM uint8_t AllNotesOffIcon_35x35[] = {
        0x42, 0x4D, 0xFC, 0x0E, 0x00, 0x00, 0x00, 0x00, 0x00, 0x00, 0x36, 0x00, 0x00, 0x00, 0x28, 0x00,
        0x00, 0x00, 0x23, 0x00, 0x00, 0x00, 0xDD, 0xFF, 0xFF, 0xFF, 0x01, 0x00, 0x18, 0x00, 0x00, 0x00,
        0x00, 0x00, 0xC6, 0x0E, 0x00, 0x00, 0x23, 0x2E, 0x00, 0x00, 0x23, 0x2E, 0x00, 0x00, 0x00, 0x00,
        0x00, 0x00, 0x00, 0x00, 0x00, 0x00, 0x00, 0x45, 0xFF, 0x00, 0x45, 0xFF, 0x00, 0x45, 0xFF, 0x00,
        0x45, 0xFF, 0x00, 0x45, 0xFF, 0x00, 0x45, 0xFF, 0x00, 0x45, 0xFF, 0x00, 0x45, 0xFF, 0x00, 0x45,
        0xFF, 0x00, 0x45, 0xFF, 0x00, 0x45, 0xFF, 0x00, 0x45, 0xFF, 0x00, 0x45, 0xFF, 0x00, 0x45, 0xFF,
        0x00, 0x45, 0xFF, 0x00, 0x45, 0xFF, 0x00, 0x45, 0xFF, 0x00, 0x45, 0xFF, 0x00, 0x45, 0xFF, 0x00,
        0x45, 0xFF, 0x00, 0x45, 0xFF, 0x00, 0x45, 0xFF, 0x00, 0x45, 0xFF, 0x00, 0x45, 0xFF, 0x00, 0x45,
        0xFF, 0x00, 0x45, 0xFF, 0x00, 0x45, 0xFF, 0x00, 0x45, 0xFF, 0x00, 0x45, 0xFF, 0x00, 0x45, 0xFF,
        0x00, 0x45, 0xFF, 0x00, 0x45, 0xFF, 0x00, 0x45, 0xFF, 0x00, 0x45, 0xFF, 0x00, 0x45, 0xFF, 0x57,
        0x69, 0x6E, 0x00, 0x45, 0xFF, 0x00, 0x45, 0xFF, 0x00, 0x45, 0xFF, 0x00, 0x45, 0xFF, 0x00, 0x45,
        0xFF, 0x00, 0x45, 0xFF, 0x00, 0x45, 0xFF, 0x00, 0x45, 0xFF, 0x00, 0x45, 0xFF, 0x00, 0x45, 0xFF,
        0x00, 0x45, 0xFF, 0x00, 0x45, 0xFF, 0x00, 0x45, 0xFF, 0x00, 0x45, 0xFF, 0x00, 0x45, 0xFF, 0x00,
        0x45, 0xFF, 0x00, 0x45, 0xFF, 0x00, 0x45, 0xFF, 0x00, 0x45, 0xFF, 0x00, 0x45, 0xFF, 0x00, 0x45,
        0xFF, 0x00, 0x45, 0xFF, 0x00, 0x45, 0xFF, 0x00, 0x45, 0xFF, 0x00, 0x45, 0xFF, 0x00, 0x45, 0xFF,
        0x00, 0x45, 0xFF, 0x00, 0x45, 0xFF, 0x00, 0x45, 0xFF, 0x00, 0x45, 0xFF, 0x00, 0x45, 0xFF, 0x00,
        0x45, 0xFF, 0x00, 0x45, 0xFF, 0x00, 0x45, 0xFF, 0x00, 0x45, 0xFF, 0x34, 0x65, 0x37, 0x00, 0x45,
        0xFF, 0x00, 0x45, 0xFF, 0x00, 0x45, 0xFF, 0x00, 0x45, 0xFF, 0x00, 0x45, 0xFF, 0x00, 0x45, 0xFF,
        0x00, 0x45, 0xFF, 0x00, 0x45, 0xFF, 0x00, 0x45, 0xFF, 0x00, 0x45, 0xFF, 0x00, 0x45, 0xFF, 0x00,
        0x45, 0xFF, 0x00, 0x45, 0xFF, 0x00, 0x45, 0xFF, 0x00, 0x45, 0xFF, 0x00, 0x45, 0xFF, 0x00, 0x45,
        0xFF, 0x00, 0x45, 0xFF, 0x00, 0x45, 0xFF, 0x00, 0x45, 0xFF, 0x00, 0x45, 0xFF, 0x00, 0x45, 0xFF,
        0x00, 0x45, 0xFF, 0x00, 0x45, 0xFF, 0x00, 0x45, 0xFF, 0x00, 0x45, 0xFF, 0x00, 0x45, 0xFF, 0x00,
        0x45, 0xFF, 0x00, 0x45, 0xFF, 0x00, 0x45, 0xFF, 0x00, 0x45, 0xFF, 0x00, 0x45, 0xFF, 0x00, 0x45,
        0xFF, 0x00, 0x45, 0xFF, 0x00, 0x45, 0xFF, 0x69, 0x35, 0x2D, 0x00, 0x45, 0xFF, 0x00, 0x45, 0xFF,
        0x00, 0x45, 0xFF, 0x30, 0x68, 0xFF, 0x80, 0xA2, 0xFF, 0x80, 0xA2, 0xFF, 0x80, 0xA2, 0xFF, 0x80,
        0xA2, 0xFF, 0x80, 0xA2, 0xFF, 0x80, 0xA2, 0xFF, 0x80, 0xA2, 0xFF, 0x80, 0xA2, 0xFF, 0x80, 0xA2,
        0xFF, 0x80, 0xA2, 0xFF, 0x80, 0xA2, 0xFF, 0x80, 0xA2, 0xFF, 0x80, 0xA2, 0xFF, 0x80, 0xA2, 0xFF,
        0x80, 0xA2, 0xFF, 0x80, 0xA2, 0xFF, 0x80, 0xA2, 0xFF, 0x80, 0xA2, 0xFF, 0x80, 0xA2, 0xFF, 0x80,
        0xA2, 0xFF, 0x80, 0xA2, 0xFF, 0x80, 0xA2, 0xFF, 0x80, 0xA2, 0xFF, 0x80, 0xA2, 0xFF, 0x80, 0xA2,
        0xFF, 0x80, 0xA2, 0xFF, 0x80, 0xA2, 0xFF, 0x30, 0x68, 0xFF, 0x00, 0x45, 0xFF, 0x00, 0x45, 0xFF,
        0x00, 0x45, 0xFF, 0x65, 0x39, 0x2D, 0x00, 0x45, 0xFF, 0x00, 0x45, 0xFF, 0x00, 0x45, 0xFF, 0x80,
        0xA2, 0xFF, 0x5D, 0x7D, 0xD3, 0x11, 0x1E, 0x42, 0x3B, 0x6A, 0xEA, 0xCF, 0xDC, 0xFF, 0xFF, 0xFF,
        0xFF, 0xFF, 0xFF, 0xFF, 0xFF, 0xFF, 0xFF, 0x9F, 0xB9, 0xFF, 0x70, 0x97, 0xFF, 0xFF, 0xFF, 0xFF,
        0xFF, 0xFF, 0xFF, 0xFF, 0xFF, 0xFF, 0xFF, 0xFF, 0xFF, 0x70, 0x97, 0xFF, 0x40, 0x74, 0xFF, 0x40,
        0x74, 0xFF, 0x9F, 0xB9, 0xFF, 0x40, 0x74, 0xFF, 0x40, 0x74, 0xFF, 0x40, 0x74, 0xFF, 0xCF, 0xDC,
        0xFF, 0xFF, 0xFF, 0xFF, 0xFF, 0xFF, 0xFF, 0xFF, 0xFF, 0xFF, 0xBE, 0xCA, 0xEA, 0x10, 0x1E, 0x41,
        0x5D, 0x7E, 0xD4, 0x80, 0xA2, 0xFF, 0x00, 0x45, 0xFF, 0x00, 0x45, 0xFF, 0x00, 0x45, 0xFF, 0x76,
        0x69, 0x63, 0x00, 0x45, 0xFF, 0x00, 0x45, 0xFF, 0x00, 0x45, 0xFF, 0x80, 0xA2, 0xFF, 0x11, 0x1E,
        0x42, 0x00, 0x00, 0x00, 0x00, 0x0C, 0x2D, 0xAF, 0xBF, 0xEA, 0xFF, 0xFF, 0xFF, 0xFF, 0xFF, 0xFF,
        0xFF, 0xFF, 0xFF, 0x80, 0xA2, 0xFF, 0x40, 0x74, 0xFF, 0xFF, 0xFF, 0xFF, 0xFF, 0xFF, 0xFF, 0xFF,
        0xFF, 0xFF, 0xFF, 0xFF, 0xFF, 0x40, 0x74, 0xFF, 0x00, 0x45, 0xFF, 0x00, 0x45, 0xFF, 0x80, 0xA2,
        0xFF, 0x00, 0x45, 0xFF, 0x00, 0x45, 0xFF, 0x00, 0x45, 0xFF, 0xBF, 0xD0, 0xFF, 0xFF, 0xFF, 0xFF,
        0xFF, 0xFF, 0xFF, 0xEA, 0xEA, 0xEA, 0x21, 0x24, 0x2C, 0x00, 0x00, 0x00, 0x10, 0x1E, 0x41, 0x80,
        0xA2, 0xFF, 0x00, 0x45, 0xFF, 0x00, 0x45, 0xFF, 0x00, 0x45, 0xFF, 0x22, 0x47, 0x54, 0x00, 0x45,
        0xFF, 0x00, 0x45, 0xFF, 0x00, 0x45, 0xFF, 0x80, 0xA2, 0xFF, 0x3B, 0x6A, 0xEA, 0x00, 0x0C, 0x2D,
        0x01, 0x01, 0x01, 0x22, 0x25, 0x2D, 0xEA, 0xEA, 0xEA, 0xFF, 0xFF, 0xFF, 0xFF, 0xFF, 0xFF, 0x80,
        0xA2, 0xFF, 0x40, 0x74, 0xFF, 0xFF, 0xFF, 0xFF, 0xFF, 0xFF, 0xFF, 0xFF, 0xFF, 0xFF, 0xFF, 0xFF,
        0xFF, 0x40, 0x74, 0xFF, 0x00, 0x45, 0xFF, 0x00, 0x45, 0xFF, 0x80, 0xA2, 0xFF, 0x00, 0x45, 0xFF,
        0x00, 0x45, 0xFF, 0x00, 0x45, 0xFF, 0xBF, 0xD0, 0xFF, 0xFF, 0xFF, 0xFF, 0xEA, 0xEA, 0xEA, 0x2C,
        0x2C, 0x2C, 0x00, 0x00, 0x00, 0x00, 0x0C, 0x2C, 0x3B, 0x6A, 0xEA, 0x80, 0xA2, 0xFF, 0x00, 0x45,
        0xFF, 0x00, 0x45, 0xFF, 0x00, 0x45, 0xFF, 0x34, 0x44, 0x36, 0x00, 0x45, 0xFF, 0x00, 0x45, 0xFF,
        0x00, 0x45, 0xFF, 0x80, 0xA2, 0xFF, 0x40, 0x74, 0xFF, 0x00, 0x3F, 0xEA, 0x00, 0x0C, 0x2D, 0x01,
        0x01, 0x01, 0x2D, 0x2D, 0x2D, 0xEA, 0xEA, 0xEA, 0xFF, 0xFF, 0xFF, 0x80, 0xA2, 0xFF, 0x40, 0x74,
        0xFF, 0xFF, 0xFF, 0xFF, 0xFF, 0xFF, 0xFF, 0xFF, 0xFF, 0xFF, 0xFF, 0xFF, 0xFF, 0x40, 0x74, 0xFF,
        0x00, 0x45, 0xFF, 0x00, 0x45, 0xFF, 0x80, 0xA2, 0xFF, 0x00, 0x45, 0xFF, 0x00, 0x45, 0xFF, 0x00,
        0x45, 0xFF, 0xBF, 0xD0, 0xFF, 0xEA, 0xEA, 0xEA, 0x2C, 0x2C, 0x2C, 0x00, 0x00, 0x00, 0x21, 0x24,
        0x2C, 0x00, 0x3F, 0xEA, 0x40, 0x74, 0xFF, 0x80, 0xA2, 0xFF, 0x00, 0x45, 0xFF, 0x00, 0x45, 0xFF,
        0x00, 0x45, 0xFF, 0x74, 0x22, 0x2C, 0x00, 0x45, 0xFF, 0x00, 0x45, 0xFF, 0x00, 0x45, 0xFF, 0x80,
        0xA2, 0xFF, 0x40, 0x74, 0xFF, 0x00, 0x45, 0xFF, 0x00, 0x3F, 0xEA, 0x22, 0x25, 0x2D, 0x01, 0x01,
        0x01, 0x2D, 0x2D, 0x2D, 0xEA, 0xEA, 0xEA, 0x80, 0xA2, 0xFF, 0x40, 0x74, 0xFF, 0xFF, 0xFF, 0xFF,
        0xFF, 0xFF, 0xFF, 0xFF, 0xFF, 0xFF, 0xFF, 0xFF, 0xFF, 0x40, 0x74, 0xFF, 0x00, 0x45, 0xFF, 0x00,
        0x45, 0xFF, 0x80, 0xA2, 0xFF, 0x00, 0x45, 0xFF, 0x00, 0x45, 0xFF, 0x00, 0x45, 0xFF, 0xAF, 0xBF,
        0xEA, 0x2C, 0x2C, 0x2C, 0x00, 0x00, 0x00, 0x2C, 0x2C, 0x2C, 0xAF, 0xBF, 0xEA, 0x00, 0x45, 0xFF,
        0x40, 0x74, 0xFF, 0x80, 0xA2, 0xFF, 0x00, 0x45, 0xFF, 0x00, 0x45, 0xFF, 0x00, 0x45, 0xFF, 0x55,
        0x58, 0x50, 0x00, 0x45, 0xFF, 0x00, 0x45, 0xFF, 0x00, 0x45, 0xFF, 0x80, 0xA2, 0xFF, 0x40, 0x74,
        0xFF, 0x00, 0x45, 0xFF, 0x00, 0x45, 0xFF, 0xAF, 0xBF, 0xEA, 0x2D, 0x2D, 0x2D, 0x01, 0x01, 0x01,
        0x2D, 0x2D, 0x2D, 0x75, 0x95, 0xEA, 0x40, 0x74, 0xFF, 0xFF, 0xFF, 0xFF, 0xFF, 0xFF, 0xFF, 0xFF,
        0xFF, 0xFF, 0xFF, 0xFF, 0xFF, 0x40, 0x74, 0xFF, 0x00, 0x45, 0xFF, 0x00, 0x45, 0xFF, 0x80, 0xA2,
        0xFF, 0x00, 0x45, 0xFF, 0x00, 0x45, 0xFF, 0x00, 0x3F, 0xEA, 0x21, 0x24, 0x2C, 0x00, 0x00, 0x00,
        0x2C, 0x2C, 0x2C, 0xEA, 0xEA, 0xEA, 0xBF, 0xD0, 0xFF, 0x00, 0x45, 0xFF, 0x40, 0x74, 0xFF, 0x80,
        0xA2, 0xFF, 0x00, 0x45, 0xFF, 0x00, 0x45, 0xFF, 0x00, 0x45, 0xFF, 0x31, 0x35, 0x2E, 0x00, 0x45,
        0xFF, 0x00, 0x45, 0xFF, 0x00, 0x45, 0xFF, 0x80, 0xA2, 0xFF, 0x40, 0x74, 0xFF, 0x00, 0x45, 0xFF,
        0x00, 0x45, 0xFF, 0xBF, 0xD0, 0xFF, 0xEA, 0xEA, 0xEA, 0x2D, 0x2D, 0x2D, 0x01, 0x01, 0x01, 0x17,
        0x1D, 0x2D, 0x3B, 0x6A, 0xEA, 0xFF, 0xFF, 0xFF, 0xFF, 0xFF, 0xFF, 0xFF, 0xFF, 0xFF, 0xFF, 0xFF,
        0xFF, 0x40, 0x74, 0xFF, 0x00, 0x45, 0xFF, 0x00, 0x45, 0xFF, 0x80, 0xA2, 0xFF, 0x00, 0x45, 0xFF,
        0x00, 0x3F, 0xEA, 0x00, 0x0C, 0x2C, 0x01, 0x01, 0x01, 0x2C, 0x2C, 0x2C, 0xEA, 0xEA, 0xEA, 0xFF,
        0xFF, 0xFF, 0xBF, 0xD0, 0xFF, 0x00, 0x45, 0xFF, 0x40, 0x74, 0xFF, 0x80, 0xA2, 0xFF, 0x00, 0x45,
        0xFF, 0x00, 0x45, 0xFF, 0x00, 0x45, 0xFF, 0x31, 0x32, 0x39, 0x00, 0x45, 0xFF, 0x00, 0x45, 0xFF,
        0x00, 0x45, 0xFF, 0x80, 0xA2, 0xFF, 0x40, 0x74, 0xFF, 0x00, 0x45, 0xFF, 0x00, 0x45, 0xFF, 0xBF,
        0xD0, 0xFF, 0xFF, 0xFF, 0xFF, 0xEA, 0xEA, 0xEA, 0x2D, 0x2D, 0x2D, 0x00, 0x00, 0x00, 0x0B, 0x14,
        0x2D, 0xEA, 0xEA, 0xEA, 0xFF, 0xFF, 0xFF, 0xFF, 0xFF, 0xFF, 0xFF, 0xFF, 0xFF, 0x40, 0x74, 0xFF,
        0x00, 0x45, 0xFF, 0x00, 0x45, 0xFF, 0x80, 0xA2, 0xFF, 0x00, 0x3F, 0xEA, 0x00, 0x0C, 0x2C, 0x01,
        0x01, 0x01, 0x21, 0x24, 0x2C, 0xEA, 0xEA, 0xEA, 0xFF, 0xFF, 0xFF, 0xFF, 0xFF, 0xFF, 0xBF, 0xD0,
        0xFF, 0x00, 0x45, 0xFF, 0x40, 0x74, 0xFF, 0x80, 0xA2, 0xFF, 0x00, 0x45, 0xFF, 0x00, 0x45, 0xFF,
        0x00, 0x45, 0xFF, 0x74, 0x6F, 0x70, 0x00, 0x45, 0xFF, 0x00, 0x45, 0xFF, 0x00, 0x45, 0xFF, 0x80,
        0xA2, 0xFF, 0x40, 0x74, 0xFF, 0x00, 0x45, 0xFF, 0x00, 0x45, 0xFF, 0xBF, 0xD0, 0xFF, 0xFF, 0xFF,
        0xFF, 0xFF, 0xFF, 0xFF, 0xEA, 0xEA, 0xEA, 0x17, 0x1D, 0x2D, 0x00, 0x00, 0x00, 0x2D, 0x2D, 0x2D,
        0xEA, 0xEA, 0xEA, 0xFF, 0xFF, 0xFF, 0xFF, 0xFF, 0xFF, 0x40, 0x74, 0xFF, 0x00, 0x45, 0xFF, 0x00,
        0x45, 0xFF, 0x75, 0x95, 0xEA, 0x00, 0x0C, 0x2C, 0x01, 0x01, 0x01, 0x00, 0x0C, 0x2C, 0xAF, 0xBF,
        0xEA, 0xFF, 0xFF, 0xFF, 0xFF, 0xFF, 0xFF, 0xFF, 0xFF, 0xFF, 0xBF, 0xD0, 0xFF, 0x00, 0x45, 0xFF,
        0x40, 0x74, 0xFF, 0x80, 0xA2, 0xFF, 0x00, 0x45, 0xFF, 0x00, 0x45, 0xFF, 0x00, 0x45, 0xFF, 0x65,
        0x73, 0x6B, 0x00, 0x45, 0xFF, 0x00, 0x45, 0xFF, 0x00, 0x45, 0xFF, 0x80, 0xA2, 0xFF, 0x40, 0x74,
        0xFF, 0x00, 0x45, 0xFF, 0x00, 0x45, 0xFF, 0xBF, 0xD0, 0xFF, 0xFF, 0xFF, 0xFF, 0xFF, 0xFF, 0xFF,
        0xFF, 0xFF, 0xFF, 0x75, 0x95, 0xEA, 0x0B, 0x14, 0x2D, 0x00, 0x00, 0x00, 0x2D, 0x2D, 0x2D, 0xEA,
        0xEA, 0xEA, 0xFF, 0xFF, 0xFF, 0x40, 0x74, 0xFF, 0x00, 0x45, 0xFF, 0x00, 0x3F, 0xEA, 0x16, 0x1C,
        0x2C, 0x00, 0x00, 0x00, 0x00, 0x0C, 0x2C, 0x00, 0x3F, 0xEA, 0xBF, 0xD0, 0xFF, 0xFF, 0xFF, 0xFF,
        0xFF, 0xFF, 0xFF, 0xFF, 0xFF, 0xFF, 0xBF, 0xD0, 0xFF, 0x00, 0x45, 0xFF, 0x40, 0x74, 0xFF, 0x80,
        0xA2, 0xFF, 0x00, 0x45, 0xFF, 0x00, 0x45, 0xFF, 0x00, 0x45, 0xFF, 0x65, 0x73, 0x74, 0x00, 0x45,
        0xFF, 0x00, 0x45, 0xFF, 0x00, 0x45, 0xFF, 0x80, 0xA2, 0xFF, 0x40, 0x74, 0xFF, 0x00, 0x45, 0xFF,
        0x00, 0x45, 0xFF, 0xBF, 0xD0, 0xFF, 0xFF, 0xFF, 0xFF, 0xFF, 0xFF, 0xFF, 0xFF, 0xFF, 0xFF, 0x80,
        0xA2, 0xFF, 0x3B, 0x6A, 0xEA, 0x2D, 0x2D, 0x2D, 0x00, 0x00, 0x00, 0x2D, 0x2D, 0x2D, 0xEA, 0xEA,
        0xEA, 0x40, 0x74, 0xFF, 0x00, 0x3F, 0xEA, 0x00, 0x0C, 0x2C, 0x00, 0x00, 0x00, 0x00, 0x0C, 0x2C,
        0x00, 0x3F, 0xEA, 0x00, 0x45, 0xFF, 0xBF, 0xD0, 0xFF, 0xFF, 0xFF, 0xFF, 0xFF, 0xFF, 0xFF, 0xFF,
        0xFF, 0xFF, 0xBF, 0xD0, 0xFF, 0x00, 0x45, 0xFF, 0x40, 0x74, 0xFF, 0x80, 0xA2, 0xFF, 0x00, 0x45,
        0xFF, 0x00, 0x45, 0xFF, 0x00, 0x45, 0xFF, 0x65, 0x2E, 0x75, 0x00, 0x45, 0xFF, 0x00, 0x45, 0xFF,
        0x00, 0x45, 0xFF, 0x80, 0xA2, 0xFF, 0x40, 0x74, 0xFF, 0x00, 0x45, 0xFF, 0x00, 0x45, 0xFF, 0xBF,
        0xD0, 0xFF, 0xFF, 0xFF, 0xFF, 0xFF, 0xFF, 0xFF, 0xFF, 0xFF, 0xFF, 0x80, 0xA2, 0xFF, 0x40, 0x74,
        0xFF, 0xEA, 0xEA, 0xEA, 0x2D, 0x2D, 0x2D, 0x00, 0x00, 0x00, 0x2D, 0x2D, 0x2D, 0x36, 0x61, 0xD7,
        0x00, 0x0C, 0x2C, 0x00, 0x00, 0x00, 0x16, 0x1C, 0x2C, 0x00, 0x3F, 0xEA, 0x00, 0x45, 0xFF, 0x00,
        0x45, 0xFF, 0xBF, 0xD0, 0xFF, 0xFF, 0xFF, 0xFF, 0xFF, 0xFF, 0xFF, 0xFF, 0xFF, 0xFF, 0xBF, 0xD0,
        0xFF, 0x00, 0x45, 0xFF, 0x40, 0x74, 0xFF, 0x80, 0xA2, 0xFF, 0x00, 0x45, 0xFF, 0x00, 0x45, 0xFF,
        0x00, 0x45, 0xFF, 0x64, 0x70, 0x52, 0x00, 0x45, 0xFF, 0x00, 0x45, 0xFF, 0x00, 0x45, 0xFF, 0x80,
        0xA2, 0xFF, 0x40, 0x74, 0xFF, 0x00, 0x45, 0xFF, 0x00, 0x45, 0xFF, 0xBF, 0xD0, 0xFF, 0xFF, 0xFF,
        0xFF, 0xFF, 0xFF, 0xFF, 0xFF, 0xFF, 0xFF, 0x80, 0xA2, 0xFF, 0x40, 0x74, 0xFF, 0xFF, 0xFF, 0xFF,
        0xEA, 0xEA, 0xEA, 0x2D, 0x2D, 0x2D, 0x00, 0x00, 0x00, 0x02, 0x04, 0x08, 0x00, 0x00, 0x00, 0x00,
        0x0C, 0x2C, 0x75, 0x95, 0xEA, 0x00, 0x45, 0xFF, 0x00, 0x45, 0xFF, 0x00, 0x45, 0xFF, 0xBF, 0xD0,
        0xFF, 0xFF, 0xFF, 0xFF, 0xFF, 0xFF, 0xFF, 0xFF, 0xFF, 0xFF, 0xBF, 0xD0, 0xFF, 0x00, 0x45, 0xFF,
        0x40, 0x74, 0xFF, 0x80, 0xA2, 0xFF, 0x00, 0x45, 0xFF, 0x00, 0x45, 0xFF, 0x00, 0x45, 0xFF, 0x61,
        0x74, 0x65, 0x00, 0x45, 0xFF, 0x00, 0x45, 0xFF, 0x00, 0x45, 0xFF, 0x80, 0xA2, 0xFF, 0x40, 0x74,
        0xFF, 0x00, 0x45, 0xFF, 0x00, 0x45, 0xFF, 0xBF, 0xD0, 0xFF, 0xFF, 0xFF, 0xFF, 0xFF, 0xFF, 0xFF,
        0xFF, 0xFF, 0xFF, 0x80, 0xA2, 0xFF, 0x40, 0x74, 0xFF, 0xFF, 0xFF, 0xFF, 0xFF, 0xFF, 0xFF, 0xD7,
        0xD7, 0xD7, 0x08, 0x08, 0x08, 0x00, 0x00, 0x00, 0x00, 0x02, 0x08, 0x00, 0x3A, 0xD7, 0x80, 0xA2,
        0xFF, 0x00, 0x45, 0xFF, 0x00, 0x45, 0xFF, 0x00, 0x45, 0xFF, 0xBF, 0xD0, 0xFF, 0xFF, 0xFF, 0xFF,
        0xFF, 0xFF, 0xFF, 0xFF, 0xFF, 0xFF, 0xBF, 0xD0, 0xFF, 0x00, 0x45, 0xFF, 0x40, 0x74, 0xFF, 0x80,
        0xA2, 0xFF, 0x00, 0x45, 0xFF, 0x00, 0x45, 0xFF, 0x00, 0x45, 0xFF, 0x65, 0x64, 0x4D, 0x00, 0x45,
        0xFF, 0x00, 0x45, 0xFF, 0x00, 0x45, 0xFF, 0x80, 0xA2, 0xFF, 0x40, 0x74, 0xFF, 0x00, 0x45, 0xFF,
        0x00, 0x45, 0xFF, 0x70, 0x97, 0xFF, 0xBF, 0xD0, 0xFF, 0xDF, 0xE8, 0xFF, 0xBF, 0xD0, 0xFF, 0x50,
        0x7F, 0xFF, 0x10, 0x51, 0xFF, 0xAF, 0xC5, 0xFF, 0xBE, 0xCA, 0xEA, 0x24, 0x26, 0x2C, 0x00, 0x00,
        0x00, 0x01, 0x02, 0x08, 0x00, 0x00, 0x00, 0x00, 0x0C, 0x2D, 0x75, 0x95, 0xEA, 0x00, 0x45, 0xFF,
        0x00, 0x45, 0xFF, 0x00, 0x45, 0xFF, 0x50, 0x7F, 0xFF, 0xBF, 0xD0, 0xFF, 0xDF, 0xE8, 0xFF, 0xBF,
        0xD0, 0xFF, 0x70, 0x97, 0xFF, 0x00, 0x45, 0xFF, 0x40, 0x74, 0xFF, 0x80, 0xA2, 0xFF, 0x00, 0x45,
        0xFF, 0x00, 0x45, 0xFF, 0x00, 0x45, 0xFF, 0x4C, 0x6F, 0x63, 0x00, 0x45, 0xFF, 0x00, 0x45, 0xFF,
        0x00, 0x45, 0xFF, 0x80, 0xA2, 0xFF, 0x40, 0x74, 0xFF, 0x00, 0x45, 0xFF, 0x00, 0x45, 0xFF, 0x00,
        0x45, 0xFF, 0x00, 0x45, 0xFF, 0x80, 0xA2, 0xFF, 0x00, 0x45, 0xFF, 0x00, 0x45, 0xFF, 0x00, 0x45,
        0xFF, 0x00, 0x3F, 0xEA, 0x0B, 0x14, 0x2C, 0x00, 0x00, 0x00, 0x00, 0x0C, 0x2C, 0x00, 0x3A, 0xD7,
        0x00, 0x0C, 0x2D, 0x00, 0x00, 0x00, 0x17, 0x1D, 0x2D, 0x00, 0x3F, 0xEA, 0x00, 0x45, 0xFF, 0x00,
        0x45, 0xFF, 0x00, 0x45, 0xFF, 0x00, 0x45, 0xFF, 0x80, 0xA2, 0xFF, 0x00, 0x45, 0xFF, 0x00, 0x45,
        0xFF, 0x00, 0x45, 0xFF, 0x40, 0x74, 0xFF, 0x80, 0xA2, 0xFF, 0x00, 0x45, 0xFF, 0x00, 0x45, 0xFF,
        0x00, 0x45, 0xFF, 0x22, 0x3A, 0x22, 0x00, 0x45, 0xFF, 0x00, 0x45, 0xFF, 0x00, 0x45, 0xFF, 0x80,
        0xA2, 0xFF, 0x40, 0x74, 0xFF, 0x00, 0x45, 0xFF, 0x00, 0x45, 0xFF, 0x00, 0x45, 0xFF, 0x00, 0x45,
        0xFF, 0x80, 0xA2, 0xFF, 0x00, 0x45, 0xFF, 0x00, 0x45, 0xFF, 0x00, 0x3F, 0xEA, 0x00, 0x0C, 0x2C,
        0x00, 0x00, 0x00, 0x0B, 0x14, 0x2C, 0x00, 0x3F, 0xEA, 0x00, 0x45, 0xFF, 0x00, 0x3F, 0xEA, 0x00,
        0x0C, 0x2D, 0x00, 0x00, 0x00, 0x00, 0x0C, 0x2D, 0x00, 0x3F, 0xEA, 0x00, 0x45, 0xFF, 0x00, 0x45,
        0xFF, 0x00, 0x45, 0xFF, 0x80, 0xA2, 0xFF, 0x00, 0x45, 0xFF, 0x00, 0x45, 0xFF, 0x00, 0x45, 0xFF,
        0x40, 0x74, 0xFF, 0x80, 0xA2, 0xFF, 0x00, 0x45, 0xFF, 0x00, 0x45, 0xFF, 0x00, 0x45, 0xFF, 0x22,
        0x2C, 0x22, 0x00, 0x45, 0xFF, 0x00, 0x45, 0xFF, 0x00, 0x45, 0xFF, 0x80, 0xA2, 0xFF, 0x40, 0x74,
        0xFF, 0x00, 0x45, 0xFF, 0x00, 0x45, 0xFF, 0x00, 0x45, 0xFF, 0x00, 0x45, 0xFF, 0x80, 0xA2, 0xFF,
        0x00, 0x45, 0xFF, 0x00, 0x3F, 0xEA, 0x00, 0x0C, 0x2C, 0x00, 0x00, 0x00, 0x0B, 0x14, 0x2C, 0x3B,
        0x6A, 0xEA, 0x00, 0x45, 0xFF, 0x00, 0x45, 0xFF, 0x00, 0x45, 0xFF, 0x00, 0x3F, 0xEA, 0x17, 0x1D,
        0x2D, 0x00, 0x00, 0x00, 0x00, 0x0C, 0x2D, 0x00, 0x3F, 0xEA, 0x00, 0x45, 0xFF, 0x00, 0x45, 0xFF,
        0x80, 0xA2, 0xFF, 0x00, 0x45, 0xFF, 0x00, 0x45, 0xFF, 0x00, 0x45, 0xFF, 0x40, 0x74, 0xFF, 0x80,
        0xA2, 0xFF, 0x00, 0x45, 0xFF, 0x00, 0x45, 0xFF, 0x00, 0x45, 0xFF, 0x6B, 0x74, 0x6F, 0x00, 0x45,
        0xFF, 0x00, 0x45, 0xFF, 0x00, 0x45, 0xFF, 0x80, 0xA2, 0xFF, 0x40, 0x74, 0xFF, 0x00, 0x45, 0xFF,
        0x00, 0x45, 0xFF, 0x00, 0x45, 0xFF, 0x00, 0x45, 0xFF, 0x80, 0xA2, 0xFF, 0x00, 0x3F, 0xEA, 0x00,
        0x0C, 0x2C, 0x00, 0x00, 0x00, 0x00, 0x0C, 0x2C, 0x3B, 0x6A, 0xEA, 0x40, 0x74, 0xFF, 0x00, 0x45,
        0xFF, 0x00, 0x45, 0xFF, 0x00, 0x45, 0xFF, 0x00, 0x45, 0xFF, 0x75, 0x95, 0xEA, 0x00, 0x0C, 0x2D,
        0x00, 0x00, 0x00, 0x00, 0x0C, 0x2D, 0x00, 0x3F, 0xEA, 0x00, 0x45, 0xFF, 0x80, 0xA2, 0xFF, 0x00,
        0x45, 0xFF, 0x00, 0x45, 0xFF, 0x00, 0x45, 0xFF, 0x40, 0x74, 0xFF, 0x80, 0xA2, 0xFF, 0x00, 0x45,
        0xFF, 0x00, 0x45, 0xFF, 0x00, 0x45, 0xFF, 0x74, 0x7C, 0x63, 0x00, 0x45, 0xFF, 0x00, 0x45, 0xFF,
        0x00, 0x45, 0xFF, 0x80, 0xA2, 0xFF, 0x40, 0x74, 0xFF, 0x00, 0x45, 0xFF, 0x00, 0x45, 0xFF, 0x00,
        0x45, 0xFF, 0x00, 0x45, 0xFF, 0x75, 0x95, 0xEA, 0x00, 0x0C, 0x2C, 0x00, 0x00, 0x00, 0x00, 0x0C,
        0x2C, 0x00, 0x3F, 0xEA, 0x40, 0x74, 0xFF, 0x40, 0x74, 0xFF, 0x00, 0x45, 0xFF, 0x00, 0x45, 0xFF,
        0x00, 0x45, 0xFF, 0x00, 0x45, 0xFF, 0x80, 0xA2, 0xFF, 0x00, 0x3F, 0xEA, 0x00, 0x0C, 0x2D, 0x00,
        0x00, 0x00, 0x00, 0x0C, 0x2C, 0x00, 0x3F, 0xEA, 0x80, 0xA2, 0xFF, 0x00, 0x45, 0xFF, 0x00, 0x45,
        0xFF, 0x00, 0x45, 0xFF, 0x40, 0x74, 0xFF, 0x80, 0xA2, 0xFF, 0x00, 0x45, 0xFF, 0x00, 0x45, 0xFF,
        0x00, 0x45, 0xFF, 0x70, 0x2E, 0x51, 0x00, 0x45, 0xFF, 0x00, 0x45, 0xFF, 0x00, 0x45, 0xFF, 0x80,
        0xA2, 0xFF, 0x40, 0x74, 0xFF, 0x00, 0x45, 0xFF, 0x00, 0x45, 0xFF, 0x00, 0x45, 0xFF, 0x00, 0x3F,
        0xEA, 0x16, 0x1C, 0x2C, 0x00, 0x00, 0x00, 0x00, 0x0C, 0x2C, 0x00, 0x3F, 0xEA, 0x00, 0x45, 0xFF,
        0x40, 0x74, 0xFF, 0x40, 0x74, 0xFF, 0x00, 0x45, 0xFF, 0x00, 0x45, 0xFF, 0x00, 0x45, 0xFF, 0x00,
        0x45, 0xFF, 0x80, 0xA2, 0xFF, 0x00, 0x45, 0xFF, 0x00, 0x3F, 0xEA, 0x00, 0x0C, 0x2D, 0x00, 0x00,
        0x00, 0x00, 0x0C, 0x2C, 0x75, 0x95, 0xEA, 0x00, 0x45, 0xFF, 0x00, 0x45, 0xFF, 0x00, 0x45, 0xFF,
        0x40, 0x74, 0xFF, 0x80, 0xA2, 0xFF, 0x00, 0x45, 0xFF, 0x00, 0x45, 0xFF, 0x00, 0x45, 0xFF, 0x70,
        0x2E, 0x73, 0x00, 0x45, 0xFF, 0x00, 0x45, 0xFF, 0x00, 0x45, 0xFF, 0x80, 0xA2, 0xFF, 0x40, 0x74,
        0xFF, 0x00, 0x45, 0xFF, 0x00, 0x45, 0xFF, 0x00, 0x3F, 0xEA, 0x00, 0x0C, 0x2C, 0x00, 0x00, 0x00,
        0x00, 0x0C, 0x2C, 0x00, 0x3F, 0xEA, 0x00, 0x45, 0xFF, 0x00, 0x45, 0xFF, 0x40, 0x74, 0xFF, 0x40,
        0x74, 0xFF, 0x00, 0x45, 0xFF, 0x00, 0x45, 0xFF, 0x00, 0x45, 0xFF, 0x00, 0x45, 0xFF, 0x80, 0xA2,
        0xFF, 0x00, 0x45, 0xFF, 0x00, 0x45, 0xFF, 0x00, 0x3F, 0xEA, 0x00, 0x0C, 0x2D, 0x01, 0x01, 0x01,
        0x16, 0x1C, 0x2C, 0x00, 0x3F, 0xEA, 0x00, 0x45, 0xFF, 0x00, 0x45, 0xFF, 0x40, 0x74, 0xFF, 0x80,
        0xA2, 0xFF, 0x00, 0x45, 0xFF, 0x00, 0x45, 0xFF, 0x00, 0x45, 0xFF, 0x64, 0x6F, 0x62, 0x00, 0x45,
        0xFF, 0x00, 0x45, 0xFF, 0x00, 0x45, 0xFF, 0x80, 0xA2, 0xFF, 0x40, 0x74, 0xFF, 0x00, 0x45, 0xFF,
        0x00, 0x3F, 0xEA, 0x00, 0x0C, 0x2C, 0x00, 0x00, 0x00, 0x16, 0x1C, 0x2C, 0x00, 0x3F, 0xEA, 0x00,
        0x45, 0xFF, 0x00, 0x45, 0xFF, 0x00, 0x45, 0xFF, 0x40, 0x74, 0xFF, 0x40, 0x74, 0xFF, 0x00, 0x45,
        0xFF, 0x00, 0x45, 0xFF, 0x00, 0x45, 0xFF, 0x00, 0x45, 0xFF, 0x80, 0xA2, 0xFF, 0x00, 0x45, 0xFF,
        0x00, 0x45, 0xFF, 0x00, 0x45, 0xFF, 0x00, 0x3F, 0xEA, 0x00, 0x0C, 0x2D, 0x01, 0x01, 0x01, 0x00,
        0x0C, 0x2C, 0x00, 0x3F, 0xEA, 0x00, 0x45, 0xFF, 0x40, 0x74, 0xFF, 0x80, 0xA2, 0xFF, 0x00, 0x45,
        0xFF, 0x00, 0x45, 0xFF, 0x00, 0x45, 0xFF, 0x69, 0x63, 0x2E, 0x00, 0x45, 0xFF, 0x00, 0x45, 0xFF,
        0x00, 0x45, 0xFF, 0x80, 0xA2, 0xFF, 0x40, 0x74, 0xFF, 0x00, 0x3F, 0xEA, 0x00, 0x0C, 0x2C, 0x00,
        0x00, 0x00, 0x00, 0x0C, 0x2C, 0x75, 0x95, 0xEA, 0x00, 0x45, 0xFF, 0x00, 0x45, 0xFF, 0x00, 0x45,
        0xFF, 0x00, 0x45, 0xFF, 0x40, 0x74, 0xFF, 0x40, 0x74, 0xFF, 0x00, 0x45, 0xFF, 0x00, 0x45, 0xFF,
        0x00, 0x45, 0xFF, 0x00, 0x45, 0xFF, 0x80, 0xA2, 0xFF, 0x00, 0x45, 0xFF, 0x00, 0x45, 0xFF, 0x00,
        0x45, 0xFF, 0x00, 0x45, 0xFF, 0x00, 0x3F, 0xEA, 0x17, 0x1D, 0x2D, 0x01, 0x01, 0x01, 0x00, 0x0C,
        0x2C, 0x00, 0x3F, 0xEA, 0x40, 0x74, 0xFF, 0x80, 0xA2, 0xFF, 0x00, 0x45, 0xFF, 0x00, 0x45, 0xFF,
        0x00, 0x45, 0xFF, 0x31, 0x30, 0x31, 0x00, 0x45, 0xFF, 0x00, 0x45, 0xFF, 0x00, 0x45, 0xFF, 0x80,
        0xA2, 0xFF, 0x3B, 0x6A, 0xEA, 0x00, 0x0C, 0x2C, 0x00, 0x00, 0x00, 0x00, 0x0C, 0x2C, 0x00, 0x3F,
        0xEA, 0x80, 0xA2, 0xFF, 0x00, 0x45, 0xFF, 0x00, 0x45, 0xFF, 0x00, 0x45, 0xFF, 0x00, 0x45, 0xFF,
        0x40, 0x74, 0xFF, 0x40, 0x74, 0xFF, 0x00, 0x45, 0xFF, 0x00, 0x45, 0xFF, 0x00, 0x45, 0xFF, 0x00,
        0x45, 0xFF, 0x80, 0xA2, 0xFF, 0x00, 0x45, 0xFF, 0x00, 0x45, 0xFF, 0x00, 0x45, 0xFF, 0x00, 0x45,
        0xFF, 0x00, 0x45, 0xFF, 0x75, 0x95, 0xEA, 0x00, 0x0C, 0x2D, 0x00, 0x00, 0x00, 0x00, 0x0C, 0x2C,
        0x3B, 0x6A, 0xEA, 0x80, 0xA2, 0xFF, 0x00, 0x45, 0xFF, 0x00, 0x45, 0xFF, 0x00, 0x45, 0xFF, 0x22,
        0x65, 0x76, 0x00, 0x45, 0xFF, 0x00, 0x45, 0xFF, 0x00, 0x45, 0xFF, 0x80, 0xA2, 0xFF, 0x10, 0x1E,
        0x41, 0x00, 0x00, 0x00, 0x00, 0x0C, 0x2C, 0x00, 0x3F, 0xEA, 0x00, 0x45, 0xFF, 0x80, 0xA2, 0xFF,
        0x00, 0x45, 0xFF, 0x00, 0x45, 0xFF, 0x00, 0x45, 0xFF, 0x00, 0x45, 0xFF, 0x40, 0x74, 0xFF, 0x40,
        0x74, 0xFF, 0x00, 0x45, 0xFF, 0x00, 0x45, 0xFF, 0x00, 0x45, 0xFF, 0x00, 0x45, 0xFF, 0x80, 0xA2,
        0xFF, 0x00, 0x45, 0xFF, 0x00, 0x45, 0xFF, 0x00, 0x45, 0xFF, 0x00, 0x45, 0xFF, 0x00, 0x45, 0xFF,
        0x80, 0xA2, 0xFF, 0x00, 0x3F, 0xEA, 0x00, 0x0C, 0x2D, 0x00, 0x00, 0x00, 0x10, 0x1E, 0x41, 0x80,
        0xA2, 0xFF, 0x00, 0x45, 0xFF, 0x00, 0x45, 0xFF, 0x00, 0x45, 0xFF, 0x6E, 0x76, 0x22, 0x00, 0x45,
        0xFF, 0x00, 0x45, 0xFF, 0x00, 0x45, 0xFF, 0x80, 0xA2, 0xFF, 0x5D, 0x7D, 0xD3, 0x11, 0x1E, 0x42,
        0x3B, 0x6A, 0xEA, 0x40, 0x74, 0xFF, 0x40, 0x74, 0xFF, 0x9F, 0xB9, 0xFF, 0x40, 0x74, 0xFF, 0x40,
        0x74, 0xFF, 0x40, 0x74, 0xFF, 0x40, 0x74, 0xFF, 0x70, 0x97, 0xFF, 0x70, 0x97, 0xFF, 0x40, 0x74,
        0xFF, 0x40, 0x74, 0xFF, 0x40, 0x74, 0xFF, 0x40, 0x74, 0xFF, 0x9F, 0xB9, 0xFF, 0x40, 0x74, 0xFF,
        0x40, 0x74, 0xFF, 0x40, 0x74, 0xFF, 0x40, 0x74, 0xFF, 0x40, 0x74, 0xFF, 0x9F, 0xB9, 0xFF, 0x40,
        0x74, 0xFF, 0x3B, 0x6A, 0xEA, 0x11, 0x1E, 0x42, 0x5D, 0x7E, 0xD4, 0x80, 0xA2, 0xFF, 0x00, 0x45,
        0xFF, 0x00, 0x45, 0xFF, 0x00, 0x45, 0xFF, 0x2C, 0x22, 0x65, 0x00, 0x45, 0xFF, 0x00, 0x45, 0xFF,
        0x00, 0x45, 0xFF, 0x30, 0x68, 0xFF, 0x80, 0xA2, 0xFF, 0x80, 0xA2, 0xFF, 0x80, 0xA2, 0xFF, 0x80,
        0xA2, 0xFF, 0x80, 0xA2, 0xFF, 0x80, 0xA2, 0xFF, 0x80, 0xA2, 0xFF, 0x80, 0xA2, 0xFF, 0x80, 0xA2,
        0xFF, 0x80, 0xA2, 0xFF, 0x80, 0xA2, 0xFF, 0x80, 0xA2, 0xFF, 0x80, 0xA2, 0xFF, 0x80, 0xA2, 0xFF,
        0x80, 0xA2, 0xFF, 0x80, 0xA2, 0xFF, 0x80, 0xA2, 0xFF, 0x80, 0xA2, 0xFF, 0x80, 0xA2, 0xFF, 0x80,
        0xA2, 0xFF, 0x80, 0xA2, 0xFF, 0x80, 0xA2, 0xFF, 0x80, 0xA2, 0xFF, 0x80, 0xA2, 0xFF, 0x80, 0xA2,
        0xFF, 0x80, 0xA2, 0xFF, 0x80, 0xA2, 0xFF, 0x30, 0x68, 0xFF, 0x00, 0x45, 0xFF, 0x00, 0x45, 0xFF,
        0x00, 0x45, 0xFF, 0x76, 0x61, 0x6C, 0x00, 0x45, 0xFF, 0x00, 0x45, 0xFF, 0x00, 0x45, 0xFF, 0x00,
        0x45, 0xFF, 0x00, 0x45, 0xFF, 0x00, 0x45, 0xFF, 0x00, 0x45, 0xFF, 0x00, 0x45, 0xFF, 0x00, 0x45,
        0xFF, 0x00, 0x45, 0xFF, 0x00, 0x45, 0xFF, 0x00, 0x45, 0xFF, 0x00, 0x45, 0xFF, 0x00, 0x45, 0xFF,
        0x00, 0x45, 0xFF, 0x00, 0x45, 0xFF, 0x00, 0x45, 0xFF, 0x00, 0x45, 0xFF, 0x00, 0x45, 0xFF, 0x00,
        0x45, 0xFF, 0x00, 0x45, 0xFF, 0x00, 0x45, 0xFF, 0x00, 0x45, 0xFF, 0x00, 0x45, 0xFF, 0x00, 0x45,
        0xFF, 0x00, 0x45, 0xFF, 0x00, 0x45, 0xFF, 0x00, 0x45, 0xFF, 0x00, 0x45, 0xFF, 0x00, 0x45, 0xFF,
        0x00, 0x45, 0xFF, 0x00, 0x45, 0xFF, 0x00, 0x45, 0xFF, 0x00, 0x45, 0xFF, 0x00, 0x45, 0xFF, 0x61,
        0x6C, 0x65, 0x00, 0x45, 0xFF, 0x00, 0x45, 0xFF, 0x00, 0x45, 0xFF, 0x00, 0x45, 0xFF, 0x00, 0x45,
        0xFF, 0x00, 0x45, 0xFF, 0x00, 0x45, 0xFF, 0x00, 0x45, 0xFF, 0x00, 0x45, 0xFF, 0x00, 0x45, 0xFF,
        0x00, 0x45, 0xFF, 0x00, 0x45, 0xFF, 0x00, 0x45, 0xFF, 0x00, 0x45, 0xFF, 0x00, 0x45, 0xFF, 0x00,
        0x45, 0xFF, 0x00, 0x45, 0xFF, 0x00, 0x45, 0xFF, 0x00, 0x45, 0xFF, 0x00, 0x45, 0xFF, 0x00, 0x45,
        0xFF, 0x00, 0x45, 0xFF, 0x00, 0x45, 0xFF, 0x00, 0x45, 0xFF, 0x00, 0x45, 0xFF, 0x00, 0x45, 0xFF,
        0x00, 0x45, 0xFF, 0x00, 0x45, 0xFF, 0x00, 0x45, 0xFF, 0x00, 0x45, 0xFF, 0x00, 0x45, 0xFF, 0x00,
        0x45, 0xFF, 0x00, 0x45, 0xFF, 0x00, 0x45, 0xFF, 0x00, 0x45, 0xFF, 0x3A, 0x33, 0x2C, 0x00, 0x45,
        0xFF, 0x00, 0x45, 0xFF, 0x00, 0x45, 0xFF, 0x00, 0x45, 0xFF, 0x00, 0x45, 0xFF, 0x00, 0x45, 0xFF,
        0x00, 0x45, 0xFF, 0x00, 0x45, 0xFF, 0x00, 0x45, 0xFF, 0x00, 0x45, 0xFF, 0x00, 0x45, 0xFF, 0x00,
        0x45, 0xFF, 0x00, 0x45, 0xFF, 0x00, 0x45, 0xFF, 0x00, 0x45, 0xFF, 0x00, 0x45, 0xFF, 0x00, 0x45,
        0xFF, 0x00, 0x45, 0xFF, 0x00, 0x45, 0xFF, 0x00, 0x45, 0xFF, 0x00, 0x45, 0xFF, 0x00, 0x45, 0xFF,
        0x00, 0x45, 0xFF, 0x00, 0x45, 0xFF, 0x00, 0x45, 0xFF, 0x00, 0x45, 0xFF, 0x00, 0x45, 0xFF, 0x00,
        0x45, 0xFF, 0x00, 0x45, 0xFF, 0x00, 0x45, 0xFF, 0x00, 0x45, 0xFF, 0x00, 0x45, 0xFF, 0x00, 0x45,
        0xFF, 0x00, 0x45, 0xFF, 0x00, 0x45, 0xFF, 0x00, 0x00, 0x00, 0x00, 0x00
};
